nom_fr,year,month,date,P,NDVI,LST,ET_PET
Fès-Meknès,2000.0,1.0,2000-01,30.54058004880777,0.0,0.0,0.0
Guelmim-Oued Noun,2000.0,1.0,2000-01,11.782904026443857,0.0,0.0,0.0
Laâyoune-Sakia El Hamra,2000.0,1.0,2000-01,7.380602650086432,0.0,0.0,0.0
Souss-Massa,2000.0,1.0,2000-01,26.395700311894075,0.0,0.0,0.0
Dakhla-Oued Ed-Dahab,2000.0,1.0,2000-01,3.5230370039744816,0.0,0.0,0.0
Tanger-Tétouan-Al Hoceima,2000.0,1.0,2000-01,47.025013303512836,0.0,0.0,0.0
Drâa-Tafilalet,2000.0,1.0,2000-01,24.52566406204519,0.0,0.0,0.0
Marrakech-Safi,2000.0,1.0,2000-01,32.61993626022406,0.0,0.0,0.0
l'Oriental,2000.0,1.0,2000-01,13.415715711732323,0.0,0.0,0.0
Béni Mellal-Khénifra,2000.0,1.0,2000-01,46.66075814664433,0.0,0.0,0.0
Casablanca-Settat,2000.0,1.0,2000-01,41.63979935020513,0.0,0.0,0.0
Rabat-Salé-Kénitra,2000.0,1.0,2000-01,42.09925924906208,0.0,0.0,0.0
Fès-Meknès,2000.0,2.0,2000-02,13.510057988195376,0.30437270016156553,26.830818787406436,0.0
Guelmim-Oued Noun,2000.0,2.0,2000-02,7.201163297598232,0.11934657783768512,26.04676477939212,0.0
Laâyoune-Sakia El Hamra,2000.0,2.0,2000-02,3.595739471332743,0.08685162097072989,25.994617878354592,0.0
Souss-Massa,2000.0,2.0,2000-02,11.354467656207348,0.18544058776273323,28.10610664993324,0.0
Dakhla-Oued Ed-Dahab,2000.0,2.0,2000-02,0.5822631692999837,0.0723,29.08084079889911,0.0
Tanger-Tétouan-Al Hoceima,2000.0,2.0,2000-02,18.82665737156601,0.47667716431794843,23.373757173180174,0.0
Drâa-Tafilalet,2000.0,2.0,2000-02,10.299553160351278,0.14775798136304694,27.53861689385074,0.0
Marrakech-Safi,2000.0,2.0,2000-02,12.736069576672916,0.27146810473352706,28.528328232945015,0.0
l'Oriental,2000.0,2.0,2000-02,5.9720946797340595,0.16469164215774934,26.127380396121413,0.0
Béni Mellal-Khénifra,2000.0,2.0,2000-02,17.35285373497376,0.3408220588595279,26.887279331571666,0.0
Casablanca-Settat,2000.0,2.0,2000-02,12.956957336967742,0.3922429074875502,29.78776753892434,0.0
Rabat-Salé-Kénitra,2000.0,2.0,2000-02,13.284827062327567,0.47685046706902307,26.70807515672846,0.0
Fès-Meknès,2000.0,3.0,2000-03,21.152781965923666,0.2689876041199178,28.18083310400167,0.0
Guelmim-Oued Noun,2000.0,3.0,2000-03,3.14648447338202,0.12310341669778414,34.0942957459004,0.0
Laâyoune-Sakia El Hamra,2000.0,3.0,2000-03,1.9982060986662236,0.11171242589848096,35.31672872193037,0.0
Souss-Massa,2000.0,3.0,2000-03,14.324458254668055,0.18251621041965976,31.582808630623944,0.0
Dakhla-Oued Ed-Dahab,2000.0,3.0,2000-03,1.5417563492815693,0.10930931677018635,36.986401246840046,0.0
Tanger-Tétouan-Al Hoceima,2000.0,3.0,2000-03,36.213547866106495,0.4536268210119231,24.674080434511193,0.0
Drâa-Tafilalet,2000.0,3.0,2000-03,16.683687100605365,0.14924451517549078,30.66748775192934,0.0
Marrakech-Safi,2000.0,3.0,2000-03,18.756448425393682,0.23294837724798678,30.59687284265681,0.0
l'Oriental,2000.0,3.0,2000-03,11.756079956128968,0.15813438090655096,29.089724649902465,0.0
Béni Mellal-Khénifra,2000.0,3.0,2000-03,32.39721640369175,0.30799029702091735,28.97672845861277,0.0
Casablanca-Settat,2000.0,3.0,2000-03,17.19314148944018,0.30826135959474066,32.35467338420937,0.0
Rabat-Salé-Kénitra,2000.0,3.0,2000-03,23.122124550988016,0.3846748157382053,29.81516663781168,0.0
Fès-Meknès,2000.0,4.0,2000-04,44.43480924587047,0.26760622542859785,30.508651614109525,0.0
Guelmim-Oued Noun,2000.0,4.0,2000-04,1.4119687618732455,0.12841219182324068,37.87997036692686,0.0
Laâyoune-Sakia El Hamra,2000.0,4.0,2000-04,1.9813817541747512,0.11170355687291592,38.33973018037949,0.0
Souss-Massa,2000.0,4.0,2000-04,13.13539508170066,0.19189462845512786,37.16794338733924,0.0
Dakhla-Oued Ed-Dahab,2000.0,4.0,2000-04,0.07498857008041046,0.105,40.95994361252852,0.0
Tanger-Tétouan-Al Hoceima,2000.0,4.0,2000-04,119.97577209788616,0.45258109534692714,24.29511461272738,0.0
Drâa-Tafilalet,2000.0,4.0,2000-04,17.887471447266037,0.15001191863915073,37.01031429803123,0.0
Marrakech-Safi,2000.0,4.0,2000-04,35.18966169518877,0.21619908842336066,32.91972780370095,0.0
l'Oriental,2000.0,4.0,2000-04,18.146655992986318,0.14846163442666915,34.29220977957071,0.0
Béni Mellal-Khénifra,2000.0,4.0,2000-04,50.099212752931294,0.2982842065162847,30.24699827393958,0.0
Casablanca-Settat,2000.0,4.0,2000-04,42.7685577925466,0.26345462827378907,34.48872518771611,0.0
Rabat-Salé-Kénitra,2000.0,4.0,2000-04,69.00469771789075,0.3410991442609406,30.648833186020866,0.0
Fès-Meknès,2000.0,5.0,2000-05,41.507175138140944,0.265063391975586,34.90659355364568,0.0
Guelmim-Oued Noun,2000.0,5.0,2000-05,3.4779857917072343,0.12392805717720563,42.144579483061094,0.0
Laâyoune-Sakia El Hamra,2000.0,5.0,2000-05,0.9953079488942808,0.10976819192293444,42.06286946347286,0.0
Souss-Massa,2000.0,5.0,2000-05,8.879328331657343,0.181490759720616,41.92919222323317,0.0
Dakhla-Oued Ed-Dahab,2000.0,5.0,2000-05,6.481295276810612E-4,0.025439130434782613,44.12907114249603,0.0
Tanger-Tétouan-Al Hoceima,2000.0,5.0,2000-05,56.05305315649694,0.4802255959269263,28.735188013484834,0.0
Drâa-Tafilalet,2000.0,5.0,2000-05,28.44228321907691,0.14521303355970197,40.800005844354985,0.0
Marrakech-Safi,2000.0,5.0,2000-05,11.718770745653707,0.19814746178765724,38.114050526945256,0.0
l'Oriental,2000.0,5.0,2000-05,31.0126664990788,0.14147035975865885,38.89684916904089,0.0
Béni Mellal-Khénifra,2000.0,5.0,2000-05,40.139442339184875,0.2756037796959719,35.967400278002685,0.0
Casablanca-Settat,2000.0,5.0,2000-05,10.888281821279469,0.2438202117332269,40.2344940155902,0.0
Rabat-Salé-Kénitra,2000.0,5.0,2000-05,27.335056591616393,0.3244063391442157,37.058669372965,0.0
Fès-Meknès,2000.0,6.0,2000-06,6.267054987973078,0.21338869188133916,41.59044796343015,0.0
Guelmim-Oued Noun,2000.0,6.0,2000-06,0.05867104764863677,0.11454190885162875,44.044142559768765,0.0
Laâyoune-Sakia El Hamra,2000.0,6.0,2000-06,0.01716797255657935,0.10503377176732119,40.30107685968563,0.0
Souss-Massa,2000.0,6.0,2000-06,1.7829502115669056,0.16143099063270158,44.629763831624544,0.0
Dakhla-Oued Ed-Dahab,2000.0,6.0,2000-06,0.03243550291866022,0.06493664596273294,40.81881120806631,0.0
Tanger-Tétouan-Al Hoceima,2000.0,6.0,2000-06,3.34092848846278,0.39225190275311916,35.600436458983616,0.0
Drâa-Tafilalet,2000.0,6.0,2000-06,5.275285909485571,0.13621811630513603,44.690567167648105,0.0
Marrakech-Safi,2000.0,6.0,2000-06,3.167040024459116,0.17676375143156317,42.51681986695567,0.0
l'Oriental,2000.0,6.0,2000-06,6.008741094074346,0.13518236860881905,43.780050025868725,0.0
Béni Mellal-Khénifra,2000.0,6.0,2000-06,5.9293512843971605,0.2312707838145479,42.694612033543656,0.0
Casablanca-Settat,2000.0,6.0,2000-06,0.15369911930324004,0.21685372072913564,43.04074556539887,0.0
Rabat-Salé-Kénitra,2000.0,6.0,2000-06,1.3732536399520905,0.2516196520361087,42.76984117582741,0.0
Fès-Meknès,2000.0,7.0,2000-07,0.17221868697656256,0.19978764529665197,43.94460825257713,0.0
Guelmim-Oued Noun,2000.0,7.0,2000-07,0.0,0.11542124154136199,43.56186687527274,0.0
Laâyoune-Sakia El Hamra,2000.0,7.0,2000-07,0.031091040581237624,0.10644912467580588,40.421062835884904,0.0
Souss-Massa,2000.0,7.0,2000-07,0.0,0.15709410898143436,46.63700591355177,0.0
Dakhla-Oued Ed-Dahab,2000.0,7.0,2000-07,0.014026214126092779,0.035120496894409936,40.144820790301424,0.0
Tanger-Tétouan-Al Hoceima,2000.0,7.0,2000-07,0.01496290294367951,0.35519071876438246,38.30108737670124,0.0
Drâa-Tafilalet,2000.0,7.0,2000-07,0.009024921776204946,0.13116539746379188,47.46915812355698,0.0
Marrakech-Safi,2000.0,7.0,2000-07,4.926669453197386E-4,0.1709769916223044,43.51384956167991,0.0
l'Oriental,2000.0,7.0,2000-07,0.04754625273744629,0.13271091534504864,44.83754386159569,0.0
Béni Mellal-Khénifra,2000.0,7.0,2000-07,0.014818781824345161,0.22092780130472564,44.845842592451206,0.0
Casablanca-Settat,2000.0,7.0,2000-07,0.0,0.2142759776650242,44.2143547476319,0.0
Rabat-Salé-Kénitra,2000.0,7.0,2000-07,0.0,0.24635070161576003,43.35679895939646,0.0
Fès-Meknès,2000.0,8.0,2000-08,5.538994792550781,0.19118279732519516,42.38671583816686,0.0
Guelmim-Oued Noun,2000.0,8.0,2000-08,0.01609134346054844,0.11764774405959978,45.36988773811154,0.0
Laâyoune-Sakia El Hamra,2000.0,8.0,2000-08,0.0247141660092229,0.10754767043349386,42.63596271120709,0.0
Souss-Massa,2000.0,8.0,2000-08,0.2532091216242239,0.15391222420780923,45.381955246704486,0.0
Dakhla-Oued Ed-Dahab,2000.0,8.0,2000-08,4.050726515211797,0.05169192546583851,40.87784968119861,0.0
Tanger-Tétouan-Al Hoceima,2000.0,8.0,2000-08,1.7147043491182694,0.3132275978748031,39.40677641819624,0.0
Drâa-Tafilalet,2000.0,8.0,2000-08,1.950002875825362,0.13191019702863677,45.18370344527625,0.0
Marrakech-Safi,2000.0,8.0,2000-08,0.5265133615715456,0.16920415979712344,41.393977231553336,0.0
l'Oriental,2000.0,8.0,2000-08,1.9566687743073814,0.1320433322066057,43.324881305936756,0.0
Béni Mellal-Khénifra,2000.0,8.0,2000-08,5.572328321173919,0.2148679375298337,41.610575944114366,0.0
Casablanca-Settat,2000.0,8.0,2000-08,0.4741870365715613,0.2073783971741715,42.16267947432672,0.0
Rabat-Salé-Kénitra,2000.0,8.0,2000-08,1.727583878246887,0.22723842580610015,42.49172574354866,0.0
Fès-Meknès,2000.0,9.0,2000-09,15.537652019070322,0.20308398662597602,38.312055350499215,0.0
Guelmim-Oued Noun,2000.0,9.0,2000-09,1.8699705194996978,0.11736279064472352,43.23782247314943,0.0
Laâyoune-Sakia El Hamra,2000.0,9.0,2000-09,3.001006892263313,0.1105856706187477,41.656460160605455,0.0
Souss-Massa,2000.0,9.0,2000-09,3.047376068207005,0.15723910609060276,42.69511253653623,0.0
Dakhla-Oued Ed-Dahab,2000.0,9.0,2000-09,5.7389661693533744,0.12744347826086957,43.12699487037582,0.0
Tanger-Tétouan-Al Hoceima,2000.0,9.0,2000-09,21.013671326876096,0.34116074507069444,34.500515295292786,0.0
Drâa-Tafilalet,2000.0,9.0,2000-09,11.984941958917068,0.13503480088349704,41.71814314908502,0.0
Marrakech-Safi,2000.0,9.0,2000-09,2.859583011704713,0.17490045045045044,40.56247249954617,0.0
l'Oriental,2000.0,9.0,2000-09,14.034979374042386,0.13497210752768923,39.04885082481975,0.0
Béni Mellal-Khénifra,2000.0,9.0,2000-09,8.313260494792296,0.22676159366853124,39.38859070982328,0.0
Casablanca-Settat,2000.0,9.0,2000-09,5.431568818635472,0.2195239685602062,41.43318976205575,0.0
Rabat-Salé-Kénitra,2000.0,9.0,2000-09,11.205938090489472,0.24798662756638198,39.922260920870464,0.0
Fès-Meknès,2000.0,10.0,2000-10,82.96909318234444,0.23008400525087475,27.18576459862072,0.0
Guelmim-Oued Noun,2000.0,10.0,2000-10,3.166924659913653,0.12142637364639017,37.13704088314386,0.0
Laâyoune-Sakia El Hamra,2000.0,10.0,2000-10,0.6661398044863795,0.1131907836235643,36.518285442043066,0.0
Souss-Massa,2000.0,10.0,2000-10,11.669227099656304,0.16158447097780207,34.9420911003142,0.0
Dakhla-Oued Ed-Dahab,2000.0,10.0,2000-10,0.6364790328527229,0.11575962732919255,38.98320045132693,0.0
Tanger-Tétouan-Al Hoceima,2000.0,10.0,2000-10,94.94437972920961,0.39414506153907064,24.23914581096268,0.0
Drâa-Tafilalet,2000.0,10.0,2000-10,35.210101771374354,0.13878881310300864,33.18698445588029,0.0
Marrakech-Safi,2000.0,10.0,2000-10,18.15672984092402,0.18319701000716632,32.235395634238486,0.0
l'Oriental,2000.0,10.0,2000-10,44.49680180115506,0.144961373761567,28.809141634252494,0.0
Béni Mellal-Khénifra,2000.0,10.0,2000-10,56.93612379486381,0.24474358820973527,29.575224922480047,0.0
Casablanca-Settat,2000.0,10.0,2000-10,35.24085735716251,0.24709397390350277,33.90524515279852,0.0
Rabat-Salé-Kénitra,2000.0,10.0,2000-10,64.06324974243704,0.2911183110360298,29.492541186761965,0.0
Fès-Meknès,2000.0,11.0,2000-11,43.723011362127934,0.28196257180683953,18.686004672062843,0.0
Guelmim-Oued Noun,2000.0,11.0,2000-11,7.750873778024463,0.12167414366251063,30.997719850132356,0.0
Laâyoune-Sakia El Hamra,2000.0,11.0,2000-11,3.820950396681456,0.11556535753982959,31.23943861115473,0.0
Souss-Massa,2000.0,11.0,2000-11,15.958730245903466,0.1652638546758474,28.29504954306817,0.0
Dakhla-Oued Ed-Dahab,2000.0,11.0,2000-11,1.955083045799568,0.1105,32.8245502758375,0.0
Tanger-Tétouan-Al Hoceima,2000.0,11.0,2000-11,81.4191630106711,0.4604641318863948,17.676105131726835,0.0
Drâa-Tafilalet,2000.0,11.0,2000-11,26.676794542460996,0.14320737346431953,25.800712908437845,0.0
Marrakech-Safi,2000.0,11.0,2000-11,15.77730803596578,0.1880131104948803,25.429236372566876,0.0
l'Oriental,2000.0,11.0,2000-11,27.68696643237231,0.1612780541746533,19.753781954470114,0.0
Béni Mellal-Khénifra,2000.0,11.0,2000-11,36.55900003173763,0.2709754678530778,21.2186365548037,0.0
Casablanca-Settat,2000.0,11.0,2000-11,20.34465780846735,0.2990468823291881,25.47271137753957,0.0
Rabat-Salé-Kénitra,2000.0,11.0,2000-11,43.066959541524035,0.3857291435629852,21.5466518442922,0.0
Fès-Meknès,2000.0,12.0,2000-12,88.91551119190527,0.33560799333542757,15.045993674648798,0.0
Guelmim-Oued Noun,2000.0,12.0,2000-12,20.31873224179835,0.12841868368564358,26.20112094992444,0.0
Laâyoune-Sakia El Hamra,2000.0,12.0,2000-12,15.212327637497182,0.1141244673953316,28.069945097896092,0.0
Souss-Massa,2000.0,12.0,2000-12,34.492202925808066,0.17235625576696212,23.69229408225419,0.0
Dakhla-Oued Ed-Dahab,2000.0,12.0,2000-12,1.5777827694858975,0.1214245341614907,30.424285059341916,0.0
Tanger-Tétouan-Al Hoceima,2000.0,12.0,2000-12,219.22424463232156,0.49729881655926794,14.691017072460175,0.0
Drâa-Tafilalet,2000.0,12.0,2000-12,42.371671842085576,0.14499538142018856,21.255992624153983,0.0
Marrakech-Safi,2000.0,12.0,2000-12,67.08476428464893,0.19860284959229052,20.765827903715497,0.0
l'Oriental,2000.0,12.0,2000-12,30.68648542228375,0.18243685623661016,16.412441520954502,0.0
Béni Mellal-Khénifra,2000.0,12.0,2000-12,100.62137111716983,0.29427965328690503,16.622279641572927,0.0
Casablanca-Settat,2000.0,12.0,2000-12,104.46162947593865,0.3245223192869386,20.5183891946451,0.0
Rabat-Salé-Kénitra,2000.0,12.0,2000-12,162.8805344580722,0.47028727568294104,17.949069131964738,0.0
Fès-Meknès,2001.0,1.0,2001-01,61.839343344404234,0.3726508610088857,13.368686808635209,0.0
Guelmim-Oued Noun,2001.0,1.0,2001-01,6.342635623351113,0.14816451652565146,26.434819519006197,0.0
Laâyoune-Sakia El Hamra,2001.0,1.0,2001-01,2.6795616324012816,0.11458814838829193,27.56218854742498,0.0
Souss-Massa,2001.0,1.0,2001-01,20.041825295983735,0.19288040853452015,23.616497390036308,0.0
Dakhla-Oued Ed-Dahab,2001.0,1.0,2001-01,0.8750080691722523,0.18560683229813665,29.098998786147273,0.0
Tanger-Tétouan-Al Hoceima,2001.0,1.0,2001-01,120.17579160765462,0.5281916613899006,13.271602796853559,0.0
Drâa-Tafilalet,2001.0,1.0,2001-01,20.12638733219008,0.13158597822025891,21.383554771057575,0.0
Marrakech-Safi,2001.0,1.0,2001-01,36.96192364898567,0.2506745947652195,18.18474284181803,0.0
l'Oriental,2001.0,1.0,2001-01,23.953214726167438,0.20433410345326408,15.74034256050246,0.0
Béni Mellal-Khénifra,2001.0,1.0,2001-01,72.24490722520788,0.31397878520372585,13.824565338262051,0.0
Casablanca-Settat,2001.0,1.0,2001-01,60.190225389743595,0.4553503467533692,16.90799062953949,0.0
Rabat-Salé-Kénitra,2001.0,1.0,2001-01,92.99542724839947,0.5651380453490646,15.974042840610927,0.0
Fès-Meknès,2001.0,2.0,2001-02,23.983489699087297,0.39832802351674057,18.3028701885001,0.0
Guelmim-Oued Noun,2001.0,2.0,2001-02,3.623224850700535,0.15258386096412532,29.556429585420222,0.0
Laâyoune-Sakia El Hamra,2001.0,2.0,2001-02,1.46824310894613,0.11181169877732493,30.950659138191487,0.0
Souss-Massa,2001.0,2.0,2001-02,8.19520227483219,0.2120680102690518,27.542535399043715,0.0
Dakhla-Oued Ed-Dahab,2001.0,2.0,2001-02,1.2972803079592194,0.1127636645962733,32.9731258719668,0.0
Tanger-Tétouan-Al Hoceima,2001.0,2.0,2001-02,55.80694966084755,0.5292015103020117,16.992376418196226,0.0
Drâa-Tafilalet,2001.0,2.0,2001-02,8.353966119202502,0.13865880958660257,25.971038699081326,0.0
Marrakech-Safi,2001.0,2.0,2001-02,10.518490442866257,0.28677099500301784,24.633517367302687,0.0
l'Oriental,2001.0,2.0,2001-02,13.807388298121726,0.20735675664022682,21.256566701309666,0.0
Béni Mellal-Khénifra,2001.0,2.0,2001-02,18.573763069551568,0.3594610321836409,20.513109261154497,0.0
Casablanca-Settat,2001.0,2.0,2001-02,17.25492890837094,0.5293222485071952,22.353817010045674,0.0
Rabat-Salé-Kénitra,2001.0,2.0,2001-02,29.847088992874518,0.5787445112703431,19.186214941135795,0.0
Fès-Meknès,2001.0,3.0,2001-03,27.305969189244433,0.41864517278520796,26.78286815077485,0.0
Guelmim-Oued Noun,2001.0,3.0,2001-03,2.965071083594145,0.13946183070884058,37.36290564902845,0.0
Laâyoune-Sakia El Hamra,2001.0,3.0,2001-03,1.1049137565293286,0.11235176917376806,36.29008396025347,0.0
Souss-Massa,2001.0,3.0,2001-03,16.14525166610701,0.20478490851700035,36.079743165379455,0.0
Dakhla-Oued Ed-Dahab,2001.0,3.0,2001-03,0.4615137177042135,0.10549658385093169,38.03932228029833,0.0
Tanger-Tétouan-Al Hoceima,2001.0,3.0,2001-03,63.72208306927818,0.5449491271160452,23.70867044574854,0.0
Drâa-Tafilalet,2001.0,3.0,2001-03,17.17743239113815,0.1445299715390871,34.95433243192679,0.0
Marrakech-Safi,2001.0,3.0,2001-03,32.52729750521145,0.26716988417235477,32.2432424944565,0.0
l'Oriental,2001.0,3.0,2001-03,13.788389214909218,0.19979981511134376,31.134397224369412,0.0
Béni Mellal-Khénifra,2001.0,3.0,2001-03,34.994480301441335,0.37229431905805194,28.89163079108563,0.0
Casablanca-Settat,2001.0,3.0,2001-03,29.7471335354974,0.47717576924331967,31.104235693680096,0.0
Rabat-Salé-Kénitra,2001.0,3.0,2001-03,47.616394402784884,0.5631925197636987,27.51005341977698,0.0
Fès-Meknès,2001.0,4.0,2001-04,15.893894128144758,0.33324463120455916,31.585107036594316,0.0
Guelmim-Oued Noun,2001.0,4.0,2001-04,1.7529820204806612,0.1295783795845134,40.03335617115479,0.0
Laâyoune-Sakia El Hamra,2001.0,4.0,2001-04,2.4313244435506305,0.10925048165987405,37.88101057641899,0.0
Souss-Massa,2001.0,4.0,2001-04,7.845505988374777,0.17989506318838575,39.41339953414246,0.0
Dakhla-Oued Ed-Dahab,2001.0,4.0,2001-04,0.050574112555704764,0.1235385093167702,40.38818298302441,0.0
Tanger-Tétouan-Al Hoceima,2001.0,4.0,2001-04,19.932902233691053,0.47975779992779727,28.476716444000502,0.0
Drâa-Tafilalet,2001.0,4.0,2001-04,12.297423307191123,0.14171611656886654,38.7605664395148,0.0
Marrakech-Safi,2001.0,4.0,2001-04,12.83281985674504,0.20836969770973424,37.33661753494283,0.0
l'Oriental,2001.0,4.0,2001-04,9.887872035490462,0.16840994859344968,35.27213875960874,0.0
Béni Mellal-Khénifra,2001.0,4.0,2001-04,19.265950927161224,0.3007102773153985,34.78922140925965,0.0
Casablanca-Settat,2001.0,4.0,2001-04,11.114847038682477,0.3162839612288941,36.71207244034351,0.0
Rabat-Salé-Kénitra,2001.0,4.0,2001-04,13.922958160980992,0.415838115736705,33.09463074670754,0.0
Fès-Meknès,2001.0,5.0,2001-05,21.996492079469075,0.26100378635221216,34.73719490316607,0.0
Guelmim-Oued Noun,2001.0,5.0,2001-05,0.8742493160180648,0.12254119345349228,40.140358387734196,0.0
Laâyoune-Sakia El Hamra,2001.0,5.0,2001-05,0.3908254882884574,0.10758452667654689,39.82023238044063,0.0
Souss-Massa,2001.0,5.0,2001-05,2.1929913035481907,0.1643410260228695,42.531412767851975,0.0
Dakhla-Oued Ed-Dahab,2001.0,5.0,2001-05,0.0033034829569366956,0.10272173913043481,41.37110883508978,0.0
Tanger-Tétouan-Al Hoceima,2001.0,5.0,2001-05,40.13300239195942,0.43633214303381684,29.671708145003542,0.0
Drâa-Tafilalet,2001.0,5.0,2001-05,10.109119148660838,0.13638402617524892,42.15792048012445,0.0
Marrakech-Safi,2001.0,5.0,2001-05,9.184931611523767,0.1819212786558692,40.025206592420936,0.0
l'Oriental,2001.0,5.0,2001-05,11.044848928782823,0.14993723443913845,38.81081495709164,0.0
Béni Mellal-Khénifra,2001.0,5.0,2001-05,17.846403672372972,0.2501515290136224,37.35250058808258,0.0
Casablanca-Settat,2001.0,5.0,2001-05,9.113712389820321,0.24125275047312966,40.15083231376723,0.0
Rabat-Salé-Kénitra,2001.0,5.0,2001-05,23.65093605421682,0.32118115010171505,35.70321841437049,0.0
Fès-Meknès,2001.0,6.0,2001-06,4.187322883569008,0.21714628309846518,42.112547576682495,0.0
Guelmim-Oued Noun,2001.0,6.0,2001-06,0.0,0.11394807284219341,44.801732380942866,0.0
Laâyoune-Sakia El Hamra,2001.0,6.0,2001-06,6.176285631296198E-5,0.10086037884401632,41.83698824166044,0.0
Souss-Massa,2001.0,6.0,2001-06,0.2199574675554889,0.15103952263316808,45.70270084460881,0.0
Dakhla-Oued Ed-Dahab,2001.0,6.0,2001-06,7.30025968764711E-4,0.12414223602484471,43.10395683972985,0.0
Tanger-Tétouan-Al Hoceima,2001.0,6.0,2001-06,0.7247554174231146,0.3603086573084838,37.34632598326886,0.0
Drâa-Tafilalet,2001.0,6.0,2001-06,3.1841065399880666,0.12793325003846062,46.0919547052844,0.0
Marrakech-Safi,2001.0,6.0,2001-06,1.4895526638007217,0.16413488115882688,43.65299240814493,0.0
l'Oriental,2001.0,6.0,2001-06,2.911977575654404,0.13725681362962422,45.11080256722886,0.0
Béni Mellal-Khénifra,2001.0,6.0,2001-06,6.397859807300176,0.21978786703058645,43.39030720821181,0.0
Casablanca-Settat,2001.0,6.0,2001-06,0.03212968608270568,0.21048438675435108,43.9527769298443,0.0
Rabat-Salé-Kénitra,2001.0,6.0,2001-06,0.8173484403330941,0.25693762391974667,42.75871113682758,0.0
Fès-Meknès,2001.0,7.0,2001-07,1.1663123792013077,0.1974751584238394,40.58227987840871,0.0
Guelmim-Oued Noun,2001.0,7.0,2001-07,0.010634204124100445,0.11372588912467321,42.11823377609392,0.0
Laâyoune-Sakia El Hamra,2001.0,7.0,2001-07,0.0,0.10446211096702483,38.281600167164335,0.0
Souss-Massa,2001.0,7.0,2001-07,0.05588880019430311,0.14622674906852598,44.36504495654362,0.0
Dakhla-Oued Ed-Dahab,2001.0,7.0,2001-07,0.3491233588223989,0.0693080745341615,38.30858433028064,0.0
Tanger-Tétouan-Al Hoceima,2001.0,7.0,2001-07,0.3766055985704278,0.32390149842193294,38.01278109626666,0.0
Drâa-Tafilalet,2001.0,7.0,2001-07,0.14216614880683767,0.12408658447067096,44.71902552613656,0.0
Marrakech-Safi,2001.0,7.0,2001-07,0.0,0.15982528444359093,40.22381246729955,0.0
l'Oriental,2001.0,7.0,2001-07,0.34385329560233935,0.13575825023541907,42.9782780864627,0.0
Béni Mellal-Khénifra,2001.0,7.0,2001-07,0.09612158095304753,0.20652708713266346,41.428269082133035,0.0
Casablanca-Settat,2001.0,7.0,2001-07,0.004595557635226563,0.2046347605973949,40.289427685823654,0.0
Rabat-Salé-Kénitra,2001.0,7.0,2001-07,0.047139215212233715,0.2431974353210446,40.469258296581174,0.0
Fès-Meknès,2001.0,8.0,2001-08,8.195390945354543,0.20932062965622517,41.41099051302358,0.0
Guelmim-Oued Noun,2001.0,8.0,2001-08,0.2195741136736262,0.11620424366342136,44.693559709350865,0.0
Laâyoune-Sakia El Hamra,2001.0,8.0,2001-08,0.2692314436801114,0.10527665339014454,41.82142346792747,0.0
Souss-Massa,2001.0,8.0,2001-08,1.1359722321515444,0.1504865031185396,45.2882919497622,0.0
Dakhla-Oued Ed-Dahab,2001.0,8.0,2001-08,3.403742954647869,0.05772795031055901,43.232491990002984,0.0
Tanger-Tétouan-Al Hoceima,2001.0,8.0,2001-08,1.6915306677970434,0.3273341532892199,37.842575702334905,0.0
Drâa-Tafilalet,2001.0,8.0,2001-08,6.3761465620917965,0.13006428507065776,44.27809463900988,0.0
Marrakech-Safi,2001.0,8.0,2001-08,0.6447023221777731,0.16526381114779576,42.26370741994389,0.0
l'Oriental,2001.0,8.0,2001-08,4.915909979295435,0.13818157223843316,42.90991405996698,0.0
Béni Mellal-Khénifra,2001.0,8.0,2001-08,3.448176448954132,0.22124433190947715,42.08301367100982,0.0
Casablanca-Settat,2001.0,8.0,2001-08,0.0,0.2102542489884819,42.585790924156555,0.0
Rabat-Salé-Kénitra,2001.0,8.0,2001-08,0.6472702866223073,0.25676451410743734,41.23283965410417,0.0
Fès-Meknès,2001.0,9.0,2001-09,12.859428747710123,0.214891869109595,34.833276777705194,0.0
Guelmim-Oued Noun,2001.0,9.0,2001-09,2.5249025340489895,0.11905513347116085,39.89467347524769,0.0
Laâyoune-Sakia El Hamra,2001.0,9.0,2001-09,1.6339706197352997,0.10902218414227495,40.56161137120959,0.0
Souss-Massa,2001.0,9.0,2001-09,5.919532860849205,0.15759640185360393,39.89539451907623,0.0
Dakhla-Oued Ed-Dahab,2001.0,9.0,2001-09,2.904322392842668,0.09505000000000001,41.83509829981096,0.0
Tanger-Tétouan-Al Hoceima,2001.0,9.0,2001-09,22.913540265034662,0.34213615159340277,31.70010530653014,0.0
Drâa-Tafilalet,2001.0,9.0,2001-09,9.005632245802673,0.13372888321135795,39.881341756855605,0.0
Marrakech-Safi,2001.0,9.0,2001-09,3.6884238007516332,0.17060526602585277,37.559891332899106,0.0
l'Oriental,2001.0,9.0,2001-09,16.14212775244056,0.14221740681799838,36.016321277154496,0.0
Béni Mellal-Khénifra,2001.0,9.0,2001-09,4.042022052062431,0.2274492604310737,36.612066308216356,0.0
Casablanca-Settat,2001.0,9.0,2001-09,3.988824326247524,0.215054000334466,38.99353530290326,0.0
Rabat-Salé-Kénitra,2001.0,9.0,2001-09,8.064635669737335,0.26177309550732736,36.486899762173806,0.0
Fès-Meknès,2001.0,10.0,2001-10,40.49838417960277,0.21607480387756953,29.20694586303269,0.0
Guelmim-Oued Noun,2001.0,10.0,2001-10,4.688616881268382,0.11329006457253696,38.32654165847464,0.0
Laâyoune-Sakia El Hamra,2001.0,10.0,2001-10,3.3476665319172,0.10552474990737314,39.479176611873285,0.0
Souss-Massa,2001.0,10.0,2001-10,12.019077154216582,0.15119422184067133,35.82878661960772,0.0
Dakhla-Oued Ed-Dahab,2001.0,10.0,2001-10,1.0103597679893686,0.13035776397515528,40.92495741973486,0.0
Tanger-Tétouan-Al Hoceima,2001.0,10.0,2001-10,48.92626050562359,0.3823664216280398,26.153923819036933,0.0
Drâa-Tafilalet,2001.0,10.0,2001-10,39.11338607879217,0.1322619280894924,32.514907817998186,0.0
Marrakech-Safi,2001.0,10.0,2001-10,12.636681760862613,0.1635238400170649,33.75921051114228,0.0
l'Oriental,2001.0,10.0,2001-10,26.834248565180012,0.14440916202764728,29.629229916020996,0.0
Béni Mellal-Khénifra,2001.0,10.0,2001-10,33.902515274235746,0.2196619095994027,31.490283827475448,0.0
Casablanca-Settat,2001.0,10.0,2001-10,17.30072082890743,0.2122478166847559,34.50762743212557,0.0
Rabat-Salé-Kénitra,2001.0,10.0,2001-10,26.511046893258825,0.26719243311036794,31.92121379452791,0.0
Fès-Meknès,2001.0,11.0,2001-11,26.44436207251515,0.2231054905304734,20.015602609968926,0.0
Guelmim-Oued Noun,2001.0,11.0,2001-11,10.707264459542557,0.1205229009371669,29.57312567133307,0.0
Laâyoune-Sakia El Hamra,2001.0,11.0,2001-11,5.8576982502295785,0.10984595683586512,31.05490341550067,0.0
Souss-Massa,2001.0,11.0,2001-11,18.355160029820365,0.15700131107139936,26.40080914519654,0.0
Dakhla-Oued Ed-Dahab,2001.0,11.0,2001-11,1.1885978799991377,0.12318850931677021,34.08770682127093,0.0
Tanger-Tétouan-Al Hoceima,2001.0,11.0,2001-11,57.58079207622843,0.39780525429512453,19.513251017605217,0.0
Drâa-Tafilalet,2001.0,11.0,2001-11,19.179477354289922,0.13669835739873842,24.309431810071963,0.0
Marrakech-Safi,2001.0,11.0,2001-11,18.92915085880564,0.172737734872985,25.383127641399643,0.0
l'Oriental,2001.0,11.0,2001-11,27.6824958050081,0.15595961792317026,20.213807356641578,0.0
Béni Mellal-Khénifra,2001.0,11.0,2001-11,29.057125654070102,0.23639480113949296,21.609582919638935,0.0
Casablanca-Settat,2001.0,11.0,2001-11,20.641453503348963,0.23083828453845437,26.822383431880073,0.0
Rabat-Salé-Kénitra,2001.0,11.0,2001-11,33.41813287353389,0.27732533117169167,24.45502489885555,0.0
Fès-Meknès,2001.0,12.0,2001-12,105.32586175490513,0.23929179225383723,14.858984982650789,0.0
Guelmim-Oued Noun,2001.0,12.0,2001-12,33.42866654122513,0.13422750298272296,25.42025087724564,0.0
Laâyoune-Sakia El Hamra,2001.0,12.0,2001-12,16.048477460808538,0.11365382085957762,28.536168839127956,0.0
Souss-Massa,2001.0,12.0,2001-12,55.602013029041395,0.17935735161857363,21.300963258873576,0.0
Dakhla-Oued Ed-Dahab,2001.0,12.0,2001-12,3.221097683880482,0.18185031055900622,32.158412125850795,0.0
Tanger-Tétouan-Al Hoceima,2001.0,12.0,2001-12,251.73547556010567,0.417902574849411,15.025699196737023,0.0
Drâa-Tafilalet,2001.0,12.0,2001-12,50.115409635557725,0.13710505922946745,19.131662014971596,0.0
Marrakech-Safi,2001.0,12.0,2001-12,85.71982688491929,0.19699150823070724,18.874097648900502,0.0
l'Oriental,2001.0,12.0,2001-12,38.064770805945464,0.17211872813961693,15.880928232535897,0.0
Béni Mellal-Khénifra,2001.0,12.0,2001-12,105.87805855195322,0.26161209120228146,15.987503938371015,0.0
Casablanca-Settat,2001.0,12.0,2001-12,132.07361266517506,0.2705430267891377,19.48492146271939,0.0
Rabat-Salé-Kénitra,2001.0,12.0,2001-12,155.16020140554747,0.31146286758028224,18.636090883805373,0.0
Fès-Meknès,2002.0,1.0,2002-01,24.471165993594752,0.26454249136073965,16.84156862827483,0.0
Guelmim-Oued Noun,2002.0,1.0,2002-01,10.903796980381655,0.13431161622601293,25.81187962990731,0.0
Laâyoune-Sakia El Hamra,2002.0,1.0,2002-01,7.805213499985846,0.1123894914783253,27.12215765398962,0.0
Souss-Massa,2002.0,1.0,2002-01,22.41792856446465,0.19694792940530628,22.73169691998475,0.0
Dakhla-Oued Ed-Dahab,2002.0,1.0,2002-01,4.253548153945254,0.0852695652173913,29.20797292719812,0.0
Tanger-Tétouan-Al Hoceima,2002.0,1.0,2002-01,36.55984136012157,0.4586088347147494,15.93888882507181,0.0
Drâa-Tafilalet,2002.0,1.0,2002-01,19.924674913674114,0.13697802828509267,20.571622758458414,0.0
Marrakech-Safi,2002.0,1.0,2002-01,24.004890755939904,0.24718109368801391,21.173846404635565,0.0
l'Oriental,2002.0,1.0,2002-01,13.765506775238894,0.18169356115718344,16.399238671458473,0.0
Béni Mellal-Khénifra,2002.0,1.0,2002-01,48.67849132524018,0.3022432127645253,18.300108894557596,0.0
Casablanca-Settat,2002.0,1.0,2002-01,29.418588384308567,0.42998568672241494,20.416892423839478,0.0
Rabat-Salé-Kénitra,2002.0,1.0,2002-01,35.087826327044,0.41221616513186554,19.415114570423622,0.0
Fès-Meknès,2002.0,2.0,2002-02,24.515009781726235,0.30128090263441304,22.13234743845337,0.0
Guelmim-Oued Noun,2002.0,2.0,2002-02,11.25983197234726,0.13389443346478558,29.94435082992595,0.0
Laâyoune-Sakia El Hamra,2002.0,2.0,2002-02,3.549640687184781,0.11421239347906638,30.810668774257344,0.0
Souss-Massa,2002.0,2.0,2002-02,16.931889908450447,0.20869843617686026,27.489095545963075,0.0
Dakhla-Oued Ed-Dahab,2002.0,2.0,2002-02,1.6568844655631003,0.11889254658385093,31.092718149882078,0.0
Tanger-Tétouan-Al Hoceima,2002.0,2.0,2002-02,30.064874456965914,0.47901605664520325,20.296211037582744,0.0
Drâa-Tafilalet,2002.0,2.0,2002-02,15.63819262453983,0.14037413518384215,26.036540180422747,0.0
Marrakech-Safi,2002.0,2.0,2002-02,18.372813372488658,0.2573499199210086,26.05361417146271,0.0
l'Oriental,2002.0,2.0,2002-02,11.100884735338092,0.1921115680044956,22.863535431925467,0.0
Béni Mellal-Khénifra,2002.0,2.0,2002-02,25.154391177045806,0.3225021074807535,23.20081909969912,0.0
Casablanca-Settat,2002.0,2.0,2002-02,19.562173688480193,0.48090305200128963,24.61088786136632,0.0
Rabat-Salé-Kénitra,2002.0,2.0,2002-02,22.91694722816155,0.47111578668907167,23.983335224097363,0.0
Fès-Meknès,2002.0,3.0,2002-03,42.774401379367355,0.3243966279956912,21.93086345980535,0.0
Guelmim-Oued Noun,2002.0,3.0,2002-03,15.825816355770211,0.13575201823331726,31.432473243870387,0.0
Laâyoune-Sakia El Hamra,2002.0,3.0,2002-03,5.990767127000797,0.10926944238606891,33.00612235717202,0.0
Souss-Massa,2002.0,3.0,2002-03,63.95483216151145,0.22089126473130294,28.237558000984993,0.0
Dakhla-Oued Ed-Dahab,2002.0,3.0,2002-03,1.7801276215682376,0.09178385093167703,35.266503482490705,0.0
Tanger-Tétouan-Al Hoceima,2002.0,3.0,2002-03,114.18077781226862,0.47198373034519286,19.78406033212638,0.0
Drâa-Tafilalet,2002.0,3.0,2002-03,50.94089446914109,0.13725356981165254,28.185198458929143,0.0
Marrakech-Safi,2002.0,3.0,2002-03,91.07680688600634,0.2702422006726478,24.310661559159936,0.0
l'Oriental,2002.0,3.0,2002-03,22.469264008144176,0.18793619471857678,23.987579246344556,0.0
Béni Mellal-Khénifra,2002.0,3.0,2002-03,108.46657551607274,0.3640372624016255,20.228975809695505,0.0
Casablanca-Settat,2002.0,3.0,2002-03,56.58667094096365,0.49668410389652823,23.636842345752314,0.0
Rabat-Salé-Kénitra,2002.0,3.0,2002-03,84.12953448162979,0.4840423506920479,23.852924495492584,0.0
Fès-Meknès,2002.0,4.0,2002-04,78.88110238864924,0.34379489307512817,26.760244800124354,0.0
Guelmim-Oued Noun,2002.0,4.0,2002-04,6.165199494680519,0.14613520660479595,33.454669756881586,0.0
Laâyoune-Sakia El Hamra,2002.0,4.0,2002-04,3.397554382497035,0.11035362171174508,34.333260532574116,0.0
Souss-Massa,2002.0,4.0,2002-04,39.91398123414506,0.23178068209027558,32.05172541504541,0.0
Dakhla-Oued Ed-Dahab,2002.0,4.0,2002-04,0.865937371937476,0.18634099378881988,38.075948492021205,0.0
Tanger-Tétouan-Al Hoceima,2002.0,4.0,2002-04,106.5141748805443,0.5146318777756896,24.952509243767466,0.0
Drâa-Tafilalet,2002.0,4.0,2002-04,35.46701476404815,0.1450112943671568,33.67574354790287,0.0
Marrakech-Safi,2002.0,4.0,2002-04,64.76467324119633,0.26637150410353544,29.342334532796556,0.0
l'Oriental,2002.0,4.0,2002-04,42.424338504402954,0.18728198257035147,30.607823664323828,0.0
Béni Mellal-Khénifra,2002.0,4.0,2002-04,98.79141717748168,0.3888309364405223,26.003013671009853,0.0
Casablanca-Settat,2002.0,4.0,2002-04,76.32000379224044,0.40861275763051336,29.316596913340323,0.0
Rabat-Salé-Kénitra,2002.0,4.0,2002-04,90.97042821281177,0.46187403507337993,28.560091531199923,0.0
Fès-Meknès,2002.0,5.0,2002-05,37.55877618182461,0.3108262486536219,32.207400660895175,0.0
Guelmim-Oued Noun,2002.0,5.0,2002-05,1.8391978281400723,0.15732921884534448,37.62699342468455,0.0
Laâyoune-Sakia El Hamra,2002.0,5.0,2002-05,0.9135812090776638,0.11112698684698039,36.70381659267927,0.0
Souss-Massa,2002.0,5.0,2002-05,5.448301649536055,0.21051069486784166,39.74145761148003,0.0
Dakhla-Oued Ed-Dahab,2002.0,5.0,2002-05,0.008822604959199487,0.11437360248447206,39.81206401999966,0.0
Tanger-Tétouan-Al Hoceima,2002.0,5.0,2002-05,29.46256694573194,0.4850926206807876,28.80117365463851,0.0
Drâa-Tafilalet,2002.0,5.0,2002-05,14.66548904507222,0.14903244785828884,39.04059927302398,0.0
Marrakech-Safi,2002.0,5.0,2002-05,11.556694736015428,0.21541673900617234,35.92709481810513,0.0
l'Oriental,2002.0,5.0,2002-05,23.727008170736042,0.1688389910273354,35.28329668080742,0.0
Béni Mellal-Khénifra,2002.0,5.0,2002-05,24.962026011246596,0.3166111213786519,33.02112647593446,0.0
Casablanca-Settat,2002.0,5.0,2002-05,7.649069108563009,0.28446739569354784,34.86546956646275,0.0
Rabat-Salé-Kénitra,2002.0,5.0,2002-05,17.531967560119426,0.35970226427432905,33.899970271723326,0.0
Fès-Meknès,2002.0,6.0,2002-06,5.294713499342097,0.22661675724800245,38.63110307108295,0.0
Guelmim-Oued Noun,2002.0,6.0,2002-06,0.08283493452116407,0.1364896378837696,40.888110045309126,0.0
Laâyoune-Sakia El Hamra,2002.0,6.0,2002-06,9.477894183797786E-4,0.1085442478695813,38.90780193168998,0.0
Souss-Massa,2002.0,6.0,2002-06,0.3218176501589815,0.17898723282175244,43.873359360381535,0.0
Dakhla-Oued Ed-Dahab,2002.0,6.0,2002-06,0.0,0.13048322981366461,39.21179124049479,0.0
Tanger-Tétouan-Al Hoceima,2002.0,6.0,2002-06,4.22628421595513,0.38481288815037895,33.82777263079039,0.0
Drâa-Tafilalet,2002.0,6.0,2002-06,1.1983578446225964,0.140181020636909,44.321405986895506,0.0
Marrakech-Safi,2002.0,6.0,2002-06,0.3315460572927274,0.18485923391241693,40.73232769905935,0.0
l'Oriental,2002.0,6.0,2002-06,4.061090421003479,0.14921085053493174,40.94809481511986,0.0
Béni Mellal-Khénifra,2002.0,6.0,2002-06,2.5053934551276646,0.2412447598313404,39.37204040203464,0.0
Casablanca-Settat,2002.0,6.0,2002-06,0.0,0.22921936312799068,40.79211934038512,0.0
Rabat-Salé-Kénitra,2002.0,6.0,2002-06,0.6833857445611287,0.26499251349890784,39.02491035956414,0.0
Fès-Meknès,2002.0,7.0,2002-07,0.5513010177856001,0.20700001065882817,41.13862456698341,0.0
Guelmim-Oued Noun,2002.0,7.0,2002-07,6.497089286514696E-4,0.13244651089718482,38.912863308529396,0.0
Laâyoune-Sakia El Hamra,2002.0,7.0,2002-07,0.003511550089254118,0.10955037050759542,37.419603792315655,0.0
Souss-Massa,2002.0,7.0,2002-07,0.05316616216968124,0.17014365225364125,44.052018339645805,0.0
Dakhla-Oued Ed-Dahab,2002.0,7.0,2002-07,0.0696356694442396,0.08224316770186335,38.45497822085028,0.0
Tanger-Tétouan-Al Hoceima,2002.0,7.0,2002-07,0.0,0.3491619440899153,37.32392408540389,0.0
Drâa-Tafilalet,2002.0,7.0,2002-07,0.31002681261313697,0.13529572789609012,44.78504612797014,0.0
Marrakech-Safi,2002.0,7.0,2002-07,0.0,0.17509705618260332,41.13576706565734,0.0
l'Oriental,2002.0,7.0,2002-07,0.04709997647724893,0.14324010672720855,42.93721009923184,0.0
Béni Mellal-Khénifra,2002.0,7.0,2002-07,0.06590456274246353,0.22320918586220823,41.18617301846736,0.0
Casablanca-Settat,2002.0,7.0,2002-07,0.0,0.21809526486027905,42.151476154428494,0.0
Rabat-Salé-Kénitra,2002.0,7.0,2002-07,0.0,0.24603214614920071,41.57944575557667,0.0
Fès-Meknès,2002.0,8.0,2002-08,4.534395607824663,0.21424658401400246,39.415218236170304,0.0
Guelmim-Oued Noun,2002.0,8.0,2002-08,0.21681934525745747,0.13100029736154228,40.17331454156076,0.0
Laâyoune-Sakia El Hamra,2002.0,8.0,2002-08,0.7117559921490508,0.1087683586513524,38.02114486197105,0.0
Souss-Massa,2002.0,8.0,2002-08,0.9574124349512861,0.16825524209561174,42.82722010908717,0.0
Dakhla-Oued Ed-Dahab,2002.0,8.0,2002-08,5.958109720837217,0.06369192546583852,39.843110014410335,0.0
Tanger-Tétouan-Al Hoceima,2002.0,8.0,2002-08,0.47730535721523765,0.3451818591160636,37.10285373954305,0.0
Drâa-Tafilalet,2002.0,8.0,2002-08,4.501114729888735,0.13611626656557013,42.63107247128781,0.0
Marrakech-Safi,2002.0,8.0,2002-08,0.7391683935058175,0.17739608073983051,40.37322062293785,0.0
l'Oriental,2002.0,8.0,2002-08,5.468258486434852,0.14608832563296717,40.125605506769986,0.0
Béni Mellal-Khénifra,2002.0,8.0,2002-08,4.8011465686867325,0.2351798287700573,39.82681381968528,0.0
Casablanca-Settat,2002.0,8.0,2002-08,0.08805666624707646,0.22375806155578046,42.01297769912231,0.0
Rabat-Salé-Kénitra,2002.0,8.0,2002-08,0.1903908942308699,0.2583132105375496,41.382850748104744,0.0
Fès-Meknès,2002.0,9.0,2002-09,7.643147885061767,0.2203472058163539,35.658698555315866,0.0
Guelmim-Oued Noun,2002.0,9.0,2002-09,2.132428787288899,0.1305011639450267,41.491864867521805,0.0
Laâyoune-Sakia El Hamra,2002.0,9.0,2002-09,3.0417490645139758,0.1094314190440904,41.360579944900095,0.0
Souss-Massa,2002.0,9.0,2002-09,5.63065754294024,0.16974457423759312,40.50639684943934,0.0
Dakhla-Oued Ed-Dahab,2002.0,9.0,2002-09,7.984082962029994,0.031872049689441,41.38280931833624,0.0
Tanger-Tétouan-Al Hoceima,2002.0,9.0,2002-09,18.001037412775887,0.3686467345384028,32.43678287759604,0.0
Drâa-Tafilalet,2002.0,9.0,2002-09,14.151572236083295,0.13910514713962327,39.646068899737536,0.0
Marrakech-Safi,2002.0,9.0,2002-09,4.303933504630809,0.17553161454778143,38.55581718684928,0.0
l'Oriental,2002.0,9.0,2002-09,9.39815868303189,0.1466036696564945,37.00439968389829,0.0
Béni Mellal-Khénifra,2002.0,9.0,2002-09,9.336542723222983,0.23817581836040302,36.499567568393296,0.0
Casablanca-Settat,2002.0,9.0,2002-09,4.420733656986971,0.2242435356308151,39.75141669906095,0.0
Rabat-Salé-Kénitra,2002.0,9.0,2002-09,7.36428716904215,0.2625383144189682,37.880987730536546,0.0
Fès-Meknès,2002.0,10.0,2002-10,41.5357398646845,0.23974516134099333,28.45559488622,0.0
Guelmim-Oued Noun,2002.0,10.0,2002-10,4.327911456485279,0.13196209801546477,38.71503315149714,0.0
Laâyoune-Sakia El Hamra,2002.0,10.0,2002-10,1.1721384177469054,0.11155340866987773,38.67965385574095,0.0
Souss-Massa,2002.0,10.0,2002-10,13.29223878239964,0.1740199893128701,36.82532871347174,0.0
Dakhla-Oued Ed-Dahab,2002.0,10.0,2002-10,0.824161682398325,0.13920372670807454,40.169165660802285,0.0
Tanger-Tétouan-Al Hoceima,2002.0,10.0,2002-10,83.04210112673533,0.42009583642424053,24.442898539143513,0.0
Drâa-Tafilalet,2002.0,10.0,2002-10,19.825291017738817,0.14146292960594276,35.25913752365231,0.0
Marrakech-Safi,2002.0,10.0,2002-10,22.514932913716375,0.18031085407734468,33.980711057485294,0.0
l'Oriental,2002.0,10.0,2002-10,17.46235965282211,0.1505528102658418,29.84414845069187,0.0
Béni Mellal-Khénifra,2002.0,10.0,2002-10,30.319337194103245,0.24367526192428693,31.031262396831014,0.0
Casablanca-Settat,2002.0,10.0,2002-10,32.61807338852657,0.24286236583266374,33.12919272186649,0.0
Rabat-Salé-Kénitra,2002.0,10.0,2002-10,69.85149804235891,0.30091000971773174,29.38944561889494,0.0
Fès-Meknès,2002.0,11.0,2002-11,123.92465927663198,0.2722270690467641,20.246165099158805,0.0
Guelmim-Oued Noun,2002.0,11.0,2002-11,11.671466774867126,0.14074092751300094,31.609769289128344,0.0
Laâyoune-Sakia El Hamra,2002.0,11.0,2002-11,3.061538171781373,0.11316255557613929,32.839208131196585,0.0
Souss-Massa,2002.0,11.0,2002-11,40.09129536444031,0.18763212110328575,28.77429327732715,0.0
Dakhla-Oued Ed-Dahab,2002.0,11.0,2002-11,0.9902403640162103,0.11487391304347826,34.39944522293389,0.0
Tanger-Tétouan-Al Hoceima,2002.0,11.0,2002-11,251.28386272494146,0.45762209134936466,18.813798027219388,0.0
Drâa-Tafilalet,2002.0,11.0,2002-11,39.653085843765595,0.1421098507725106,26.762383850677686,0.0
Marrakech-Safi,2002.0,11.0,2002-11,82.9390377134213,0.20518872642585828,24.808436387515663,0.0
l'Oriental,2002.0,11.0,2002-11,43.0596967657657,0.16103982166259045,21.26187726766703,0.0
Béni Mellal-Khénifra,2002.0,11.0,2002-11,110.45266447921486,0.26311953141255534,21.872740602135465,0.0
Casablanca-Settat,2002.0,11.0,2002-11,139.72876955245405,0.2943857860152468,24.527736890562082,0.0
Rabat-Salé-Kénitra,2002.0,11.0,2002-11,241.1544926347535,0.34432006893545114,22.803213045815756,0.0
Fès-Meknès,2002.0,12.0,2002-12,50.504304219369246,0.34900338939502706,14.68128023763658,0.0
Guelmim-Oued Noun,2002.0,12.0,2002-12,32.75897490435246,0.20095939762657208,24.673928680127247,0.0
Laâyoune-Sakia El Hamra,2002.0,12.0,2002-12,24.929743682230406,0.11494316413486483,28.03235502273941,0.0
Souss-Massa,2002.0,12.0,2002-12,55.95245221798089,0.23800409490688015,21.14111219994022,0.0
Dakhla-Oued Ed-Dahab,2002.0,12.0,2002-12,3.659846272635492,0.04064937888198759,31.10102352916047,0.0
Tanger-Tétouan-Al Hoceima,2002.0,12.0,2002-12,90.8427396736712,0.508945279589728,14.81737285553755,0.0
Drâa-Tafilalet,2002.0,12.0,2002-12,34.85870961018589,0.14328356332827843,20.541804488001745,0.0
Marrakech-Safi,2002.0,12.0,2002-12,51.018683910902666,0.29378307486266036,18.4281214590029,0.0
l'Oriental,2002.0,12.0,2002-12,19.29260226080999,0.17605451992137464,16.04894339890151,0.0
Béni Mellal-Khénifra,2002.0,12.0,2002-12,63.411349292440754,0.3258672326903543,15.638329769196726,0.0
Casablanca-Settat,2002.0,12.0,2002-12,45.001976078398485,0.45157600961793376,18.125349325858842,0.0
Rabat-Salé-Kénitra,2002.0,12.0,2002-12,79.08034765245331,0.47109519721156257,17.095954289072772,0.0
Fès-Meknès,2003.0,1.0,2003-01,61.39413382586595,0.38645189749573666,12.454369954266749,0.0
Guelmim-Oued Noun,2003.0,1.0,2003-01,8.140060623676986,0.2294475983387826,24.901687960491422,0.0
Laâyoune-Sakia El Hamra,2003.0,1.0,2003-01,3.274772519125005,0.11277047980733608,26.51261778590853,0.0
Souss-Massa,2003.0,1.0,2003-01,18.899192737967677,0.2859617939486313,21.341042791790045,0.0
Dakhla-Oued Ed-Dahab,2003.0,1.0,2003-01,0.16224675685953255,0.11459378881987578,26.657271199655856,0.0
Tanger-Tétouan-Al Hoceima,2003.0,1.0,2003-01,100.77602201670653,0.5308963995647221,13.258915345236622,0.0
Drâa-Tafilalet,2003.0,1.0,2003-01,17.83670322158428,0.14154955363618382,19.54165161857777,0.0
Marrakech-Safi,2003.0,1.0,2003-01,27.236825012053234,0.3961465519852238,17.067573831057242,0.0
l'Oriental,2003.0,1.0,2003-01,39.66343987280761,0.18486050275218652,14.196912704675496,0.0
Béni Mellal-Khénifra,2003.0,1.0,2003-01,49.18650010057621,0.3918020955472871,12.866606427665877,0.0
Casablanca-Settat,2003.0,1.0,2003-01,40.73804383556342,0.5938431925993307,16.560721095811967,0.0
Rabat-Salé-Kénitra,2003.0,1.0,2003-01,69.4366088115629,0.5610844997570428,15.147536357340751,0.0
Fès-Meknès,2003.0,2.0,2003-02,42.25581215910905,0.40153913798133006,17.614402788952564,0.0
Guelmim-Oued Noun,2003.0,2.0,2003-02,9.034834028559143,0.21609058142606022,28.348388608970097,0.0
Laâyoune-Sakia El Hamra,2003.0,2.0,2003-02,4.711744962038912,0.11469013060392742,28.73581648054116,0.0
Souss-Massa,2003.0,2.0,2003-02,19.704695855034384,0.27232905154440457,26.389850636843995,0.0
Dakhla-Oued Ed-Dahab,2003.0,2.0,2003-02,1.5932389047973903,0.1166245341614907,29.61036188056989,0.0
Tanger-Tétouan-Al Hoceima,2003.0,2.0,2003-02,81.60040217523434,0.5235342531094686,16.018774578599107,0.0
Drâa-Tafilalet,2003.0,2.0,2003-02,25.282943403671446,0.1402368609481112,24.558374724418428,0.0
Marrakech-Safi,2003.0,2.0,2003-02,21.67810354817871,0.3933992923859225,23.154509198851137,0.0
l'Oriental,2003.0,2.0,2003-02,34.76240976313753,0.19209384645456246,19.28473034444353,0.0
Béni Mellal-Khénifra,2003.0,2.0,2003-02,37.42994446621166,0.4345639496101736,18.763988727144994,0.0
Casablanca-Settat,2003.0,2.0,2003-02,28.488990105616175,0.63207894455616,20.642775149866022,0.0
Rabat-Salé-Kénitra,2003.0,2.0,2003-02,41.897156260339365,0.5936213677891604,18.82877437490894,0.0
Fès-Meknès,2003.0,3.0,2003-03,55.737520094526104,0.4124452531191099,22.970661952588944,0.0
Guelmim-Oued Noun,2003.0,3.0,2003-03,6.264695251110956,0.19177867785681116,34.4098403296377,0.0
Laâyoune-Sakia El Hamra,2003.0,3.0,2003-03,2.837538778944903,0.11377072989996295,35.79412319299329,0.0
Souss-Massa,2003.0,3.0,2003-03,36.65557701731724,0.24839771376094255,30.86168408793225,0.0
Dakhla-Oued Ed-Dahab,2003.0,3.0,2003-03,1.1705415482373844,0.09013416149068323,37.840843913935814,0.0
Tanger-Tétouan-Al Hoceima,2003.0,3.0,2003-03,112.53537642061926,0.5222941712920367,20.99234999791902,0.0
Drâa-Tafilalet,2003.0,3.0,2003-03,40.5719502988053,0.14194265532625655,29.545751795258575,0.0
Marrakech-Safi,2003.0,3.0,2003-03,61.942384397956246,0.347430360380538,27.809608352108317,0.0
l'Oriental,2003.0,3.0,2003-03,24.73883859798354,0.2042583709711746,25.888638187200357,0.0
Béni Mellal-Khénifra,2003.0,3.0,2003-03,77.62065987459002,0.4653668541852806,23.052499136969804,0.0
Casablanca-Settat,2003.0,3.0,2003-03,50.68138671437009,0.6017379531438644,24.651503672484015,0.0
Rabat-Salé-Kénitra,2003.0,3.0,2003-03,79.32150682579316,0.6055327057904678,23.477682887750937,0.0
Fès-Meknès,2003.0,4.0,2003-04,46.004976728169,0.4080380317072078,25.584510466274995,0.0
Guelmim-Oued Noun,2003.0,4.0,2003-04,1.99115807431144,0.16376599877958828,37.28502754201287,0.0
Laâyoune-Sakia El Hamra,2003.0,4.0,2003-04,2.254257369240759,0.11268269266394958,37.66140597675135,0.0
Souss-Massa,2003.0,4.0,2003-04,12.279281094597245,0.22038767505285148,36.060727724976296,0.0
Dakhla-Oued Ed-Dahab,2003.0,4.0,2003-04,0.351873987376562,0.07754596273291926,39.2962191746028,0.0
Tanger-Tétouan-Al Hoceima,2003.0,4.0,2003-04,81.00194472848892,0.5389903753685424,23.05277960627631,0.0
Drâa-Tafilalet,2003.0,4.0,2003-04,16.082625104223823,0.147117836970616,36.64068405956996,0.0
Marrakech-Safi,2003.0,4.0,2003-04,38.610866696461144,0.2758992229559671,30.85672080979791,0.0
l'Oriental,2003.0,4.0,2003-04,26.754313636716134,0.20030724682131376,29.925509720158928,0.0
Béni Mellal-Khénifra,2003.0,4.0,2003-04,48.06731245030019,0.44478304346229647,25.887983900285654,0.0
Casablanca-Settat,2003.0,4.0,2003-04,41.371889622090265,0.4358679449110202,29.240703930273995,0.0
Rabat-Salé-Kénitra,2003.0,4.0,2003-04,55.4353552995989,0.5414221286054202,25.853039832094137,0.0
Fès-Meknès,2003.0,5.0,2003-05,25.28148063056979,0.3273091820752181,32.190667218463105,0.0
Guelmim-Oued Noun,2003.0,5.0,2003-05,2.284588244998213,0.14004168389511745,40.820380017572745,0.0
Laâyoune-Sakia El Hamra,2003.0,5.0,2003-05,0.5147585767996959,0.1107338875509448,39.436005784464584,0.0
Souss-Massa,2003.0,5.0,2003-05,3.4574693839859916,0.19200792818599136,41.973016742158805,0.0
Dakhla-Oued Ed-Dahab,2003.0,5.0,2003-05,0.026932537526680782,0.09818167701863355,40.47779807719193,0.0
Tanger-Tétouan-Al Hoceima,2003.0,5.0,2003-05,16.811571055479266,0.49370026688895025,29.688259732800603,0.0
Drâa-Tafilalet,2003.0,5.0,2003-05,8.976420546374486,0.1446890195819873,41.85371475304224,0.0
Marrakech-Safi,2003.0,5.0,2003-05,13.363742120244165,0.21199941038339454,38.88091120412592,0.0
l'Oriental,2003.0,5.0,2003-05,18.560398078562184,0.16750815543934772,37.232874059819004,0.0
Béni Mellal-Khénifra,2003.0,5.0,2003-05,24.864249824985954,0.3216671268190889,34.05417608871649,0.0
Casablanca-Settat,2003.0,5.0,2003-05,9.393570463831715,0.2950948090485264,38.2264473883422,0.0
Rabat-Salé-Kénitra,2003.0,5.0,2003-05,15.590590605024268,0.4169058586849408,34.1915115404943,0.0
Fès-Meknès,2003.0,6.0,2003-06,13.29421430871915,0.24193487624539933,38.679652252736766,0.0
Guelmim-Oued Noun,2003.0,6.0,2003-06,0.5246263670197182,0.12970237388318648,41.828141361227416,0.0
Laâyoune-Sakia El Hamra,2003.0,6.0,2003-06,0.11158938573805459,0.1054197989996295,39.80002991765893,0.0
Souss-Massa,2003.0,6.0,2003-06,4.134566339385454,0.175329671175196,44.66656126801,0.0
Dakhla-Oued Ed-Dahab,2003.0,6.0,2003-06,0.31832975038752515,0.08710496894409939,40.579569929665496,0.0
Tanger-Tétouan-Al Hoceima,2003.0,6.0,2003-06,5.623198725979719,0.39440610048083646,35.02787648894996,0.0
Drâa-Tafilalet,2003.0,6.0,2003-06,6.961179494963976,0.1364924702753787,45.28230016838684,0.0
Marrakech-Safi,2003.0,6.0,2003-06,7.614617617347111,0.18797427024813504,41.05143378927173,0.0
l'Oriental,2003.0,6.0,2003-06,6.5461474488727465,0.14803493908536952,42.47573076766608,0.0
Béni Mellal-Khénifra,2003.0,6.0,2003-06,14.55074446035322,0.25248719171878653,40.01278121801829,0.0
Casablanca-Settat,2003.0,6.0,2003-06,3.7365059938397547,0.23985377035272648,41.191160320805345,0.0
Rabat-Salé-Kénitra,2003.0,6.0,2003-06,7.281579134695956,0.30521951672524833,38.39124218636103,0.0
Fès-Meknès,2003.0,7.0,2003-07,2.631731527696943,0.21763134278790042,40.27758005424122,0.0
Guelmim-Oued Noun,2003.0,7.0,2003-07,0.0,0.12463197114727817,42.20973145010166,0.0
Laâyoune-Sakia El Hamra,2003.0,7.0,2003-07,0.008159005481650296,0.10442645887365691,38.22070379464108,0.0
Souss-Massa,2003.0,7.0,2003-07,0.03447776947428046,0.16231462092123522,43.33354449358959,0.0
Dakhla-Oued Ed-Dahab,2003.0,7.0,2003-07,0.2380262758798878,0.10964937888198757,37.97523112615682,0.0
Tanger-Tétouan-Al Hoceima,2003.0,7.0,2003-07,0.11082410497846375,0.3552549330148509,37.587212860531885,0.0
Drâa-Tafilalet,2003.0,7.0,2003-07,1.5661129296627005,0.1294575086261841,43.995318589678064,0.0
Marrakech-Safi,2003.0,7.0,2003-07,0.08055631355425194,0.17314020363723223,40.997549902298935,0.0
l'Oriental,2003.0,7.0,2003-07,1.4300104061421084,0.14317600365280797,43.473422006122235,0.0
Béni Mellal-Khénifra,2003.0,7.0,2003-07,1.5598544364402556,0.23480052354258715,40.843435013060066,0.0
Casablanca-Settat,2003.0,7.0,2003-07,0.02694808448274616,0.21600905166084802,40.787164903737974,0.0
Rabat-Salé-Kénitra,2003.0,7.0,2003-07,0.1803385181821951,0.27581043091468893,39.9565796535574,0.0
Fès-Meknès,2003.0,8.0,2003-08,5.785879122917683,0.22257403060766554,40.65198052186773,0.0
Guelmim-Oued Noun,2003.0,8.0,2003-08,0.8433835836280745,0.13287069144527713,44.11890489258119,0.0
Laâyoune-Sakia El Hamra,2003.0,8.0,2003-08,1.3501070743766297,0.1099736846980363,41.4274642347445,0.0
Souss-Massa,2003.0,8.0,2003-08,1.5803607710861052,0.16948268567023508,44.50354570877665,0.0
Dakhla-Oued Ed-Dahab,2003.0,8.0,2003-08,8.733595596010803,0.08718198757763974,40.104897563138806,0.0
Tanger-Tétouan-Al Hoceima,2003.0,8.0,2003-08,1.5189663220303453,0.3483654507138406,38.075644874516165,0.0
Drâa-Tafilalet,2003.0,8.0,2003-08,4.717076365637925,0.1344268842443024,43.82989016759596,0.0
Marrakech-Safi,2003.0,8.0,2003-08,1.6056242040444408,0.17738989664159852,42.81925410825071,0.0
l'Oriental,2003.0,8.0,2003-08,3.3783814704472057,0.14467770165194055,42.52654282107332,0.0
Béni Mellal-Khénifra,2003.0,8.0,2003-08,5.515110109064003,0.23843487096557048,41.48835758473738,0.0
Casablanca-Settat,2003.0,8.0,2003-08,0.2822132022829797,0.22576691968218757,43.44700206641165,0.0
Rabat-Salé-Kénitra,2003.0,8.0,2003-08,0.5299640052292247,0.2818212587304615,41.33569493548624,0.0
Fès-Meknès,2003.0,9.0,2003-09,5.069570245563258,0.22565859797145657,35.05694667532173,0.0
Guelmim-Oued Noun,2003.0,9.0,2003-09,5.232511384938003,0.1321312197743148,40.83930124430583,0.0
Laâyoune-Sakia El Hamra,2003.0,9.0,2003-09,6.225142819373977,0.1151139357169322,40.636037743865344,0.0
Souss-Massa,2003.0,9.0,2003-09,5.9251851176784935,0.170233224270138,39.56742349160874,0.0
Dakhla-Oued Ed-Dahab,2003.0,9.0,2003-09,13.000631659496493,0.10757639751552794,40.07483029006825,0.0
Tanger-Tétouan-Al Hoceima,2003.0,9.0,2003-09,8.593046834681148,0.35229121988853,32.10472819744454,0.0
Drâa-Tafilalet,2003.0,9.0,2003-09,13.8863079425306,0.13682448385749765,38.69551474365528,0.0
Marrakech-Safi,2003.0,9.0,2003-09,5.192070173500866,0.17719960316867828,38.52113498410803,0.0
l'Oriental,2003.0,9.0,2003-09,12.77199182814116,0.14624801999891512,35.92705919882242,0.0
Béni Mellal-Khénifra,2003.0,9.0,2003-09,5.268359124488416,0.2422768645276182,37.119188782134565,0.0
Casablanca-Settat,2003.0,9.0,2003-09,2.3974083438702336,0.22799698074036653,39.9178331116886,0.0
Rabat-Salé-Kénitra,2003.0,9.0,2003-09,1.1992165006374942,0.2819059196545338,37.5108548986733,0.0
Fès-Meknès,2003.0,10.0,2003-10,82.26771981533003,0.2433027863297725,24.909501310516475,0.0
Guelmim-Oued Noun,2003.0,10.0,2003-10,14.924506060334423,0.14318186686581838,34.32538260571104,0.0
Laâyoune-Sakia El Hamra,2003.0,10.0,2003-10,8.09794649384423,0.12337578732864021,34.76806190335547,0.0
Souss-Massa,2003.0,10.0,2003-10,53.19251403881078,0.18948599640252065,33.12076334178585,0.0
Dakhla-Oued Ed-Dahab,2003.0,10.0,2003-10,5.978850367355762,0.07326149068322982,36.016605630478224,0.0
Tanger-Tétouan-Al Hoceima,2003.0,10.0,2003-10,121.92849176243006,0.3830735138666191,21.875345963509137,0.0
Drâa-Tafilalet,2003.0,10.0,2003-10,76.67981071531264,0.14097753148282455,31.119900086604453,0.0
Marrakech-Safi,2003.0,10.0,2003-10,59.91498182377395,0.1975373807593861,28.468173299307026,0.0
l'Oriental,2003.0,10.0,2003-10,56.248241372095855,0.1525110882511279,26.375511780929386,0.0
Béni Mellal-Khénifra,2003.0,10.0,2003-10,80.1674602209705,0.2605451534827361,26.39790918579847,0.0
Casablanca-Settat,2003.0,10.0,2003-10,92.17975858702316,0.25245359189951133,28.53970488618988,0.0
Rabat-Salé-Kénitra,2003.0,10.0,2003-10,102.91994570744626,0.30783313989392647,25.803563520556974,0.0
Fès-Meknès,2003.0,11.0,2003-11,85.60045850967741,0.2811462170137334,18.160653574107055,0.0
Guelmim-Oued Noun,2003.0,11.0,2003-11,8.829932834437397,0.18257886820462835,29.344131385231595,0.0
Laâyoune-Sakia El Hamra,2003.0,11.0,2003-11,2.7738793875293055,0.1346502084105224,30.715850288267006,0.0
Souss-Massa,2003.0,11.0,2003-11,28.39918076808226,0.2138033341801276,26.210287176658095,0.0
Dakhla-Oued Ed-Dahab,2003.0,11.0,2003-11,0.5136020630271158,0.06869254658385093,33.056343290651846,0.0
Tanger-Tétouan-Al Hoceima,2003.0,11.0,2003-11,129.88908772947468,0.44420308223750904,17.401723436134397,0.0
Drâa-Tafilalet,2003.0,11.0,2003-11,32.97557176561202,0.14193825784048703,23.555567717364717,0.0
Marrakech-Safi,2003.0,11.0,2003-11,52.72436252922093,0.24070671126912316,22.019602970540213,0.0
l'Oriental,2003.0,11.0,2003-11,35.444410040537754,0.16918562851510888,18.75531317999187,0.0
Béni Mellal-Khénifra,2003.0,11.0,2003-11,67.2213455551786,0.29093977347833,19.076219851222785,0.0
Casablanca-Settat,2003.0,11.0,2003-11,54.30823301251098,0.36055200301063534,22.551821797573524,0.0
Rabat-Salé-Kénitra,2003.0,11.0,2003-11,86.60578698224931,0.3789722884426767,20.827628139123814,0.0
Fès-Meknès,2003.0,12.0,2003-12,95.15276517069428,0.3082505476393504,12.890130726025419,0.0
Guelmim-Oued Noun,2003.0,12.0,2003-12,20.65508018910034,0.24745943177988877,24.62528972709022,0.0
Laâyoune-Sakia El Hamra,2003.0,12.0,2003-12,14.845189216039811,0.1463331094849944,26.363902838075795,0.0
Souss-Massa,2003.0,12.0,2003-12,42.198322853456034,0.2541032637197709,20.84228110771285,0.0
Dakhla-Oued Ed-Dahab,2003.0,12.0,2003-12,3.5904899725927333,0.17066521739130436,28.237422796077855,0.0
Tanger-Tétouan-Al Hoceima,2003.0,12.0,2003-12,163.50507034299065,0.49585025716094283,13.018262954176583,0.0
Drâa-Tafilalet,2003.0,12.0,2003-12,36.07959166578594,0.1392088232126768,18.890129022655398,0.0
Marrakech-Safi,2003.0,12.0,2003-12,39.15617506302334,0.3474865680126276,16.174688452763597,0.0
l'Oriental,2003.0,12.0,2003-12,26.89535479259483,0.18443281933178152,14.124783019019137,0.0
Béni Mellal-Khénifra,2003.0,12.0,2003-12,86.9439204452175,0.34238573813079093,13.04654576096866,0.0
Casablanca-Settat,2003.0,12.0,2003-12,62.57436575576765,0.5270359660752824,16.387403352633513,0.0
Rabat-Salé-Kénitra,2003.0,12.0,2003-12,164.50060596784078,0.48749445019616433,14.969276361350088,0.0
Fès-Meknès,2004.0,1.0,2004-01,20.14318038489397,0.3631154774032852,16.002760655517314,0.0
Guelmim-Oued Noun,2004.0,1.0,2004-01,7.758581072028345,0.24828586553611595,25.26727209109357,0.0
Laâyoune-Sakia El Hamra,2004.0,1.0,2004-01,4.714459410259133,0.14315920711374586,26.527112197794473,0.0
Souss-Massa,2004.0,1.0,2004-01,14.762553804586522,0.2758720646892556,22.869064478039498,0.0
Dakhla-Oued Ed-Dahab,2004.0,1.0,2004-01,3.1038116614053815,0.10387639751552795,28.28731927584245,0.0
Tanger-Tétouan-Al Hoceima,2004.0,1.0,2004-01,29.88611577470109,0.5246957689188252,15.463074316394103,0.0
Drâa-Tafilalet,2004.0,1.0,2004-01,12.961236806817897,0.15028468506186665,21.25019288782505,0.0
Marrakech-Safi,2004.0,1.0,2004-01,15.909042303619787,0.3967015003604533,19.13159247434681,0.0
l'Oriental,2004.0,1.0,2004-01,13.716088090371759,0.19929496579873215,17.156637781073602,0.0
Béni Mellal-Khénifra,2004.0,1.0,2004-01,26.388230788794225,0.38058908194925545,16.920106465853067,0.0
Casablanca-Settat,2004.0,1.0,2004-01,15.253173580322882,0.6056412484143465,18.3267981531873,0.0
Rabat-Salé-Kénitra,2004.0,1.0,2004-01,21.40134349179069,0.5717326217947849,17.185522124216405,0.0
Fès-Meknès,2004.0,2.0,2004-02,42.842507404263934,0.38731006922628114,18.008186224977468,0.0
Guelmim-Oued Noun,2004.0,2.0,2004-02,17.1061056373112,0.21935612573885016,26.326341161063276,0.0
Laâyoune-Sakia El Hamra,2004.0,2.0,2004-02,6.5024062515376135,0.13311599666543164,27.762645289117877,0.0
Souss-Massa,2004.0,2.0,2004-02,45.306239599115635,0.26105713904024336,23.866438980404272,0.0
Dakhla-Oued Ed-Dahab,2004.0,2.0,2004-02,2.375397932900309,0.11243788819875777,30.758111096949957,0.0
Tanger-Tétouan-Al Hoceima,2004.0,2.0,2004-02,80.755167596818,0.538239292602594,16.54157858242815,0.0
Drâa-Tafilalet,2004.0,2.0,2004-02,40.055101021678915,0.14841863816179868,22.47762617441642,0.0
Marrakech-Safi,2004.0,2.0,2004-02,58.224430406922714,0.37281934940273065,21.516698464900575,0.0
l'Oriental,2004.0,2.0,2004-02,21.670831467879445,0.21122650057798772,19.433391303829662,0.0
Béni Mellal-Khénifra,2004.0,2.0,2004-02,80.98125598850645,0.39206367774133166,18.456517741763054,0.0
Casablanca-Settat,2004.0,2.0,2004-02,49.07249034709036,0.5930988677105813,20.60597083836302,0.0
Rabat-Salé-Kénitra,2004.0,2.0,2004-02,67.20662644374106,0.6041054469540108,19.16630357923898,0.0
Fès-Meknès,2004.0,3.0,2004-03,45.02424496988226,0.3949975720312362,23.518729856455916,0.0
Guelmim-Oued Noun,2004.0,3.0,2004-03,10.744331066289062,0.2094971711946376,33.3152033410311,0.0
Laâyoune-Sakia El Hamra,2004.0,3.0,2004-03,5.194729739263889,0.1271379538718044,33.91859016143349,0.0
Souss-Massa,2004.0,3.0,2004-03,40.91173206339412,0.2656382062827407,31.25290659029268,0.0
Dakhla-Oued Ed-Dahab,2004.0,3.0,2004-03,0.35324337920906296,0.08476304347826087,35.65538750937989,0.0
Tanger-Tétouan-Al Hoceima,2004.0,3.0,2004-03,92.09378423115922,0.5371571095813177,21.137911108336464,0.0
Drâa-Tafilalet,2004.0,3.0,2004-03,35.518458488589445,0.15465836695896787,30.40106057201383,0.0
Marrakech-Safi,2004.0,3.0,2004-03,66.83104636594071,0.35132557385160273,26.856044152349636,0.0
l'Oriental,2004.0,3.0,2004-03,39.35114640813251,0.2154038017321004,25.41027322266268,0.0
Béni Mellal-Khénifra,2004.0,3.0,2004-03,63.705038980946995,0.42532747007453836,23.969612797287212,0.0
Casablanca-Settat,2004.0,3.0,2004-03,52.310655928598436,0.5504144184177895,25.076259119831462,0.0
Rabat-Salé-Kénitra,2004.0,3.0,2004-03,59.4901364140209,0.5862674127862091,24.051555779814855,0.0
Fès-Meknès,2004.0,4.0,2004-04,36.498546091133726,0.3901186406067671,26.80797065325553,0.0
Guelmim-Oued Noun,2004.0,4.0,2004-04,2.8260820747754805,0.17981821236987575,35.10488127609663,0.0
Laâyoune-Sakia El Hamra,2004.0,4.0,2004-04,3.237057865042979,0.12442931641348647,36.56136651864847,0.0
Souss-Massa,2004.0,4.0,2004-04,15.680945600677012,0.2467858074331032,34.90581429092219,0.0
Dakhla-Oued Ed-Dahab,2004.0,4.0,2004-04,0.4235453452575414,0.10381397515527951,39.70672988333777,0.0
Tanger-Tétouan-Al Hoceima,2004.0,4.0,2004-04,64.94282750899576,0.5550195671423971,23.194721246930545,0.0
Drâa-Tafilalet,2004.0,4.0,2004-04,18.519939815260724,0.1615937962901915,35.89596122280108,0.0
Marrakech-Safi,2004.0,4.0,2004-04,21.989838721722116,0.2857796346421288,29.75094277812781,0.0
l'Oriental,2004.0,4.0,2004-04,27.289363175119576,0.22639813751987375,30.100851482218964,0.0
Béni Mellal-Khénifra,2004.0,4.0,2004-04,31.107239001511832,0.3941738123141133,26.634300054480413,0.0
Casablanca-Settat,2004.0,4.0,2004-04,32.38644102952226,0.4153021821860209,29.22251268149307,0.0
Rabat-Salé-Kénitra,2004.0,4.0,2004-04,43.798762479318526,0.5196644164702572,26.92023557855862,0.0
Fès-Meknès,2004.0,5.0,2004-05,62.71042264733765,0.34432606464859483,27.67111892822664,0.0
Guelmim-Oued Noun,2004.0,5.0,2004-05,1.4584424698825775,0.15248174027085845,37.34173064255807,0.0
Laâyoune-Sakia El Hamra,2004.0,5.0,2004-05,0.6468746395446876,0.11780257039644317,37.55794103092867,0.0
Souss-Massa,2004.0,5.0,2004-05,7.862951299624648,0.2146229945571557,38.14310819036071,0.0
Dakhla-Oued Ed-Dahab,2004.0,5.0,2004-05,0.0011343801624134544,0.0988,40.83456001074108,0.0
Tanger-Tétouan-Al Hoceima,2004.0,5.0,2004-05,47.270175390968,0.5217944156235943,26.390161651475463,0.0
Drâa-Tafilalet,2004.0,5.0,2004-05,25.681156257947762,0.15585830498230807,36.528798049567094,0.0
Marrakech-Safi,2004.0,5.0,2004-05,17.611952412364058,0.23665283782342517,33.826547097619326,0.0
l'Oriental,2004.0,5.0,2004-05,38.330051924735926,0.1950476187197272,31.75181164735827,0.0
Béni Mellal-Khénifra,2004.0,5.0,2004-05,61.19071955953403,0.3391212467718446,28.65387028579288,0.0
Casablanca-Settat,2004.0,5.0,2004-05,22.362735403670182,0.3131197017652627,33.59249881675774,0.0
Rabat-Salé-Kénitra,2004.0,5.0,2004-05,35.60955272214582,0.4174895412414907,29.944761687806825,0.0
Fès-Meknès,2004.0,6.0,2004-06,8.211210621526316,0.2624271474732965,38.87158504561778,0.0
Guelmim-Oued Noun,2004.0,6.0,2004-06,0.2523162822357677,0.13830773094472623,42.43798515652673,0.0
Laâyoune-Sakia El Hamra,2004.0,6.0,2004-06,0.5258334682689836,0.11519017228603189,40.935874160022685,0.0
Souss-Massa,2004.0,6.0,2004-06,2.223195591918454,0.1839737331663105,44.05863798771481,0.0
Dakhla-Oued Ed-Dahab,2004.0,6.0,2004-06,0.021692402959539902,0.08408633540372672,42.37050326840571,0.0
Tanger-Tétouan-Al Hoceima,2004.0,6.0,2004-06,1.549906115720534,0.42133967938795436,35.21484110375823,0.0
Drâa-Tafilalet,2004.0,6.0,2004-06,5.849588353182535,0.1519545785806905,44.40514261769235,0.0
Marrakech-Safi,2004.0,6.0,2004-06,5.536107029866962,0.1988071831953132,41.34402470823141,0.0
l'Oriental,2004.0,6.0,2004-06,7.550973805206596,0.165733916356262,42.50275950598345,0.0
Béni Mellal-Khénifra,2004.0,6.0,2004-06,9.251741336594417,0.27400864977418227,39.04184268410041,0.0
Casablanca-Settat,2004.0,6.0,2004-06,1.5593128023242901,0.24618846517870654,42.17728025451646,0.0
Rabat-Salé-Kénitra,2004.0,6.0,2004-06,2.1990352383771476,0.31260716997239185,39.849654878626644,0.0
Fès-Meknès,2004.0,7.0,2004-07,3.0765726837122966,0.2306103057400591,40.67707748187586,0.0
Guelmim-Oued Noun,2004.0,7.0,2004-07,0.5163999643792894,0.13192136039490326,44.49654291644316,0.0
Laâyoune-Sakia El Hamra,2004.0,7.0,2004-07,0.11628883066203398,0.11131433401259723,40.750131478836146,0.0
Souss-Massa,2004.0,7.0,2004-07,0.5570272121552422,0.1747744266517161,46.01527195724682,0.0
Dakhla-Oued Ed-Dahab,2004.0,7.0,2004-07,0.7763707731484369,0.10891677018633542,40.08515269259236,0.0
Tanger-Tétouan-Al Hoceima,2004.0,7.0,2004-07,0.4022117728196864,0.3687799354127207,37.05302017730052,0.0
Drâa-Tafilalet,2004.0,7.0,2004-07,1.1724250430042948,0.14224442374892854,45.43270123001488,0.0
Marrakech-Safi,2004.0,7.0,2004-07,0.6711142428024174,0.18890754858044806,42.906245213714506,0.0
l'Oriental,2004.0,7.0,2004-07,1.5289582456391588,0.15501817591289213,43.20884471618588,0.0
Béni Mellal-Khénifra,2004.0,7.0,2004-07,3.003723116057723,0.2509030018787561,41.44806908824296,0.0
Casablanca-Settat,2004.0,7.0,2004-07,0.4746380157906984,0.23254802080954096,43.03374196452326,0.0
Rabat-Salé-Kénitra,2004.0,7.0,2004-07,1.254698338498685,0.28544511315751236,41.3741803424333,0.0
Fès-Meknès,2004.0,8.0,2004-08,4.314778676100839,0.2210999145049813,40.29340875717666,0.0
Guelmim-Oued Noun,2004.0,8.0,2004-08,0.6096173541180593,0.12968894161149003,42.86395978499564,0.0
Laâyoune-Sakia El Hamra,2004.0,8.0,2004-08,0.7887189452428873,0.11143241941459803,41.22311208739474,0.0
Souss-Massa,2004.0,8.0,2004-08,0.2086861725019392,0.16662662222377944,44.47621696411862,0.0
Dakhla-Oued Ed-Dahab,2004.0,8.0,2004-08,2.94208590947101,0.037977950310559005,42.29059896580569,0.0
Tanger-Tétouan-Al Hoceima,2004.0,8.0,2004-08,1.630812209225912,0.35382774600787537,36.91089744037955,0.0
Drâa-Tafilalet,2004.0,8.0,2004-08,2.3261294298139275,0.13994391343047416,44.04521826158416,0.0
Marrakech-Safi,2004.0,8.0,2004-08,0.9907235109942971,0.1812640422024255,41.43487198488038,0.0
l'Oriental,2004.0,8.0,2004-08,3.297714233629725,0.1473198869896173,42.686778872293054,0.0
Béni Mellal-Khénifra,2004.0,8.0,2004-08,4.000179326091292,0.2425592144719289,40.520938258970205,0.0
Casablanca-Settat,2004.0,8.0,2004-08,0.43114502884599276,0.22621670820145573,42.062455633529126,0.0
Rabat-Salé-Kénitra,2004.0,8.0,2004-08,1.2131677779286931,0.2775723737325579,40.303900714389854,0.0
Fès-Meknès,2004.0,9.0,2004-09,9.965732319952828,0.22973332858361004,36.82426298419604,0.0
Guelmim-Oued Noun,2004.0,9.0,2004-09,6.05764531977007,0.13090616808896244,41.276476013622776,0.0
Laâyoune-Sakia El Hamra,2004.0,9.0,2004-09,6.609546608509972,0.11354290477954798,40.14256505050651,0.0
Souss-Massa,2004.0,9.0,2004-09,7.679331915190992,0.17086922909585708,40.15556600562628,0.0
Dakhla-Oued Ed-Dahab,2004.0,9.0,2004-09,9.173964342439055,0.1180226708074534,41.78414000473005,0.0
Tanger-Tétouan-Al Hoceima,2004.0,9.0,2004-09,8.00638552768776,0.3583964204090118,34.405879061056325,0.0
Drâa-Tafilalet,2004.0,9.0,2004-09,11.115249607511306,0.14432606415243626,39.400451693416315,0.0
Marrakech-Safi,2004.0,9.0,2004-09,8.358941819477549,0.18608275778583597,38.38564541445549,0.0
l'Oriental,2004.0,9.0,2004-09,11.808202090454042,0.15629085228023537,37.508014050751335,0.0
Béni Mellal-Khénifra,2004.0,9.0,2004-09,10.244091362034412,0.250753951966268,37.42647014526408,0.0
Casablanca-Settat,2004.0,9.0,2004-09,6.149348702298242,0.2321819775907852,40.574946477893576,0.0
Rabat-Salé-Kénitra,2004.0,9.0,2004-09,6.515582588529514,0.2844933599905542,38.618137073553065,0.0
Fès-Meknès,2004.0,10.0,2004-10,61.37480713605733,0.24469963827304525,28.323953239457907,0.0
Guelmim-Oued Noun,2004.0,10.0,2004-10,10.92631187892065,0.13582412817967368,35.75657247731484,0.0
Laâyoune-Sakia El Hamra,2004.0,10.0,2004-10,3.5411011622192436,0.11513670340866988,37.60803331027542,0.0
Souss-Massa,2004.0,10.0,2004-10,25.962040055720603,0.18038362664540916,33.606250959782734,0.0
Dakhla-Oued Ed-Dahab,2004.0,10.0,2004-10,1.7039816156634902,0.12370341614906834,40.414949692015774,0.0
Tanger-Tétouan-Al Hoceima,2004.0,10.0,2004-10,76.44479787356278,0.3826727415524665,26.05715063054069,0.0
Drâa-Tafilalet,2004.0,10.0,2004-10,33.9883970105285,0.14697843256192175,32.7044054911862,0.0
Marrakech-Safi,2004.0,10.0,2004-10,39.06515637993927,0.20049706404232956,31.210124598250992,0.0
l'Oriental,2004.0,10.0,2004-10,29.72136456318972,0.16466296141231332,29.462475918951107,0.0
Béni Mellal-Khénifra,2004.0,10.0,2004-10,57.58421905468436,0.2763087680378936,28.598706554447322,0.0
Casablanca-Settat,2004.0,10.0,2004-10,71.53345963545324,0.2606003409920588,30.89884033389944,0.0
Rabat-Salé-Kénitra,2004.0,10.0,2004-10,93.44552092039677,0.30801375349644006,29.52401607377173,0.0
Fès-Meknès,2004.0,11.0,2004-11,55.73481260451118,0.2794381965263439,17.134822644379177,0.0
Guelmim-Oued Noun,2004.0,11.0,2004-11,6.109205921931172,0.14281935718904532,28.64857108105318,0.0
Laâyoune-Sakia El Hamra,2004.0,11.0,2004-11,3.475172773304837,0.1173511393108559,30.795762649835563,0.0
Souss-Massa,2004.0,11.0,2004-11,15.372604523966237,0.1859880810133676,26.12803901073021,0.0
Dakhla-Oued Ed-Dahab,2004.0,11.0,2004-11,2.4163699616141248,0.15189565217391304,33.27601927397377,0.0
Tanger-Tétouan-Al Hoceima,2004.0,11.0,2004-11,53.835539822871695,0.4288383676133865,18.433596021142897,0.0
Drâa-Tafilalet,2004.0,11.0,2004-11,28.089181966582288,0.14987457858069056,22.101835448938438,0.0
Marrakech-Safi,2004.0,11.0,2004-11,31.903330202718973,0.21987094366587723,23.238310721493196,0.0
l'Oriental,2004.0,11.0,2004-11,22.956586798747836,0.17628386593248177,18.104530312201955,0.0
Béni Mellal-Khénifra,2004.0,11.0,2004-11,55.35119922275566,0.3147214664700195,18.114238084327503,0.0
Casablanca-Settat,2004.0,11.0,2004-11,40.640858231496495,0.34637696794429945,23.847861161691643,0.0
Rabat-Salé-Kénitra,2004.0,11.0,2004-11,55.98001444968098,0.36835943016216904,21.79934210526322,0.0
Fès-Meknès,2004.0,12.0,2004-12,54.41978676795529,0.3140430921820305,12.436663816652358,0.0
Guelmim-Oued Noun,2004.0,12.0,2004-12,21.061627178863187,0.14983201941729896,23.588686514244248,0.0
Laâyoune-Sakia El Hamra,2004.0,12.0,2004-12,16.432985027527703,0.11651258799555393,24.885596630897712,0.0
Souss-Massa,2004.0,12.0,2004-12,35.11004630619494,0.20220945095600162,20.277749801591106,0.0
Dakhla-Oued Ed-Dahab,2004.0,12.0,2004-12,2.982023605206738,0.09893478260869566,26.520739381287175,0.0
Tanger-Tétouan-Al Hoceima,2004.0,12.0,2004-12,90.10118363828819,0.4785600781617157,13.653310275939587,0.0
Drâa-Tafilalet,2004.0,12.0,2004-12,38.61066057877541,0.14379203907606414,17.363815577809916,0.0
Marrakech-Safi,2004.0,12.0,2004-12,46.52940771342393,0.2715778980630877,17.034244124587545,0.0
l'Oriental,2004.0,12.0,2004-12,28.62779183410023,0.1778901970167857,13.983284537269578,0.0
Béni Mellal-Khénifra,2004.0,12.0,2004-12,65.29351116209963,0.3691609227935326,12.849427788045919,0.0
Casablanca-Settat,2004.0,12.0,2004-12,52.63850538341389,0.4994804653430213,16.956713628086852,0.0
Rabat-Salé-Kénitra,2004.0,12.0,2004-12,76.03044313358635,0.4683350396901084,15.886656332009085,0.0
Fès-Meknès,2005.0,1.0,2005-01,18.778653099193686,0.3173143108787367,14.214565912008082,0.0
Guelmim-Oued Noun,2005.0,1.0,2005-01,7.618990624957441,0.15179866528839053,22.744242669625812,0.0
Laâyoune-Sakia El Hamra,2005.0,1.0,2005-01,6.0415739159962465,0.1144779964801779,23.58020618007787,0.0
Souss-Massa,2005.0,1.0,2005-01,14.722389933046117,0.2078480255089529,20.701112081647636,0.0
Dakhla-Oued Ed-Dahab,2005.0,1.0,2005-01,3.348474723008776,0.0737357142857143,25.84086398692139,0.0
Tanger-Tétouan-Al Hoceima,2005.0,1.0,2005-01,22.13877108045947,0.4769797977699287,15.195826345361484,0.0
Drâa-Tafilalet,2005.0,1.0,2005-01,13.002249466286921,0.13352296400079117,18.027937820306363,0.0
Marrakech-Safi,2005.0,1.0,2005-01,16.814187223464515,0.2782394354991799,19.74154153097073,0.0
l'Oriental,2005.0,1.0,2005-01,13.522428715164702,0.1758768779187612,14.966255753110376,0.0
Béni Mellal-Khénifra,2005.0,1.0,2005-01,24.185363741198856,0.369502676768295,14.780626239173966,0.0
Casablanca-Settat,2005.0,1.0,2005-01,17.487819921272386,0.577694215787843,18.26386136628683,0.0
Rabat-Salé-Kénitra,2005.0,1.0,2005-01,18.31413519272414,0.5261687822145933,16.895129323698836,0.0
Fès-Meknès,2005.0,2.0,2005-02,48.88512536400684,0.3257521756350417,15.082086522093237,0.0
Guelmim-Oued Noun,2005.0,2.0,2005-02,19.746138926783498,0.15384381551744547,22.961098378692398,0.0
Laâyoune-Sakia El Hamra,2005.0,2.0,2005-02,9.642206113697853,0.11331202760281585,25.3109098943097,0.0
Souss-Massa,2005.0,2.0,2005-02,39.63583304305246,0.21316550288791142,21.235463268552035,0.0
Dakhla-Oued Ed-Dahab,2005.0,2.0,2005-02,4.662178510784157,0.06070962732919256,29.91673355692949,0.0
Tanger-Tétouan-Al Hoceima,2005.0,2.0,2005-02,77.35293813051798,0.4616809015805489,15.513882665334856,0.0
Drâa-Tafilalet,2005.0,2.0,2005-02,26.54480263112136,0.13477988736511282,19.786387527992144,0.0
Marrakech-Safi,2005.0,2.0,2005-02,54.53547008082375,0.269308445425652,19.98256187201694,0.0
l'Oriental,2005.0,2.0,2005-02,20.408628012471755,0.1746840893503295,17.309609399303817,0.0
Béni Mellal-Khénifra,2005.0,2.0,2005-02,54.44259561595976,0.37417384918546465,15.174386296403812,0.0
Casablanca-Settat,2005.0,2.0,2005-02,42.37168931420501,0.5200905892093848,20.361554841745647,0.0
Rabat-Salé-Kénitra,2005.0,2.0,2005-02,57.33888748295901,0.5278304989465274,18.462272189519894,0.0
Fès-Meknès,2005.0,3.0,2005-03,50.7854470126446,0.3579040265685305,24.17597920049751,0.0
Guelmim-Oued Noun,2005.0,3.0,2005-03,10.16894838535074,0.1671105465441397,34.37573240426944,0.0
Laâyoune-Sakia El Hamra,2005.0,3.0,2005-03,3.0291256733215532,0.11895495090774359,35.69426451000474,0.0
Souss-Massa,2005.0,3.0,2005-03,32.79453036251959,0.22607895569805087,31.511220561287466,0.0
Dakhla-Oued Ed-Dahab,2005.0,3.0,2005-03,0.22290518408396312,0.07888322981366461,38.35859623480724,0.0
Tanger-Tétouan-Al Hoceima,2005.0,3.0,2005-03,123.1572804009252,0.47624731663773695,21.36638234486208,0.0
Drâa-Tafilalet,2005.0,3.0,2005-03,31.514004687591896,0.13960395090217786,30.50293584325556,0.0
Marrakech-Safi,2005.0,3.0,2005-03,40.494173001006914,0.2714904285677723,28.88333447940803,0.0
l'Oriental,2005.0,3.0,2005-03,31.277736734651665,0.18542849289098182,26.97343744721884,0.0
Béni Mellal-Khénifra,2005.0,3.0,2005-03,61.27385965231015,0.4020078502319378,24.797394076404924,0.0
Casablanca-Settat,2005.0,3.0,2005-03,36.69088578664729,0.49335759474826235,28.43747155103627,0.0
Rabat-Salé-Kénitra,2005.0,3.0,2005-03,67.36995390922888,0.5331366277934454,25.951674351217434,0.0
Fès-Meknès,2005.0,4.0,2005-04,16.298802657550844,0.3219404586661883,31.1002102778379,0.0
Guelmim-Oued Noun,2005.0,4.0,2005-04,1.67028671055235,0.15113999307826126,36.28170488336157,0.0
Laâyoune-Sakia El Hamra,2005.0,4.0,2005-04,2.1024330277645134,0.1162564653575398,36.09690629045592,0.0
Souss-Massa,2005.0,4.0,2005-04,11.14422079435475,0.21302156414434298,37.92007286820716,0.0
Dakhla-Oued Ed-Dahab,2005.0,4.0,2005-04,0.3499815979287628,0.11887329192546585,38.09140141268568,0.0
Tanger-Tétouan-Al Hoceima,2005.0,4.0,2005-04,21.467674457154512,0.46797754863312885,27.90786347026263,0.0
Drâa-Tafilalet,2005.0,4.0,2005-04,15.239955925344862,0.14681184995934152,38.6598989550242,0.0
Marrakech-Safi,2005.0,4.0,2005-04,13.399420072566326,0.21501729167910805,34.45941147996688,0.0
l'Oriental,2005.0,4.0,2005-04,15.298139834616475,0.18470443666448294,34.02026518639976,0.0
Béni Mellal-Khénifra,2005.0,4.0,2005-04,23.154599656319718,0.3104067641335081,32.63222446932553,0.0
Casablanca-Settat,2005.0,4.0,2005-04,9.87337187740901,0.3035519963287783,34.30307802579266,0.0
Rabat-Salé-Kénitra,2005.0,4.0,2005-04,13.777663836661771,0.3920457293482998,32.36757420299365,0.0
Fès-Meknès,2005.0,5.0,2005-05,16.299981202387755,0.24112257001166845,37.39990665327787,0.0
Guelmim-Oued Noun,2005.0,5.0,2005-05,3.8729777762098974,0.1401165238299073,41.34767299427602,0.0
Laâyoune-Sakia El Hamra,2005.0,5.0,2005-05,1.4996560854447396,0.1143744535012968,39.74262934201573,0.0
Souss-Massa,2005.0,5.0,2005-05,7.279808191556271,0.18982386965561135,41.89160328874789,0.0
Dakhla-Oued Ed-Dahab,2005.0,5.0,2005-05,0.04333308054944968,0.11092857142857145,40.08470983284365,0.0
Tanger-Tétouan-Al Hoceima,2005.0,5.0,2005-05,14.511152735876209,0.37782272970045894,33.589831789237145,0.0
Drâa-Tafilalet,2005.0,5.0,2005-05,10.540294181586686,0.14259015571086348,42.07944088521725,0.0
Marrakech-Safi,2005.0,5.0,2005-05,10.015146090588923,0.18661973763911446,39.6329514769059,0.0
l'Oriental,2005.0,5.0,2005-05,11.19621036691881,0.15835210951538492,39.832574185509706,0.0
Béni Mellal-Khénifra,2005.0,5.0,2005-05,17.529460287284767,0.2608105351088699,38.18967207906277,0.0
Casablanca-Settat,2005.0,5.0,2005-05,6.491521706074286,0.23509665607563585,39.997722405221275,0.0
Rabat-Salé-Kénitra,2005.0,5.0,2005-05,11.466328631195239,0.28911135959056516,37.7950706416752,0.0
Fès-Meknès,2005.0,6.0,2005-06,13.259909872541659,0.2138680272192801,42.054940034158115,0.0
Guelmim-Oued Noun,2005.0,6.0,2005-06,0.09239115330319939,0.13410596817821646,43.10564567941971,0.0
Laâyoune-Sakia El Hamra,2005.0,6.0,2005-06,0.11533532275845433,0.11273015005557618,41.508437563227254,0.0
Souss-Massa,2005.0,6.0,2005-06,1.7938994001900075,0.17815013271545446,45.11123465154248,0.0
Dakhla-Oued Ed-Dahab,2005.0,6.0,2005-06,0.2781614321804742,0.10907329192546585,43.02838366062817,0.0
Tanger-Tétouan-Al Hoceima,2005.0,6.0,2005-06,4.892197086197233,0.33484325517909874,38.85954828318139,0.0
Drâa-Tafilalet,2005.0,6.0,2005-06,8.472812312411977,0.13803991143051808,45.178362346151744,0.0
Marrakech-Safi,2005.0,6.0,2005-06,3.5376436888203022,0.1772113158759,42.647347153855264,0.0
l'Oriental,2005.0,6.0,2005-06,9.929396784426123,0.14666412003872478,44.29372630978121,0.0
Béni Mellal-Khénifra,2005.0,6.0,2005-06,14.163565977611347,0.23836919207373058,42.051839797149746,0.0
Casablanca-Settat,2005.0,6.0,2005-06,3.2494595801788257,0.22058718247299897,43.9151007835997,0.0
Rabat-Salé-Kénitra,2005.0,6.0,2005-06,6.355111911050293,0.2527838566641238,43.856966348957634,0.0
Fès-Meknès,2005.0,7.0,2005-07,0.9865027209412763,0.20331118256888955,41.38017059121349,0.0
Guelmim-Oued Noun,2005.0,7.0,2005-07,0.09498340551717886,0.12785329693348757,42.47233071575903,0.0
Laâyoune-Sakia El Hamra,2005.0,7.0,2005-07,0.0784739919460746,0.11141746480177846,39.89984187855042,0.0
Souss-Massa,2005.0,7.0,2005-07,0.10065687483151882,0.16692338437459872,46.18732861292308,0.0
Dakhla-Oued Ed-Dahab,2005.0,7.0,2005-07,0.907684957341681,0.10162018633540373,39.632839774840775,0.0
Tanger-Tétouan-Al Hoceima,2005.0,7.0,2005-07,0.1913875077159631,0.31383072234919374,38.52098157073296,0.0
Drâa-Tafilalet,2005.0,7.0,2005-07,0.32189293465862934,0.13448784521219312,45.91025597985535,0.0
Marrakech-Safi,2005.0,7.0,2005-07,0.14067152716929993,0.1696778650537556,42.526142430034305,0.0
l'Oriental,2005.0,7.0,2005-07,0.6364236182605796,0.14261121268015706,43.272092331571535,0.0
Béni Mellal-Khénifra,2005.0,7.0,2005-07,0.42691852832091987,0.23192449772346177,41.966268287839675,0.0
Casablanca-Settat,2005.0,7.0,2005-07,0.113403961910483,0.20907173051195874,42.732437015365186,0.0
Rabat-Salé-Kénitra,2005.0,7.0,2005-07,0.1435017244790613,0.24340806426709563,41.057455783459744,0.0
Fès-Meknès,2005.0,8.0,2005-08,4.631400725429181,0.20475771598150924,42.33423497072604,0.0
Guelmim-Oued Noun,2005.0,8.0,2005-08,0.3260286988982582,0.12705184245758147,44.180773858914264,0.0
Laâyoune-Sakia El Hamra,2005.0,8.0,2005-08,1.0846921958851117,0.11034168673582812,41.256462338173755,0.0
Souss-Massa,2005.0,8.0,2005-08,1.0974599674971224,0.1647818432671083,45.34621743191189,0.0
Dakhla-Oued Ed-Dahab,2005.0,8.0,2005-08,5.109480017327624,0.09986086956521739,40.67030618942236,0.0
Tanger-Tétouan-Al Hoceima,2005.0,8.0,2005-08,0.7034650550204556,0.3130557534578626,38.71453437382941,0.0
Drâa-Tafilalet,2005.0,8.0,2005-08,4.277895675847298,0.1356900538449705,45.57142228550932,0.0
Marrakech-Safi,2005.0,8.0,2005-08,1.5135773195385616,0.1693322517557687,42.95635661075104,0.0
l'Oriental,2005.0,8.0,2005-08,3.699232808501747,0.14361997428075837,43.88011500381558,0.0
Béni Mellal-Khénifra,2005.0,8.0,2005-08,5.38438763432673,0.2309910079801233,42.853294927215266,0.0
Casablanca-Settat,2005.0,8.0,2005-08,0.0928646189337643,0.20773327609553968,43.485814718579284,0.0
Rabat-Salé-Kénitra,2005.0,8.0,2005-08,0.34537134106230455,0.24284215412489116,42.072711674442424,0.0
Fès-Meknès,2005.0,9.0,2005-09,9.910193558604828,0.21012105690692057,35.40931194212021,0.0
Guelmim-Oued Noun,2005.0,9.0,2005-09,3.570736301185296,0.12972254301040986,39.67918458646996,0.0
Laâyoune-Sakia El Hamra,2005.0,9.0,2005-09,8.148762750450997,0.11316779825861428,39.12694139994176,0.0
Souss-Massa,2005.0,9.0,2005-09,3.960093783388102,0.1685978980517888,39.79101999896769,0.0
Dakhla-Oued Ed-Dahab,2005.0,9.0,2005-09,14.284410372580021,0.06205900621118013,39.552737295950294,0.0
Tanger-Tétouan-Al Hoceima,2005.0,9.0,2005-09,16.69627304599491,0.32301650919128616,33.166540916468975,0.0
Drâa-Tafilalet,2005.0,9.0,2005-09,11.185155786785701,0.13663057086657443,39.81122292645951,0.0
Marrakech-Safi,2005.0,9.0,2005-09,3.2486686492443053,0.17055287289153184,38.08921457935147,0.0
l'Oriental,2005.0,9.0,2005-09,18.574636323658275,0.14703947168918968,35.87866155230764,0.0
Béni Mellal-Khénifra,2005.0,9.0,2005-09,5.9569233838309765,0.2356084250272327,36.80169496082003,0.0
Casablanca-Settat,2005.0,9.0,2005-09,0.5278485841427633,0.2159688035094447,39.986049552959415,0.0
Rabat-Salé-Kénitra,2005.0,9.0,2005-09,3.207666393576487,0.2458314568348592,38.411459305292375,0.0
Fès-Meknès,2005.0,10.0,2005-10,40.93586751004642,0.22307867695898007,27.68776986029326,0.0
Guelmim-Oued Noun,2005.0,10.0,2005-10,18.230603606435892,0.15202645197132933,33.50051018537943,0.0
Laâyoune-Sakia El Hamra,2005.0,10.0,2005-10,7.995941694326546,0.11936834012597262,35.954485868950876,0.0
Souss-Massa,2005.0,10.0,2005-10,36.089052816133616,0.19053739714187246,32.61619507730949,0.0
Dakhla-Oued Ed-Dahab,2005.0,10.0,2005-10,2.1235315357025084,0.09798136645962732,38.721788845018764,0.0
Tanger-Tétouan-Al Hoceima,2005.0,10.0,2005-10,78.92186371753,0.3645985121684427,24.95331830024556,0.0
Drâa-Tafilalet,2005.0,10.0,2005-10,34.55457465115653,0.14287647765983155,33.47980996523608,0.0
Marrakech-Safi,2005.0,10.0,2005-10,37.78530009188828,0.17966065314306442,31.217412099274323,0.0
l'Oriental,2005.0,10.0,2005-10,16.559134402694554,0.15083816843273837,29.86928666680643,0.0
Béni Mellal-Khénifra,2005.0,10.0,2005-10,45.33035621199895,0.24841252799774802,28.941824563011405,0.0
Casablanca-Settat,2005.0,10.0,2005-10,42.45555197295661,0.22126972877926201,33.54106993746208,0.0
Rabat-Salé-Kénitra,2005.0,10.0,2005-10,56.20848585124216,0.26466982799331606,30.390654826991334,0.0
Fès-Meknès,2005.0,11.0,2005-11,75.6776505233782,0.24528491843191783,18.328431347216497,0.0
Guelmim-Oued Noun,2005.0,11.0,2005-11,11.392792231760785,0.16308156312899044,29.43218716572192,0.0
Laâyoune-Sakia El Hamra,2005.0,11.0,2005-11,4.441935422126881,0.1299787282326788,30.896427588356175,0.0
Souss-Massa,2005.0,11.0,2005-11,23.196761324730033,0.2015132211749041,26.55216190646719,0.0
Dakhla-Oued Ed-Dahab,2005.0,11.0,2005-11,1.3773388843628902,0.12466521739130437,33.64125687605682,0.0
Tanger-Tétouan-Al Hoceima,2005.0,11.0,2005-11,105.9758797822167,0.4230782272621624,18.137544570691322,0.0
Drâa-Tafilalet,2005.0,11.0,2005-11,37.973371760725655,0.1437503068064438,23.741928492484366,0.0
Marrakech-Safi,2005.0,11.0,2005-11,32.72704068949179,0.19012073778026115,23.716994127256953,0.0
l'Oriental,2005.0,11.0,2005-11,35.074491096327066,0.1551959125704039,19.028439908849812,0.0
Béni Mellal-Khénifra,2005.0,11.0,2005-11,61.38712768094143,0.26861227510005753,19.135578062229857,0.0
Casablanca-Settat,2005.0,11.0,2005-11,57.08502234916772,0.24225177144558635,24.461672606747555,0.0
Rabat-Salé-Kénitra,2005.0,11.0,2005-11,127.41527366551536,0.29184374659425305,22.878253640290165,0.0
Fès-Meknès,2005.0,12.0,2005-12,43.12008958347019,0.29595244951081573,13.5511766357647,0.0
Guelmim-Oued Noun,2005.0,12.0,2005-12,33.982832415804864,0.16775624140474862,22.787837282743567,0.0
Laâyoune-Sakia El Hamra,2005.0,12.0,2005-12,26.202605744183387,0.1395633799555391,24.972705179142558,0.0
Souss-Massa,2005.0,12.0,2005-12,49.950540674758585,0.2145557149406354,20.539307338009092,0.0
Dakhla-Oued Ed-Dahab,2005.0,12.0,2005-12,3.687388189528088,0.14250652173913042,30.281246420974536,0.0
Tanger-Tétouan-Al Hoceima,2005.0,12.0,2005-12,61.54431181740503,0.49540377105543054,13.784029425229981,0.0
Drâa-Tafilalet,2005.0,12.0,2005-12,35.30199056736885,0.14301082690490316,18.244472595182973,0.0
Marrakech-Safi,2005.0,12.0,2005-12,63.11877036212037,0.24920875263652884,18.301974021120504,0.0
l'Oriental,2005.0,12.0,2005-12,16.493333790393443,0.16360259065879731,14.18683804465616,0.0
Béni Mellal-Khénifra,2005.0,12.0,2005-12,68.53783332790346,0.3321854361222965,15.315393022438817,0.0
Casablanca-Settat,2005.0,12.0,2005-12,74.53381248835449,0.42055367450321424,18.72109061521783,0.0
Rabat-Salé-Kénitra,2005.0,12.0,2005-12,74.83260000970144,0.42519912681006417,16.865564639828484,0.0
Fès-Meknès,2006.0,1.0,2006-01,120.64258430580301,0.35191844291356206,10.722761317252832,0.0
Guelmim-Oued Noun,2006.0,1.0,2006-01,30.216211555101737,0.1876834602318785,20.199709417602246,0.0
Laâyoune-Sakia El Hamra,2006.0,1.0,2006-01,13.40980780707177,0.15771030011115228,22.431043604180516,0.0
Souss-Massa,2006.0,1.0,2006-01,60.08031360851734,0.2393778628952194,17.956543193447043,0.0
Dakhla-Oued Ed-Dahab,2006.0,1.0,2006-01,6.677996150468125,0.12208322981366461,25.571934230635396,0.0
Tanger-Tétouan-Al Hoceima,2006.0,1.0,2006-01,134.24590805045955,0.5534364230727367,12.8140392558372,0.0
Drâa-Tafilalet,2006.0,1.0,2006-01,52.68674774138375,0.129569508252566,14.770291682499142,0.0
Marrakech-Safi,2006.0,1.0,2006-01,94.85043389482396,0.32885478292768244,13.887401823753635,0.0
l'Oriental,2006.0,1.0,2006-01,68.90383309443584,0.18251096174553202,11.576643043930181,0.0
Béni Mellal-Khénifra,2006.0,1.0,2006-01,141.43376399809785,0.35877476852135165,10.094390868681966,0.0
Casablanca-Settat,2006.0,1.0,2006-01,104.29294900591182,0.5688657668038528,14.632658919328144,0.0
Rabat-Salé-Kénitra,2006.0,1.0,2006-01,125.64794111160852,0.553874536154098,14.43832655999422,0.0
Fès-Meknès,2006.0,2.0,2006-02,77.88595700695168,0.3640860150569971,14.51900926289669,0.0
Guelmim-Oued Noun,2006.0,2.0,2006-02,16.11504976313701,0.23430533110501914,22.97387896121232,0.0
Laâyoune-Sakia El Hamra,2006.0,2.0,2006-02,8.204307232235236,0.21634348832901074,26.03631789824229,0.0
Souss-Massa,2006.0,2.0,2006-02,34.957836876552584,0.27502391447810287,22.285748721902813,0.0
Dakhla-Oued Ed-Dahab,2006.0,2.0,2006-02,2.707506209193403,0.11145000000000001,29.54006052972544,0.0
Tanger-Tétouan-Al Hoceima,2006.0,2.0,2006-02,115.7282130327153,0.5597289082088328,13.942113697090782,0.0
Drâa-Tafilalet,2006.0,2.0,2006-02,32.69523069835989,0.12579033361904152,21.084026934182543,0.0
Marrakech-Safi,2006.0,2.0,2006-02,51.8188801477684,0.41142086552795626,17.434529817517895,0.0
l'Oriental,2006.0,2.0,2006-02,31.833592262175987,0.1918985900652913,17.37749192793766,0.0
Béni Mellal-Khénifra,2006.0,2.0,2006-02,82.44776340949869,0.4037518450974872,13.919982077484363,0.0
Casablanca-Settat,2006.0,2.0,2006-02,70.37816520811243,0.6447995203269613,17.098281543466285,0.0
Rabat-Salé-Kénitra,2006.0,2.0,2006-02,103.59833809158972,0.6044622321221785,16.18969904201297,0.0
Fès-Meknès,2006.0,3.0,2006-03,53.35745621063973,0.40295322322951177,25.16991396387975,0.0
Guelmim-Oued Noun,2006.0,3.0,2006-03,2.7156401086954167,0.24932461179063545,36.975516133654565,0.0
Laâyoune-Sakia El Hamra,2006.0,3.0,2006-03,1.6419909410811306,0.22930933216005925,38.298192272761945,0.0
Souss-Massa,2006.0,3.0,2006-03,13.760808829115195,0.2831043567574187,34.53764283018134,0.0
Dakhla-Oued Ed-Dahab,2006.0,3.0,2006-03,0.01143099787039699,0.07084596273291925,39.00744901443469,0.0
Tanger-Tétouan-Al Hoceima,2006.0,3.0,2006-03,98.84111906633925,0.5653764377056067,21.89666783202232,0.0
Drâa-Tafilalet,2006.0,3.0,2006-03,23.471749354192365,0.14700911968967725,34.46629365665668,0.0
Marrakech-Safi,2006.0,3.0,2006-03,24.176221165511578,0.4418346125295953,27.92788172295605,0.0
l'Oriental,2006.0,3.0,2006-03,17.209523918419645,0.20639060511303955,30.027447076982636,0.0
Béni Mellal-Khénifra,2006.0,3.0,2006-03,55.462984753120104,0.459224540561546,24.35471616234136,0.0
Casablanca-Settat,2006.0,3.0,2006-03,36.6941047004188,0.6459184132493657,23.45348613867468,0.0
Rabat-Salé-Kénitra,2006.0,3.0,2006-03,65.56616414035618,0.6232478544572797,22.575749160166733,0.0
Fès-Meknès,2006.0,4.0,2006-04,37.360430850247546,0.3983474717260569,28.399078997215078,0.0
Guelmim-Oued Noun,2006.0,4.0,2006-04,2.6138961729125247,0.18957908496434397,37.14598118767789,0.0
Laâyoune-Sakia El Hamra,2006.0,4.0,2006-04,2.2660682509709407,0.17635647925157472,36.945654451638596,0.0
Souss-Massa,2006.0,4.0,2006-04,21.2916031286959,0.2351372098218197,36.505256533512245,0.0
Dakhla-Oued Ed-Dahab,2006.0,4.0,2006-04,0.15856729360310504,0.09717981366459628,38.2013359991294,0.0
Tanger-Tétouan-Al Hoceima,2006.0,4.0,2006-04,52.234411933558164,0.5462628942201654,26.196014267282646,0.0
Drâa-Tafilalet,2006.0,4.0,2006-04,23.733332123830866,0.15746175106041638,36.210484387085394,0.0
Marrakech-Safi,2006.0,4.0,2006-04,34.2582056566671,0.2897009623506823,31.64744106435456,0.0
l'Oriental,2006.0,4.0,2006-04,35.121605350383085,0.19506197462596225,32.85322996119485,0.0
Béni Mellal-Khénifra,2006.0,4.0,2006-04,39.332853702733914,0.3949790171413536,29.514591015320722,0.0
Casablanca-Settat,2006.0,4.0,2006-04,29.459543431889642,0.4538378061066342,30.113668092013338,0.0
Rabat-Salé-Kénitra,2006.0,4.0,2006-04,34.003345803387994,0.5371587540413402,28.579935060990476,0.0
Fès-Meknès,2006.0,5.0,2006-05,56.59530410346924,0.30156605578493806,32.491849897378415,0.0
Guelmim-Oued Noun,2006.0,5.0,2006-05,1.3385762011340232,0.15920513711418144,40.395997541268585,0.0
Laâyoune-Sakia El Hamra,2006.0,5.0,2006-05,0.3395487239007145,0.1534275565024083,40.26587128159018,0.0
Souss-Massa,2006.0,5.0,2006-05,5.978511921824117,0.19816547400049028,40.05099747230344,0.0
Dakhla-Oued Ed-Dahab,2006.0,5.0,2006-05,0.05515063993933973,0.13047173913043478,42.23572962593661,0.0
Tanger-Tétouan-Al Hoceima,2006.0,5.0,2006-05,31.711464487745754,0.45378329113235377,29.407295068048477,0.0
Drâa-Tafilalet,2006.0,5.0,2006-05,30.36055684632599,0.1519018987494779,39.843821263036524,0.0
Marrakech-Safi,2006.0,5.0,2006-05,13.969343362901641,0.22243665420469053,35.61683965276075,0.0
l'Oriental,2006.0,5.0,2006-05,44.91602327766463,0.17109463699032168,36.417237450916396,0.0
Béni Mellal-Khénifra,2006.0,5.0,2006-05,42.27414030473117,0.3009036242549235,33.8399362274123,0.0
Casablanca-Settat,2006.0,5.0,2006-05,12.297095561568687,0.27600274904558403,34.92377979417724,0.0
Rabat-Salé-Kénitra,2006.0,5.0,2006-05,32.75822131697331,0.3575883975241029,33.70297919096568,0.0
Fès-Meknès,2006.0,6.0,2006-06,17.98914786510449,0.24369104748227247,36.61073974677577,0.0
Guelmim-Oued Noun,2006.0,6.0,2006-06,0.09670539833281794,0.1474837507627575,41.68793426572955,0.0
Laâyoune-Sakia El Hamra,2006.0,6.0,2006-06,0.0036872797475669444,0.14393290107447204,40.99334163612745,0.0
Souss-Massa,2006.0,6.0,2006-06,2.9073765028675194,0.18453070418258075,43.18584568952727,0.0
Dakhla-Oued Ed-Dahab,2006.0,6.0,2006-06,0.004135878382624862,0.10038260869565217,41.2448469598133,0.0
Tanger-Tétouan-Al Hoceima,2006.0,6.0,2006-06,7.859338940005741,0.38516749123423083,34.05666862279937,0.0
Drâa-Tafilalet,2006.0,6.0,2006-06,8.995288900932087,0.14785045548449488,42.741360630457415,0.0
Marrakech-Safi,2006.0,6.0,2006-06,2.203615415844274,0.19953763120455426,39.33519976936137,0.0
l'Oriental,2006.0,6.0,2006-06,9.28061635818323,0.153941350723259,40.12979627828307,0.0
Béni Mellal-Khénifra,2006.0,6.0,2006-06,12.89275604973649,0.25945390132553275,37.29601053966123,0.0
Casablanca-Settat,2006.0,6.0,2006-06,2.815595347280956,0.23706047329265534,39.79853869918367,0.0
Rabat-Salé-Kénitra,2006.0,6.0,2006-06,6.179979658949432,0.29229112903225823,37.609145693614295,0.0
Fès-Meknès,2006.0,7.0,2006-07,3.96048651189501,0.21968643490261228,41.11054726577186,0.0
Guelmim-Oued Noun,2006.0,7.0,2006-07,0.4304774108247159,0.13854740434794485,43.157170703829216,0.0
Laâyoune-Sakia El Hamra,2006.0,7.0,2006-07,0.07881756657784104,0.13781966469062618,40.03905783117238,0.0
Souss-Massa,2006.0,7.0,2006-07,0.28669968823188724,0.1717420277286239,44.088967287503465,0.0
Dakhla-Oued Ed-Dahab,2006.0,7.0,2006-07,0.07241576283704555,0.09479068322981367,40.17674879313319,0.0
Tanger-Tétouan-Al Hoceima,2006.0,7.0,2006-07,1.267701110605963,0.3401754244412904,38.11786171390522,0.0
Drâa-Tafilalet,2006.0,7.0,2006-07,2.3748022979879884,0.1408916673259927,44.60036447654442,0.0
Marrakech-Safi,2006.0,7.0,2006-07,0.8862648477608274,0.1870310554860064,41.684561893372354,0.0
l'Oriental,2006.0,7.0,2006-07,2.6037723463714846,0.14901408113529294,44.34139678424325,0.0
Béni Mellal-Khénifra,2006.0,7.0,2006-07,3.530724099949627,0.24252100611360664,41.066671238944835,0.0
Casablanca-Settat,2006.0,7.0,2006-07,0.7626227432472216,0.22166450154384582,42.042046463571886,0.0
Rabat-Salé-Kénitra,2006.0,7.0,2006-07,1.3126140065096066,0.27053238217850584,41.2892604607086,0.0
Fès-Meknès,2006.0,8.0,2006-08,2.9841093417850257,0.2137880180190287,40.87175758002277,0.0
Guelmim-Oued Noun,2006.0,8.0,2006-08,0.9874859864354055,0.1380850809205912,42.62682357116431,0.0
Laâyoune-Sakia El Hamra,2006.0,8.0,2006-08,1.8892705624470756,0.13664207576880325,40.09182935840179,0.0
Souss-Massa,2006.0,8.0,2006-08,1.7251832017645274,0.17049225650279748,43.98985598420475,0.0
Dakhla-Oued Ed-Dahab,2006.0,8.0,2006-08,9.0624692490367,0.125755900621118,40.40699558828231,0.0
Tanger-Tétouan-Al Hoceima,2006.0,8.0,2006-08,0.5718583931219678,0.3398033306958114,37.78659742789358,0.0
Drâa-Tafilalet,2006.0,8.0,2006-08,3.6847161121120897,0.13771802290059573,44.25691501478444,0.0
Marrakech-Safi,2006.0,8.0,2006-08,2.705289952358364,0.18441257580055842,41.74170620980282,0.0
l'Oriental,2006.0,8.0,2006-08,1.155928944797189,0.14792671484915737,42.91575219045995,0.0
Béni Mellal-Khénifra,2006.0,8.0,2006-08,5.243499119814713,0.23470234507912804,40.73538187178274,0.0
Casablanca-Settat,2006.0,8.0,2006-08,1.1634186494490422,0.21865456892648683,42.298784602164666,0.0
Rabat-Salé-Kénitra,2006.0,8.0,2006-08,1.5154243212440872,0.26656054535298773,41.68011859418287,0.0
Fès-Meknès,2006.0,9.0,2006-09,14.534490923543283,0.22054338053137063,35.73519361540775,0.0
Guelmim-Oued Noun,2006.0,9.0,2006-09,2.157645333008394,0.13666631526698794,39.92611871446173,0.0
Laâyoune-Sakia El Hamra,2006.0,9.0,2006-09,5.488360111245621,0.13420898944053353,40.56051104398763,0.0
Souss-Massa,2006.0,9.0,2006-09,6.616707311953139,0.16968389499164882,39.41257251064089,0.0
Dakhla-Oued Ed-Dahab,2006.0,9.0,2006-09,18.112021397830944,0.15073385093167702,40.9841531349229,0.0
Tanger-Tétouan-Al Hoceima,2006.0,9.0,2006-09,15.731028567574798,0.34330076209033317,33.556998926207996,0.0
Drâa-Tafilalet,2006.0,9.0,2006-09,18.96709624741073,0.14160152875760973,37.63265960104086,0.0
Marrakech-Safi,2006.0,9.0,2006-09,5.053780464969789,0.18300320430240508,37.90968350186326,0.0
l'Oriental,2006.0,9.0,2006-09,21.46351579307954,0.1498595322415076,36.440013353518786,0.0
Béni Mellal-Khénifra,2006.0,9.0,2006-09,11.028205500656583,0.24283461439604428,36.344366291414026,0.0
Casablanca-Settat,2006.0,9.0,2006-09,5.237625486274024,0.221539404365188,38.834917895942894,0.0
Rabat-Salé-Kénitra,2006.0,9.0,2006-09,9.059140328673928,0.2786062139542065,37.709288981630024,0.0
Fès-Meknès,2006.0,10.0,2006-10,32.973106474623734,0.23114933444035574,30.433528023623648,0.0
Guelmim-Oued Noun,2006.0,10.0,2006-10,14.88570548426769,0.1415756919461925,36.17269604037057,0.0
Laâyoune-Sakia El Hamra,2006.0,10.0,2006-10,5.550849424769461,0.1396189699888848,38.22045451848674,0.0
Souss-Massa,2006.0,10.0,2006-10,40.546871307804416,0.17554392574942626,34.27079354939999,0.0
Dakhla-Oued Ed-Dahab,2006.0,10.0,2006-10,4.1968625237258435,0.10500000000000001,40.86730078490354,0.0
Tanger-Tétouan-Al Hoceima,2006.0,10.0,2006-10,66.40366660658299,0.3671311131558381,27.445126366171436,0.0
Drâa-Tafilalet,2006.0,10.0,2006-10,45.16180936506545,0.14873436495901182,33.70814025423271,0.0
Marrakech-Safi,2006.0,10.0,2006-10,31.642483807466782,0.18849036680615425,32.184885004573665,0.0
l'Oriental,2006.0,10.0,2006-10,25.40318826445624,0.15447884791434197,31.150313831372074,0.0
Béni Mellal-Khénifra,2006.0,10.0,2006-10,37.031548669161715,0.25289228516700735,30.72915369066352,0.0
Casablanca-Settat,2006.0,10.0,2006-10,38.19835189055651,0.22936160453894713,33.871256923842886,0.0
Rabat-Salé-Kénitra,2006.0,10.0,2006-10,48.520458289898606,0.28486231246367344,32.727236022014964,0.0
Fès-Meknès,2006.0,11.0,2006-11,37.04177680711692,0.2466006110313258,20.0178191438333,0.0
Guelmim-Oued Noun,2006.0,11.0,2006-11,9.06789870983052,0.14670172724706035,31.17748941695799,0.0
Laâyoune-Sakia El Hamra,2006.0,11.0,2006-11,4.312579080043924,0.13315495090774362,33.885082979043915,0.0
Souss-Massa,2006.0,11.0,2006-11,24.770266834226064,0.1947849270588783,27.195980502700245,0.0
Dakhla-Oued Ed-Dahab,2006.0,11.0,2006-11,1.3040201442701354,0.15320403726708076,35.8548759464269,0.0
Tanger-Tétouan-Al Hoceima,2006.0,11.0,2006-11,85.71708643266604,0.4145494830469074,19.205492487618162,0.0
Drâa-Tafilalet,2006.0,11.0,2006-11,33.38240670674342,0.15411517845761621,23.09905301196455,0.0
Marrakech-Safi,2006.0,11.0,2006-11,39.878148974450376,0.21114301140629263,24.763695660220908,0.0
l'Oriental,2006.0,11.0,2006-11,20.663311223080637,0.16411010805742873,21.01338233076206,0.0
Béni Mellal-Khénifra,2006.0,11.0,2006-11,45.865921028002305,0.27234669718370197,20.661756778224184,0.0
Casablanca-Settat,2006.0,11.0,2006-11,40.900365219346774,0.2834623844155212,25.993327352333456,0.0
Rabat-Salé-Kénitra,2006.0,11.0,2006-11,53.994232932858566,0.3110333203919645,23.367635960356246,0.0
Fès-Meknès,2006.0,12.0,2006-12,64.58875061603112,0.2700335573557128,13.516420042393097,0.0
Guelmim-Oued Noun,2006.0,12.0,2006-12,15.191957703932601,0.1521082678348617,24.78411563979779,0.0
Laâyoune-Sakia El Hamra,2006.0,12.0,2006-12,13.17028341095213,0.13395923027047055,25.93503288193341,0.0
Souss-Massa,2006.0,12.0,2006-12,28.075904899144053,0.20531039093388437,21.074172764109623,0.0
Dakhla-Oued Ed-Dahab,2006.0,12.0,2006-12,2.8146939830982824,0.08152111801242236,27.203352939666303,0.0
Tanger-Tétouan-Al Hoceima,2006.0,12.0,2006-12,70.0362002306916,0.4704217804350945,14.408002297415438,0.0
Drâa-Tafilalet,2006.0,12.0,2006-12,39.844527282209754,0.14829709720665474,16.41008118445599,0.0
Marrakech-Safi,2006.0,12.0,2006-12,28.312999159297814,0.23520499900828173,19.090955869005853,0.0
l'Oriental,2006.0,12.0,2006-12,39.63819147430025,0.18322600408393777,13.220657175616308,0.0
Béni Mellal-Khénifra,2006.0,12.0,2006-12,56.7887648976113,0.2859316281225904,15.101045931538055,0.0
Casablanca-Settat,2006.0,12.0,2006-12,22.297880961236956,0.3628691767244371,19.85575086441478,0.0
Rabat-Salé-Kénitra,2006.0,12.0,2006-12,43.922906152761044,0.36770743924367943,17.86092050698775,0.0
Fès-Meknès,2007.0,1.0,2007-01,27.06206104713989,0.28105727347186044,16.902744962932335,0.0
Guelmim-Oued Noun,2007.0,1.0,2007-01,13.942496156578468,0.15212348700807832,23.63339013352795,0.0
Laâyoune-Sakia El Hamra,2007.0,1.0,2007-01,10.53098666874526,0.13690037050759543,24.793697990726727,0.0
Souss-Massa,2007.0,1.0,2007-01,31.086368284837892,0.20292378132464337,21.302766335662657,0.0
Dakhla-Oued Ed-Dahab,2007.0,1.0,2007-01,3.9265469764259677,0.16559006211180125,26.96710165329786,0.0
Tanger-Tétouan-Al Hoceima,2007.0,1.0,2007-01,46.88744467237331,0.48871256641370986,15.895862130103655,0.0
Drâa-Tafilalet,2007.0,1.0,2007-01,27.675390553331187,0.1532649976923584,18.53710831248591,0.0
Marrakech-Safi,2007.0,1.0,2007-01,36.04235904154931,0.23535073542114993,20.23283264106152,0.0
l'Oriental,2007.0,1.0,2007-01,16.343238903148126,0.18652538998429327,16.45614899866315,0.0
Béni Mellal-Khénifra,2007.0,1.0,2007-01,42.98058708010927,0.2876902356706609,17.200497909888483,0.0
Casablanca-Settat,2007.0,1.0,2007-01,33.74568495379331,0.3919780680001309,21.03500037509125,0.0
Rabat-Salé-Kénitra,2007.0,1.0,2007-01,42.37557268899508,0.4072429334277815,19.21316702963264,0.0
Fès-Meknès,2007.0,2.0,2007-02,47.72379675476353,0.33238398258684143,19.779118981445517,0.0
Guelmim-Oued Noun,2007.0,2.0,2007-02,6.633169760238928,0.15251058980500734,30.585834824567524,0.0
Laâyoune-Sakia El Hamra,2007.0,2.0,2007-02,2.1442794996562076,0.134182581511671,30.177166090436977,0.0
Souss-Massa,2007.0,2.0,2007-02,20.80542904436336,0.2109236906805892,27.969384521205576,0.0
Dakhla-Oued Ed-Dahab,2007.0,2.0,2007-02,0.6749703775997863,0.14253478260869568,32.172134103356235,0.0
Tanger-Tétouan-Al Hoceima,2007.0,2.0,2007-02,67.9079703605531,0.5333941670583003,18.160866575103043,0.0
Drâa-Tafilalet,2007.0,2.0,2007-02,31.044897974850524,0.16694081075141182,24.901189615564927,0.0
Marrakech-Safi,2007.0,2.0,2007-02,50.897014967683226,0.2573743784978161,23.685774913777493,0.0
l'Oriental,2007.0,2.0,2007-02,20.680370857539664,0.1978743633523524,22.00253368511246,0.0
Béni Mellal-Khénifra,2007.0,2.0,2007-02,93.18836455359869,0.3341249588448405,20.640880866187075,0.0
Casablanca-Settat,2007.0,2.0,2007-02,58.34311982458909,0.42976031145227517,23.662253016074363,0.0
Rabat-Salé-Kénitra,2007.0,2.0,2007-02,70.73898460576348,0.5004176681469779,20.856491941852596,0.0
Fès-Meknès,2007.0,3.0,2007-03,35.43207815582305,0.3240298310295308,23.577734826824912,0.0
Guelmim-Oued Noun,2007.0,3.0,2007-03,1.5742737397564823,0.14343430222497472,31.62322099091263,0.0
Laâyoune-Sakia El Hamra,2007.0,3.0,2007-03,1.492653170679485,0.13500609484994444,32.48615786979048,0.0
Souss-Massa,2007.0,3.0,2007-03,13.032326626864869,0.19225787605632133,31.189994934928396,0.0
Dakhla-Oued Ed-Dahab,2007.0,3.0,2007-03,0.4756371550248662,0.12467142857142857,35.5886715229866,0.0
Tanger-Tétouan-Al Hoceima,2007.0,3.0,2007-03,59.49626685125883,0.5145735684366177,21.344118067174467,0.0
Drâa-Tafilalet,2007.0,3.0,2007-03,16.162325902044266,0.17427204292213364,28.936256811181035,0.0
Marrakech-Safi,2007.0,3.0,2007-03,27.12074691066565,0.24317487433167026,27.934880836705716,0.0
l'Oriental,2007.0,3.0,2007-03,16.215508801289413,0.19428417399033535,25.36431737906701,0.0
Béni Mellal-Khénifra,2007.0,3.0,2007-03,43.292394719907634,0.32281659700378207,25.524156307758147,0.0
Casablanca-Settat,2007.0,3.0,2007-03,26.160746774043204,0.37258598078044797,29.36946066657123,0.0
Rabat-Salé-Kénitra,2007.0,3.0,2007-03,48.09860658290492,0.4625727668192385,26.613128371482762,0.0
Fès-Meknès,2007.0,4.0,2007-04,109.67193526874972,0.3413561864958261,25.070410135967435,0.0
Guelmim-Oued Noun,2007.0,4.0,2007-04,1.3201142829205064,0.13713486825927373,36.29273096357615,0.0
Laâyoune-Sakia El Hamra,2007.0,4.0,2007-04,1.7933647250366735,0.13027646350500188,36.78770332174775,0.0
Souss-Massa,2007.0,4.0,2007-04,11.729742704783188,0.18071645613604784,36.442460592452115,0.0
Dakhla-Oued Ed-Dahab,2007.0,4.0,2007-04,0.09892744794208806,0.10665993788819876,38.80764114985904,0.0
Tanger-Tétouan-Al Hoceima,2007.0,4.0,2007-04,112.0416032151001,0.5087721333900628,23.248089232946295,0.0
Drâa-Tafilalet,2007.0,4.0,2007-04,33.26280150969352,0.17097020505043825,33.33571992616443,0.0
Marrakech-Safi,2007.0,4.0,2007-04,30.34697005341765,0.2202383415832614,32.47555389220488,0.0
l'Oriental,2007.0,4.0,2007-04,87.80213083543029,0.20221782935545732,28.20544396651098,0.0
Béni Mellal-Khénifra,2007.0,4.0,2007-04,80.87269530672707,0.33175374251863465,28.003303129821163,0.0
Casablanca-Settat,2007.0,4.0,2007-04,39.851485625863226,0.34467075976992806,33.11238465263145,0.0
Rabat-Salé-Kénitra,2007.0,4.0,2007-04,80.68598025510056,0.45415869251307794,28.985157123244456,0.0
Fès-Meknès,2007.0,5.0,2007-05,22.6427879661381,0.3128636330894889,32.99085545595676,0.0
Guelmim-Oued Noun,2007.0,5.0,2007-05,0.06923977993664117,0.1333088602810589,40.94864423483854,0.0
Laâyoune-Sakia El Hamra,2007.0,5.0,2007-05,0.15637946600690805,0.12437863560577991,39.89179219739468,0.0
Souss-Massa,2007.0,5.0,2007-05,3.778257892894517,0.17015127179765724,41.993988050302306,0.0
Dakhla-Oued Ed-Dahab,2007.0,5.0,2007-05,0.0030582088280234152,0.09835,41.10435157815608,0.0
Tanger-Tétouan-Al Hoceima,2007.0,5.0,2007-05,29.001826732777566,0.48391225415288164,30.317133974278985,0.0
Drâa-Tafilalet,2007.0,5.0,2007-05,8.53063457137664,0.1699754592206767,40.2045546235021,0.0
Marrakech-Safi,2007.0,5.0,2007-05,11.559419859662674,0.1945092623480554,38.82501424407123,0.0
l'Oriental,2007.0,5.0,2007-05,13.177767213861467,0.19805485501642625,35.78432798247421,0.0
Béni Mellal-Khénifra,2007.0,5.0,2007-05,19.297039334410968,0.3004424138342534,35.20842942245715,0.0
Casablanca-Settat,2007.0,5.0,2007-05,10.244198113119706,0.2576412179610089,40.63565887840911,0.0
Rabat-Salé-Kénitra,2007.0,5.0,2007-05,19.032123850773107,0.34113094644543757,37.43959448808138,0.0
Fès-Meknès,2007.0,6.0,2007-06,4.452201694692298,0.23653569226281315,39.650615823671735,0.0
Guelmim-Oued Noun,2007.0,6.0,2007-06,0.08260051961040003,0.12771717319829867,41.06117724193305,0.0
Laâyoune-Sakia El Hamra,2007.0,6.0,2007-06,0.004337059684286996,0.11972247128566135,40.301672349642025,0.0
Souss-Massa,2007.0,6.0,2007-06,1.3340627411295483,0.16171313436583862,45.36969173231894,0.0
Dakhla-Oued Ed-Dahab,2007.0,6.0,2007-06,0.0,0.08101801242236024,40.83914180404012,0.0
Tanger-Tétouan-Al Hoceima,2007.0,6.0,2007-06,1.2752787888953967,0.3831857622708341,35.01499920089896,0.0
Drâa-Tafilalet,2007.0,6.0,2007-06,2.4410121402765466,0.15569657897628622,46.997153042054286,0.0
Marrakech-Safi,2007.0,6.0,2007-06,1.2759614610708774,0.1798963132446348,40.918582704238005,0.0
l'Oriental,2007.0,6.0,2007-06,2.373962950415383,0.16740573886774804,43.1594894205366,0.0
Béni Mellal-Khénifra,2007.0,6.0,2007-06,2.4754003647616813,0.24955316864129826,40.83863511387419,0.0
Casablanca-Settat,2007.0,6.0,2007-06,0.08096421194261962,0.22427762300799056,42.31719841643315,0.0
Rabat-Salé-Kénitra,2007.0,6.0,2007-06,0.43733030808089046,0.2628414641455972,41.394537013413064,0.0
Fès-Meknès,2007.0,7.0,2007-07,1.7503323800472526,0.21025751514675536,42.712823877518105,0.0
Guelmim-Oued Noun,2007.0,7.0,2007-07,0.003520206962347803,0.12180811756026914,43.29353413898857,0.0
Laâyoune-Sakia El Hamra,2007.0,7.0,2007-07,0.009302486440872702,0.11696010559466469,39.72581251549782,0.0
Souss-Massa,2007.0,7.0,2007-07,0.032781639775053883,0.15190499535723048,44.093277319125306,0.0
Dakhla-Oued Ed-Dahab,2007.0,7.0,2007-07,0.0032857468526106366,0.05874347826086957,39.57881486646227,0.0
Tanger-Tétouan-Al Hoceima,2007.0,7.0,2007-07,0.0,0.3307523950703983,39.59786719940068,0.0
Drâa-Tafilalet,2007.0,7.0,2007-07,0.5749841924590442,0.14512626733478393,45.115742575451016,0.0
Marrakech-Safi,2007.0,7.0,2007-07,0.12539297352288845,0.1647280025506889,41.346738428026825,0.0
l'Oriental,2007.0,7.0,2007-07,0.8940648903934239,0.15395845785609835,44.301264382695194,0.0
Béni Mellal-Khénifra,2007.0,7.0,2007-07,0.9384183835880033,0.2268783998139605,42.59424488673682,0.0
Casablanca-Settat,2007.0,7.0,2007-07,0.0070344810241891285,0.2084646045348682,43.030579986496726,0.0
Rabat-Salé-Kénitra,2007.0,7.0,2007-07,0.006028400930432564,0.24698269080572532,43.7638098665987,0.0
Fès-Meknès,2007.0,8.0,2007-08,3.725404494541125,0.20949788887891532,40.777535045722765,0.0
Guelmim-Oued Noun,2007.0,8.0,2007-08,0.770741075850076,0.12788316013807047,41.39228393765805,0.0
Laâyoune-Sakia El Hamra,2007.0,8.0,2007-08,0.610772844220209,0.11956989162652837,40.40927547934218,0.0
Souss-Massa,2007.0,8.0,2007-08,2.3975224285694803,0.16333231221603187,43.04089112192955,0.0
Dakhla-Oued Ed-Dahab,2007.0,8.0,2007-08,0.38818613800751667,0.09409316770186336,41.6108615537632,0.0
Tanger-Tétouan-Al Hoceima,2007.0,8.0,2007-08,1.3814752279438673,0.31965207312308697,37.31390258459239,0.0
Drâa-Tafilalet,2007.0,8.0,2007-08,4.578065784069102,0.14955096217665553,44.23788261236886,0.0
Marrakech-Safi,2007.0,8.0,2007-08,2.598392289844653,0.172330189351283,40.68811806348968,0.0
l'Oriental,2007.0,8.0,2007-08,3.2366826559247843,0.15331357552381814,42.013855897882905,0.0
Béni Mellal-Khénifra,2007.0,8.0,2007-08,5.437602293844075,0.23225044658702865,40.94671301571785,0.0
Casablanca-Settat,2007.0,8.0,2007-08,0.4759401754291825,0.21515865378340449,42.22653544611992,0.0
Rabat-Salé-Kénitra,2007.0,8.0,2007-08,0.9878304052594731,0.25039577294027904,41.57764741124805,0.0
Fès-Meknès,2007.0,9.0,2007-09,19.362081794038936,0.2240958169149986,35.26826538114916,0.0
Guelmim-Oued Noun,2007.0,9.0,2007-09,1.3552301030509184,0.1283375508884415,41.08711817739513,0.0
Laâyoune-Sakia El Hamra,2007.0,9.0,2007-09,3.3128489894031907,0.12208349851796965,41.15173618694757,0.0
Souss-Massa,2007.0,9.0,2007-09,3.538581341762048,0.16373024174944936,40.791800157113975,0.0
Dakhla-Oued Ed-Dahab,2007.0,9.0,2007-09,8.470632505595404,0.08241024844720497,42.42466092545872,0.0
Tanger-Tétouan-Al Hoceima,2007.0,9.0,2007-09,24.15733843397895,0.3449369550164455,32.488782752736476,0.0
Drâa-Tafilalet,2007.0,9.0,2007-09,13.049083363408732,0.1507919958902001,40.083409501223876,0.0
Marrakech-Safi,2007.0,9.0,2007-09,5.498826510050732,0.17305316052916098,37.5555539491527,0.0
l'Oriental,2007.0,9.0,2007-09,17.623785559425855,0.1547735517875992,37.031119560219075,0.0
Béni Mellal-Khénifra,2007.0,9.0,2007-09,12.061087087227088,0.2377724491450742,36.745518138909716,0.0
Casablanca-Settat,2007.0,9.0,2007-09,5.245028254039004,0.2207658992538687,39.57372250751892,0.0
Rabat-Salé-Kénitra,2007.0,9.0,2007-09,11.955235149257225,0.26155021841397846,36.979106929156394,0.0
Fès-Meknès,2007.0,10.0,2007-10,65.77499888604065,0.23668248092630786,26.675574810074842,0.0
Guelmim-Oued Noun,2007.0,10.0,2007-10,6.867495627426563,0.12523672619969198,36.36799312643781,0.0
Laâyoune-Sakia El Hamra,2007.0,10.0,2007-10,3.3989494735628196,0.1209427658391997,36.817347741359754,0.0
Souss-Massa,2007.0,10.0,2007-10,19.482704843878516,0.16305718811684575,34.03261888938366,0.0
Dakhla-Oued Ed-Dahab,2007.0,10.0,2007-10,1.4968441148754605,0.088716149068323,39.07880699150113,0.0
Tanger-Tétouan-Al Hoceima,2007.0,10.0,2007-10,63.35888601453209,0.3605082086672604,27.297145827610613,0.0
Drâa-Tafilalet,2007.0,10.0,2007-10,46.69955452373468,0.1566872468736952,31.417811819484715,0.0
Marrakech-Safi,2007.0,10.0,2007-10,27.071960942863782,0.1757259220153152,32.45566122459149,0.0
l'Oriental,2007.0,10.0,2007-10,43.565121651314485,0.16273485925437453,27.2006612879562,0.0
Béni Mellal-Khénifra,2007.0,10.0,2007-10,68.36383808107021,0.2551145331260787,28.523822923508586,0.0
Casablanca-Settat,2007.0,10.0,2007-10,30.693558570156622,0.2264852333307499,35.277055397562684,0.0
Rabat-Salé-Kénitra,2007.0,10.0,2007-10,56.65248205757262,0.2766312872348153,32.14355940491817,0.0
Fès-Meknès,2007.0,11.0,2007-11,62.924756043669284,0.2531921045013906,21.36466475218535,0.0
Guelmim-Oued Noun,2007.0,11.0,2007-11,13.33796483330294,0.1316312184081822,30.802853939024352,0.0
Laâyoune-Sakia El Hamra,2007.0,11.0,2007-11,3.705465766124324,0.12254141811782147,32.366650345770665,0.0
Souss-Massa,2007.0,11.0,2007-11,26.84090749666678,0.1692147244073793,27.911846455202575,0.0
Dakhla-Oued Ed-Dahab,2007.0,11.0,2007-11,0.885485975030511,0.08859068322981366,34.6686453818729,0.0
Tanger-Tétouan-Al Hoceima,2007.0,11.0,2007-11,115.41693697446303,0.36899418687483315,21.359330128605322,0.0
Drâa-Tafilalet,2007.0,11.0,2007-11,30.150124362655667,0.15919594514406263,24.817015892595048,0.0
Marrakech-Safi,2007.0,11.0,2007-11,46.94619788363656,0.18353317241246925,25.764211941955942,0.0
l'Oriental,2007.0,11.0,2007-11,33.10947355911378,0.17503860334060908,21.01242982468037,0.0
Béni Mellal-Khénifra,2007.0,11.0,2007-11,64.89226035026815,0.26822127706448967,22.247736981990943,0.0
Casablanca-Settat,2007.0,11.0,2007-11,53.04210101988971,0.23345928754685585,28.03318990527247,0.0
Rabat-Salé-Kénitra,2007.0,11.0,2007-11,76.78517660759069,0.2817843858979951,25.588813693687186,0.0
Fès-Meknès,2007.0,12.0,2007-12,37.07770244147825,0.2916691016291177,14.632538837572286,0.0
Guelmim-Oued Noun,2007.0,12.0,2007-12,23.93752376215374,0.15411289128316288,26.081268773722247,0.0
Laâyoune-Sakia El Hamra,2007.0,12.0,2007-12,22.694896481237237,0.12306611708040015,26.904162464198915,0.0
Souss-Massa,2007.0,12.0,2007-12,26.068365945713104,0.18707663343728453,22.279061017982613,0.0
Dakhla-Oued Ed-Dahab,2007.0,12.0,2007-12,3.4971440686692095,0.07948229813664597,28.302601087946567,0.0
Tanger-Tétouan-Al Hoceima,2007.0,12.0,2007-12,57.11188364237498,0.4175968809517922,15.161959195904632,0.0
Drâa-Tafilalet,2007.0,12.0,2007-12,27.16133041417937,0.15592962693127613,19.267777211451833,0.0
Marrakech-Safi,2007.0,12.0,2007-12,29.81869230571952,0.2322178299277214,18.855928683544576,0.0
l'Oriental,2007.0,12.0,2007-12,30.815745667581194,0.18811885131206674,14.339257711352028,0.0
Béni Mellal-Khénifra,2007.0,12.0,2007-12,44.16870437689998,0.31126393079201503,15.6364515404708,0.0
Casablanca-Settat,2007.0,12.0,2007-12,33.27164459368323,0.37507401403279794,19.76744585387815,0.0
Rabat-Salé-Kénitra,2007.0,12.0,2007-12,35.2849732699922,0.39596366352865325,18.20181230400382,0.0
Fès-Meknès,2008.0,1.0,2008-01,49.14235908506492,0.3239890357687817,15.038981179401786,0.0
Guelmim-Oued Noun,2008.0,1.0,2008-01,6.913111983320709,0.17632954034189738,25.5906536854312,0.0
Laâyoune-Sakia El Hamra,2008.0,1.0,2008-01,4.196188294335079,0.12078107169321972,26.610130898585965,0.0
Souss-Massa,2008.0,1.0,2008-01,20.005437869459435,0.2035642509665141,22.774240997399662,0.0
Dakhla-Oued Ed-Dahab,2008.0,1.0,2008-01,2.919017024844113,0.11834906832298135,27.675489794026753,0.0
Tanger-Tétouan-Al Hoceima,2008.0,1.0,2008-01,76.00134169431664,0.47564238570142375,15.769813659632941,0.0
Drâa-Tafilalet,2008.0,1.0,2008-01,21.89182150064788,0.14349621294037482,19.75397390100085,0.0
Marrakech-Safi,2008.0,1.0,2008-01,30.533439194678213,0.320328930541277,18.886249570222024,0.0
l'Oriental,2008.0,1.0,2008-01,24.835358969196008,0.20275753214000544,16.34172412347703,0.0
Béni Mellal-Khénifra,2008.0,1.0,2008-01,53.590245570370726,0.3625283119958876,15.263170971634597,0.0
Casablanca-Settat,2008.0,1.0,2008-01,42.324239155743555,0.5932098892514791,18.377333694784888,0.0
Rabat-Salé-Kénitra,2008.0,1.0,2008-01,62.147541546414686,0.532049324106491,17.822431317429675,0.0
Fès-Meknès,2008.0,2.0,2008-02,73.76735049553949,0.3606724410959519,18.530689752482942,0.0
Guelmim-Oued Noun,2008.0,2.0,2008-02,10.123534192168622,0.16242387544513157,27.851438807745758,0.0
Laâyoune-Sakia El Hamra,2008.0,2.0,2008-02,4.857009666549885,0.11931181919229346,29.886426672343212,0.0
Souss-Massa,2008.0,2.0,2008-02,40.93970788072505,0.19723860535874896,24.69345820993268,0.0
Dakhla-Oued Ed-Dahab,2008.0,2.0,2008-02,2.6670576512035953,0.12022608695652175,32.51127981044535,0.0
Tanger-Tétouan-Al Hoceima,2008.0,2.0,2008-02,101.39455725552054,0.4950591987514034,18.050621151204915,0.0
Drâa-Tafilalet,2008.0,2.0,2008-02,53.86815771994759,0.14794406661392062,22.259039727147698,0.0
Marrakech-Safi,2008.0,2.0,2008-02,53.746068686434825,0.3205876244686952,23.512175093163084,0.0
l'Oriental,2008.0,2.0,2008-02,39.93166520028131,0.21806345274294828,19.424004214608065,0.0
Béni Mellal-Khénifra,2008.0,2.0,2008-02,91.54164431141339,0.4003647690415286,19.328894735770223,0.0
Casablanca-Settat,2008.0,2.0,2008-02,41.42461452013315,0.6154824409484149,22.351669783333723,0.0
Rabat-Salé-Kénitra,2008.0,2.0,2008-02,64.25885154515836,0.5752811228567279,20.87440638364438,0.0
Fès-Meknès,2008.0,3.0,2008-03,27.789437201745084,0.39335147462076964,24.30785324597024,0.0
Guelmim-Oued Noun,2008.0,3.0,2008-03,4.882201645820473,0.14575004052860224,34.28669639137989,0.0
Laâyoune-Sakia El Hamra,2008.0,3.0,2008-03,2.7364994881895113,0.11663059929603557,34.09583236244664,0.0
Souss-Massa,2008.0,3.0,2008-03,16.33448105629494,0.1846460366405616,32.240740508636385,0.0
Dakhla-Oued Ed-Dahab,2008.0,3.0,2008-03,0.026606431037035982,0.12189068322981368,36.006433252750575,0.0
Tanger-Tétouan-Al Hoceima,2008.0,3.0,2008-03,37.20228834798646,0.531394526701131,22.83245223290468,0.0
Drâa-Tafilalet,2008.0,3.0,2008-03,23.511248103125418,0.16090718632557527,30.553197937502013,0.0
Marrakech-Safi,2008.0,3.0,2008-03,25.960491559750253,0.2692720733517604,29.568540025413043,0.0
l'Oriental,2008.0,3.0,2008-03,17.668922063377195,0.23248336349523865,26.479965856316685,0.0
Béni Mellal-Khénifra,2008.0,3.0,2008-03,32.16841583053256,0.3954141436054979,26.27200212320715,0.0
Casablanca-Settat,2008.0,3.0,2008-03,19.03824672813249,0.48744246378111994,27.581675102809108,0.0
Rabat-Salé-Kénitra,2008.0,3.0,2008-03,23.44004650039135,0.548559065725717,26.211401534480277,0.0
Fès-Meknès,2008.0,4.0,2008-04,40.21625662931108,0.34422864150435273,30.30527940293955,0.0
Guelmim-Oued Noun,2008.0,4.0,2008-04,1.4436117077362622,0.13285645816446406,38.13613069709783,0.0
Laâyoune-Sakia El Hamra,2008.0,4.0,2008-04,1.9814135018603845,0.11613278065950354,38.226780191430365,0.0
Souss-Massa,2008.0,4.0,2008-04,11.97888142126483,0.17060306568788913,37.88947473540107,0.0
Dakhla-Oued Ed-Dahab,2008.0,4.0,2008-04,0.2557032913587332,0.04283416149068323,40.19152245832129,0.0
Tanger-Tétouan-Al Hoceima,2008.0,4.0,2008-04,70.85880928589187,0.5018442326427871,24.92437114079995,0.0
Drâa-Tafilalet,2008.0,4.0,2008-04,17.949370467081085,0.1625650630755369,37.48595058530348,0.0
Marrakech-Safi,2008.0,4.0,2008-04,21.85260693401659,0.205642266252642,35.41074678511817,0.0
l'Oriental,2008.0,4.0,2008-04,24.134413515146534,0.20306306234619353,34.54014472053905,0.0
Béni Mellal-Khénifra,2008.0,4.0,2008-04,34.22837027328861,0.3142022147289574,32.42880457838814,0.0
Casablanca-Settat,2008.0,4.0,2008-04,34.49331685009714,0.2868022541008686,34.567831290791204,0.0
Rabat-Salé-Kénitra,2008.0,4.0,2008-04,62.499172936498965,0.39997468063559544,30.783890220270234,0.0
Fès-Meknès,2008.0,5.0,2008-05,32.08869545799668,0.2931010169643658,30.483956723197753,0.0
Guelmim-Oued Noun,2008.0,5.0,2008-05,0.8293113136655779,0.12667311268772938,36.11400907070281,0.0
Laâyoune-Sakia El Hamra,2008.0,5.0,2008-05,0.2884488688067641,0.1126509772137829,37.05581442032675,0.0
Souss-Massa,2008.0,5.0,2008-05,5.939600174412062,0.15954407287688196,40.01666664515894,0.0
Dakhla-Oued Ed-Dahab,2008.0,5.0,2008-05,0.009530647068120617,0.08952515527950311,40.76690978936022,0.0
Tanger-Tétouan-Al Hoceima,2008.0,5.0,2008-05,29.623167782680618,0.48137430726928315,25.551630859033395,0.0
Drâa-Tafilalet,2008.0,5.0,2008-05,12.667771164729661,0.1587585937671698,39.31945295165641,0.0
Marrakech-Safi,2008.0,5.0,2008-05,11.039345011409917,0.18572654552550416,35.78975696098013,0.0
l'Oriental,2008.0,5.0,2008-05,22.82572010126778,0.17355217254916158,34.173248973757985,0.0
Béni Mellal-Khénifra,2008.0,5.0,2008-05,21.276028605530577,0.27336869117413065,32.58801506102314,0.0
Casablanca-Settat,2008.0,5.0,2008-05,10.204770090600931,0.23740971771232783,37.712139847644806,0.0
Rabat-Salé-Kénitra,2008.0,5.0,2008-05,18.07906907832353,0.30849891674537744,34.28116522006188,0.0
Fès-Meknès,2008.0,6.0,2008-06,4.315016810702974,0.2312097941163271,40.818596553513515,0.0
Guelmim-Oued Noun,2008.0,6.0,2008-06,0.0,0.12276520414575723,41.30695656870625,0.0
Laâyoune-Sakia El Hamra,2008.0,6.0,2008-06,3.367551832569838E-5,0.11189813356798813,39.56216170596173,0.0
Souss-Massa,2008.0,6.0,2008-06,0.01182869874396742,0.15175034018372843,45.43367854861486,0.0
Dakhla-Oued Ed-Dahab,2008.0,6.0,2008-06,0.0,0.0830829192546584,39.775912530809194,0.0
Tanger-Tétouan-Al Hoceima,2008.0,6.0,2008-06,0.5890412826172473,0.39496735601990623,36.139157597702635,0.0
Drâa-Tafilalet,2008.0,6.0,2008-06,1.624436988183788,0.14960509065734826,45.29003148815015,0.0
Marrakech-Safi,2008.0,6.0,2008-06,0.5267696738520956,0.17016731263008814,42.36019837058075,0.0
l'Oriental,2008.0,6.0,2008-06,5.100261646362441,0.15789607267648878,42.587966031380844,0.0
Béni Mellal-Khénifra,2008.0,6.0,2008-06,3.2376674003651122,0.23374567564838508,41.54367107092125,0.0
Casablanca-Settat,2008.0,6.0,2008-06,0.020943701059163412,0.2115034778334765,43.90617609509587,0.0
Rabat-Salé-Kénitra,2008.0,6.0,2008-06,0.3738934005030119,0.24939462395619094,43.133929531455074,0.0
Fès-Meknès,2008.0,7.0,2008-07,2.719478029097582,0.20667796472489,41.68636159959334,0.0
Guelmim-Oued Noun,2008.0,7.0,2008-07,0.026844799777179656,0.11898029672401379,41.69923674984676,0.0
Laâyoune-Sakia El Hamra,2008.0,7.0,2008-07,0.0216831541214706,0.10891798351241201,38.62183161529276,0.0
Souss-Massa,2008.0,7.0,2008-07,0.41609047224958784,0.14463639294286648,44.79202660937006,0.0
Dakhla-Oued Ed-Dahab,2008.0,7.0,2008-07,0.447093299797499,0.11227888198757764,39.20254605109353,0.0
Tanger-Tétouan-Al Hoceima,2008.0,7.0,2008-07,0.41518605977041595,0.34309552690533063,38.5541959295792,0.0
Drâa-Tafilalet,2008.0,7.0,2008-07,2.225315740221462,0.14008710907452585,44.60703637194791,0.0
Marrakech-Safi,2008.0,7.0,2008-07,0.4522286001223516,0.16335325894075897,41.316582106285935,0.0
l'Oriental,2008.0,7.0,2008-07,1.9704335314704013,0.14578682745374044,43.604660215180985,0.0
Béni Mellal-Khénifra,2008.0,7.0,2008-07,2.2030527830767594,0.21722853505991208,41.63654500740836,0.0
Casablanca-Settat,2008.0,7.0,2008-07,0.0026338286040212635,0.2052193149975324,41.82573218487231,0.0
Rabat-Salé-Kénitra,2008.0,7.0,2008-07,0.6046827108113711,0.2381445404921823,42.30194110839777,0.0
Fès-Meknès,2008.0,8.0,2008-08,3.2946714865742788,0.20488869659366327,41.68527094392894,0.0
Guelmim-Oued Noun,2008.0,8.0,2008-08,0.07357975676791222,0.11816895144764525,43.323996199435456,0.0
Laâyoune-Sakia El Hamra,2008.0,8.0,2008-08,0.19434564728584552,0.10992523156724715,39.9634303818155,0.0
Souss-Massa,2008.0,8.0,2008-08,0.6590165082718666,0.145827291308969,44.28116849912574,0.0
Dakhla-Oued Ed-Dahab,2008.0,8.0,2008-08,6.808355371860224,0.10408757763975157,41.59413194986367,0.0
Tanger-Tétouan-Al Hoceima,2008.0,8.0,2008-08,0.48472790099277147,0.3225380139798561,38.44666225496314,0.0
Drâa-Tafilalet,2008.0,8.0,2008-08,4.090302176453479,0.14026804399903306,43.9870172861747,0.0
Marrakech-Safi,2008.0,8.0,2008-08,0.4329161159120564,0.16551441475645168,41.16480407461583,0.0
l'Oriental,2008.0,8.0,2008-08,4.983962499099175,0.145896511265625,43.301210717662805,0.0
Béni Mellal-Khénifra,2008.0,8.0,2008-08,2.67454668941174,0.22086005027355182,41.9342781401317,0.0
Casablanca-Settat,2008.0,8.0,2008-08,0.009952494413615473,0.20946635803350375,41.95384907011484,0.0
Rabat-Salé-Kénitra,2008.0,8.0,2008-08,0.06619823384334762,0.2420821027990701,41.9358764488264,0.0
Fès-Meknès,2008.0,9.0,2008-09,51.12835392650936,0.23096491394399096,32.49726557231721,0.0
Guelmim-Oued Noun,2008.0,9.0,2008-09,11.231713953489042,0.12119094026357245,38.51206015533271,0.0
Laâyoune-Sakia El Hamra,2008.0,9.0,2008-09,15.650372890114,0.11668021489440533,38.31682499783214,0.0
Souss-Massa,2008.0,9.0,2008-09,21.627853362330796,0.15344908808998217,38.94552188788455,0.0
Dakhla-Oued Ed-Dahab,2008.0,9.0,2008-09,10.583660308651224,0.11509099378881989,39.41739805101981,0.0
Tanger-Tétouan-Al Hoceima,2008.0,9.0,2008-09,47.04042458450227,0.34463621306983955,31.52109339493071,0.0
Drâa-Tafilalet,2008.0,9.0,2008-09,42.1491246356,0.14998463484319013,37.57788728495953,0.0
Marrakech-Safi,2008.0,9.0,2008-09,18.053090069747654,0.17281483536404635,35.658962208009,0.0
l'Oriental,2008.0,9.0,2008-09,47.11057171410969,0.15807139417426042,34.63719346185094,0.0
Béni Mellal-Khénifra,2008.0,9.0,2008-09,35.5905518762978,0.2401619954285644,33.95698678723637,0.0
Casablanca-Settat,2008.0,9.0,2008-09,20.05159773219454,0.21824232727079915,38.273286822022634,0.0
Rabat-Salé-Kénitra,2008.0,9.0,2008-09,29.360237019442444,0.26125496850976493,36.061368252478516,0.0
Fès-Meknès,2008.0,10.0,2008-10,80.4384577634761,0.28435409882416257,19.6984403069052,0.0
Guelmim-Oued Noun,2008.0,10.0,2008-10,8.75152129227229,0.12941317680488876,30.786049545631723,0.0
Laâyoune-Sakia El Hamra,2008.0,10.0,2008-10,6.374369051578177,0.13286745553908857,32.005520181298884,0.0
Souss-Massa,2008.0,10.0,2008-10,26.249308404414013,0.1806076642197225,29.067782496037204,0.0
Dakhla-Oued Ed-Dahab,2008.0,10.0,2008-10,5.323425014132073,0.09914627329192548,34.196867680505285,0.0
Tanger-Tétouan-Al Hoceima,2008.0,10.0,2008-10,134.7635583696296,0.42893680782564403,19.989581271070083,0.0
Drâa-Tafilalet,2008.0,10.0,2008-10,64.98687074068644,0.16370457022922555,24.965521121653225,0.0
Marrakech-Safi,2008.0,10.0,2008-10,31.707217345533234,0.2067410302347802,24.937939026690756,0.0
l'Oriental,2008.0,10.0,2008-10,79.2002046293065,0.2102946682090291,20.6270796107241,0.0
Béni Mellal-Khénifra,2008.0,10.0,2008-10,59.670939228589226,0.26041781941911535,22.3136720026884,0.0
Casablanca-Settat,2008.0,10.0,2008-10,50.10005011487557,0.2956214170344328,26.494705137385672,0.0
Rabat-Salé-Kénitra,2008.0,10.0,2008-10,90.97506846005106,0.34397561795252574,24.678096889123836,0.0
Fès-Meknès,2008.0,11.0,2008-11,76.28956752432359,0.29489460057445477,15.894323401698689,0.0
Guelmim-Oued Noun,2008.0,11.0,2008-11,10.387699985243579,0.15087403346114267,27.136861387975348,0.0
Laâyoune-Sakia El Hamra,2008.0,11.0,2008-11,2.838471945694072,0.13458924601704336,28.749442677252894,0.0
Souss-Massa,2008.0,11.0,2008-11,23.324749876740963,0.2174735458495391,23.45350937414639,0.0
Dakhla-Oued Ed-Dahab,2008.0,11.0,2008-11,1.5898699548699158,0.1901583850931677,30.666535632815403,0.0
Tanger-Tétouan-Al Hoceima,2008.0,11.0,2008-11,162.48427626613022,0.4520827980607498,16.211674382985844,0.0
Drâa-Tafilalet,2008.0,11.0,2008-11,26.44807486843052,0.16788408848157196,20.180849456745033,0.0
Marrakech-Safi,2008.0,11.0,2008-11,52.24470095820481,0.26080632345726407,21.145944475884395,0.0
l'Oriental,2008.0,11.0,2008-11,31.242371461284534,0.21913359939117893,15.983986741968952,0.0
Béni Mellal-Khénifra,2008.0,11.0,2008-11,65.22845457093673,0.2852916288263587,17.890502400700633,0.0
Casablanca-Settat,2008.0,11.0,2008-11,62.96911573644873,0.3768268015500718,21.860537826244137,0.0
Rabat-Salé-Kénitra,2008.0,11.0,2008-11,107.87877847060633,0.35805929289947575,20.14702706602036,0.0
Fès-Meknès,2008.0,12.0,2008-12,104.5936135317791,0.30553019735661086,11.027193912313438,0.0
Guelmim-Oued Noun,2008.0,12.0,2008-12,26.120212567886494,0.15944333054035095,23.024625033740236,0.0
Laâyoune-Sakia El Hamra,2008.0,12.0,2008-12,26.84374856474428,0.12985137550944797,25.0770566545902,0.0
Souss-Massa,2008.0,12.0,2008-12,33.65350719192415,0.23403908905357598,20.531271550750734,0.0
Dakhla-Oued Ed-Dahab,2008.0,12.0,2008-12,3.563268478314429,0.12824503105590063,27.784394717513145,0.0
Tanger-Tétouan-Al Hoceima,2008.0,12.0,2008-12,126.20031918803603,0.4755105871705732,11.535323477754213,0.0
Drâa-Tafilalet,2008.0,12.0,2008-12,40.68269001918005,0.1528723023669809,17.119592283908354,0.0
Marrakech-Safi,2008.0,12.0,2008-12,40.669281939220376,0.34023548157280653,16.331719350510244,0.0
l'Oriental,2008.0,12.0,2008-12,46.243573818105276,0.2408404363204926,12.29200093038817,0.0
Béni Mellal-Khénifra,2008.0,12.0,2008-12,79.61431880667784,0.300267367936306,11.429318175569405,0.0
Casablanca-Settat,2008.0,12.0,2008-12,57.7369312641643,0.514922553654985,16.16038699865653,0.0
Rabat-Salé-Kénitra,2008.0,12.0,2008-12,114.86989099934152,0.4472330547305707,14.576600983501036,0.0
Fès-Meknès,2009.0,1.0,2009-01,122.38820956660574,0.356384244569608,10.463229017202224,0.0
Guelmim-Oued Noun,2009.0,1.0,2009-01,21.468597005418914,0.19498897439867388,21.09891788881229,0.0
Laâyoune-Sakia El Hamra,2009.0,1.0,2009-01,8.614467120556226,0.13997839477584284,23.532243990661204,0.0
Souss-Massa,2009.0,1.0,2009-01,40.75552419993265,0.26535992778887363,18.528102090229225,0.0
Dakhla-Oued Ed-Dahab,2009.0,1.0,2009-01,3.0998935976202584,0.11857763975155279,26.65416425111547,0.0
Tanger-Tétouan-Al Hoceima,2009.0,1.0,2009-01,146.05278135901327,0.5113460649041077,11.08270350022893,0.0
Drâa-Tafilalet,2009.0,1.0,2009-01,33.855733834105884,0.1595315706248215,16.246787837376473,0.0
Marrakech-Safi,2009.0,1.0,2009-01,55.14906395816265,0.4082370723706662,14.78834280802539,0.0
l'Oriental,2009.0,1.0,2009-01,69.41559486516529,0.2697862677912862,11.487484347369028,0.0
Béni Mellal-Khénifra,2009.0,1.0,2009-01,84.94478413378178,0.38270415407023,10.798918416912368,0.0
Casablanca-Settat,2009.0,1.0,2009-01,76.64455738841258,0.6493914553850813,15.050860650203587,0.0
Rabat-Salé-Kénitra,2009.0,1.0,2009-01,129.80018778876538,0.5558426527081523,14.170240225737516,0.0
Fès-Meknès,2009.0,2.0,2009-02,74.14222044151609,0.3722633763800373,15.563012720727313,0.0
Guelmim-Oued Noun,2009.0,2.0,2009-02,20.5690506201696,0.24617598612009206,24.869640645879358,0.0
Laâyoune-Sakia El Hamra,2009.0,2.0,2009-02,3.3101423571322828,0.15198609670248245,27.489127629625568,0.0
Souss-Massa,2009.0,2.0,2009-02,54.51829073821668,0.29911073545557576,22.811828700567176,0.0
Dakhla-Oued Ed-Dahab,2009.0,2.0,2009-02,0.15180977721964392,0.060189440993788826,30.74719794819573,0.0
Tanger-Tétouan-Al Hoceima,2009.0,2.0,2009-02,155.34046825801195,0.5159824378591706,15.450089441045513,0.0
Drâa-Tafilalet,2009.0,2.0,2009-02,33.18933575909986,0.16006956011955797,22.35921219348481,0.0
Marrakech-Safi,2009.0,2.0,2009-02,89.21948044695222,0.4633666678041223,17.167090458038412,0.0
l'Oriental,2009.0,2.0,2009-02,20.686766265604444,0.28738923031764996,18.262886297034637,0.0
Béni Mellal-Khénifra,2009.0,2.0,2009-02,79.9360689078627,0.40039134823690675,15.096503062611733,0.0
Casablanca-Settat,2009.0,2.0,2009-02,81.17682896372698,0.658422951809441,17.889834468836796,0.0
Rabat-Salé-Kénitra,2009.0,2.0,2009-02,117.08420128442869,0.5679488869361455,17.655115151846715,0.0
Fès-Meknès,2009.0,3.0,2009-03,63.15993299228009,0.41379697042455793,22.40829436446432,0.0
Guelmim-Oued Noun,2009.0,3.0,2009-03,12.400061728241159,0.27663498802357034,31.95061297223806,0.0
Laâyoune-Sakia El Hamra,2009.0,3.0,2009-03,4.013751483760023,0.1541987402741756,34.008938771212584,0.0
Souss-Massa,2009.0,3.0,2009-03,48.17114769645288,0.3066123012953033,29.050441862978523,0.0
Dakhla-Oued Ed-Dahab,2009.0,3.0,2009-03,1.4412564506457917,0.08508788819875776,36.69690096433477,0.0
Tanger-Tétouan-Al Hoceima,2009.0,3.0,2009-03,65.42272561086574,0.5384350176603276,21.619471686019917,0.0
Drâa-Tafilalet,2009.0,3.0,2009-03,77.4320870107923,0.18026144480341091,27.886527527297773,0.0
Marrakech-Safi,2009.0,3.0,2009-03,65.90557849963214,0.4485204834450927,24.852050815243544,0.0
l'Oriental,2009.0,3.0,2009-03,37.092722644128905,0.30261229512415666,24.94249001702559,0.0
Béni Mellal-Khénifra,2009.0,3.0,2009-03,114.4179659328773,0.4566684147154941,21.814788168084714,0.0
Casablanca-Settat,2009.0,3.0,2009-03,53.76817022757662,0.6128177807372123,24.821151625508925,0.0
Rabat-Salé-Kénitra,2009.0,3.0,2009-03,75.3083372167083,0.5978204908652477,24.24150687053512,0.0
Fès-Meknès,2009.0,4.0,2009-04,22.20798282432454,0.4112446177407779,27.20856119793032,0.0
Guelmim-Oued Noun,2009.0,4.0,2009-04,0.74944690241131,0.22154750680789415,36.39224570430121,0.0
Laâyoune-Sakia El Hamra,2009.0,4.0,2009-04,1.8765959812030901,0.13991870600222303,35.53816661135819,0.0
Souss-Massa,2009.0,4.0,2009-04,7.363101421907928,0.24784698614177106,36.035988366466015,0.0
Dakhla-Oued Ed-Dahab,2009.0,4.0,2009-04,0.2032614524163326,0.12323167701863355,37.92050567657365,0.0
Tanger-Tétouan-Al Hoceima,2009.0,4.0,2009-04,51.94740480966195,0.5417362116984753,24.558599525533765,0.0
Drâa-Tafilalet,2009.0,4.0,2009-04,14.561947160157786,0.18922325729104866,34.83558174478108,0.0
Marrakech-Safi,2009.0,4.0,2009-04,14.868056872737393,0.31709920548418535,31.064787253656213,0.0
l'Oriental,2009.0,4.0,2009-04,18.394093619170977,0.271305859350547,30.38112046686155,0.0
Béni Mellal-Khénifra,2009.0,4.0,2009-04,24.64324568007467,0.40929364344026536,27.816087117682745,0.0
Casablanca-Settat,2009.0,4.0,2009-04,15.395465201213783,0.43225704903320583,29.400879500242123,0.0
Rabat-Salé-Kénitra,2009.0,4.0,2009-04,28.259253136500522,0.5320669870528555,27.437061403508817,0.0
Fès-Meknès,2009.0,5.0,2009-05,18.523869206209206,0.32008413248361944,33.83180314523938,0.0
Guelmim-Oued Noun,2009.0,5.0,2009-05,1.703927546384064,0.18056253699942604,41.48940758013513,0.0
Laâyoune-Sakia El Hamra,2009.0,5.0,2009-05,0.5423919577058646,0.1310305390885513,40.316671577061406,0.0
Souss-Massa,2009.0,5.0,2009-05,3.0405876410720043,0.20528575506187582,41.09823704589098,0.0
Dakhla-Oued Ed-Dahab,2009.0,5.0,2009-05,0.0822563137556196,0.1005,41.13597984704492,0.0
Tanger-Tétouan-Al Hoceima,2009.0,5.0,2009-05,13.862628160287038,0.4752868942529759,30.526974029217193,0.0
Drâa-Tafilalet,2009.0,5.0,2009-05,9.097251871000735,0.17512755214171108,41.111985175976734,0.0
Marrakech-Safi,2009.0,5.0,2009-05,7.510060586795698,0.23248131527303767,37.18244266601184,0.0
l'Oriental,2009.0,5.0,2009-05,9.77450124973529,0.2077397890130435,38.17230100709241,0.0
Béni Mellal-Khénifra,2009.0,5.0,2009-05,20.822917777152117,0.3043205578436534,34.61359006827872,0.0
Casablanca-Settat,2009.0,5.0,2009-05,6.6845152818661875,0.2826895206124804,36.760541256623796,0.0
Rabat-Salé-Kénitra,2009.0,5.0,2009-05,12.029917718255097,0.3800971669754433,34.98452970094046,0.0
Fès-Meknès,2009.0,6.0,2009-06,16.681938503321035,0.25518382943631646,39.584009077330684,0.0
Guelmim-Oued Noun,2009.0,6.0,2009-06,0.9726236282251591,0.16118697620196906,44.02776769736781,0.0
Laâyoune-Sakia El Hamra,2009.0,6.0,2009-06,1.134345303259657,0.12342467580585406,42.74379911454248,0.0
Souss-Massa,2009.0,6.0,2009-06,6.4255276461086686,0.1896552781573752,43.71107296445415,0.0
Dakhla-Oued Ed-Dahab,2009.0,6.0,2009-06,3.0359891456749004,0.08157639751552795,40.57720224216475,0.0
Tanger-Tétouan-Al Hoceima,2009.0,6.0,2009-06,6.535189654774262,0.3862854612892854,36.029040354601065,0.0
Drâa-Tafilalet,2009.0,6.0,2009-06,13.056734316418865,0.1628261217335883,45.130548043298354,0.0
Marrakech-Safi,2009.0,6.0,2009-06,10.506163574293012,0.20718626948088617,40.97842692706055,0.0
l'Oriental,2009.0,6.0,2009-06,10.06306383185572,0.1797867993728928,44.936035048592764,0.0
Béni Mellal-Khénifra,2009.0,6.0,2009-06,19.618720074888973,0.2654174747255303,38.91419677089225,0.0
Casablanca-Settat,2009.0,6.0,2009-06,4.919589161255538,0.2383298474341193,41.45039245452873,0.0
Rabat-Salé-Kénitra,2009.0,6.0,2009-06,7.413492046464347,0.30141392964673486,39.01082125218697,0.0
Fès-Meknès,2009.0,7.0,2009-07,3.629547910146251,0.23014202001615605,42.771691301434146,0.0
Guelmim-Oued Noun,2009.0,7.0,2009-07,0.014816817467609086,0.15030934252588823,46.83384822568124,0.0
Laâyoune-Sakia El Hamra,2009.0,7.0,2009-07,0.05489416669302185,0.1235740737310115,43.36080045520305,0.0
Souss-Massa,2009.0,7.0,2009-07,0.16193328630389983,0.17924326523818707,47.14716393088275,0.0
Dakhla-Oued Ed-Dahab,2009.0,7.0,2009-07,0.22430873783665026,0.1195636645962733,41.46740465644186,0.0
Tanger-Tétouan-Al Hoceima,2009.0,7.0,2009-07,0.07676136962472095,0.35229844346716266,39.408579373205164,0.0
Drâa-Tafilalet,2009.0,7.0,2009-07,2.1105426744349285,0.15368829827915875,46.73895398100876,0.0
Marrakech-Safi,2009.0,7.0,2009-07,0.9718095476729303,0.19458380857916838,43.775962724098505,0.0
l'Oriental,2009.0,7.0,2009-07,2.3782042135721837,0.16778620332599456,45.868798923006494,0.0
Béni Mellal-Khénifra,2009.0,7.0,2009-07,3.4031499955665976,0.24769679540530928,43.23962582675244,0.0
Casablanca-Settat,2009.0,7.0,2009-07,0.15501678007237937,0.22103738920817254,43.0996978742558,0.0
Rabat-Salé-Kénitra,2009.0,7.0,2009-07,0.48278385591153833,0.2774727485730636,41.83807470112265,0.0
Fès-Meknès,2009.0,8.0,2009-08,3.833045147034142,0.22563135916883548,41.25449173460828,0.0
Guelmim-Oued Noun,2009.0,8.0,2009-08,0.05451149336884127,0.1440683089099172,43.71348304547241,0.0
Laâyoune-Sakia El Hamra,2009.0,8.0,2009-08,0.03019046552492861,0.12037682011856243,40.96003371210428,0.0
Souss-Massa,2009.0,8.0,2009-08,0.12475286093309974,0.1761122553056049,45.67072830568508,0.0
Dakhla-Oued Ed-Dahab,2009.0,8.0,2009-08,1.2241807234059032,0.11502484472049691,42.15615710976266,0.0
Tanger-Tétouan-Al Hoceima,2009.0,8.0,2009-08,0.4712120035412606,0.34095512662641153,38.073231714321416,0.0
Drâa-Tafilalet,2009.0,8.0,2009-08,1.1000485156648008,0.15078514318366631,46.157450313338416,0.0
Marrakech-Safi,2009.0,8.0,2009-08,0.3067754483034887,0.19259850814225268,41.37729170448363,0.0
l'Oriental,2009.0,8.0,2009-08,2.0504037794315044,0.16725293129543733,44.0625857299248,0.0
Béni Mellal-Khénifra,2009.0,8.0,2009-08,2.1065443343890387,0.246761837233639,41.40576207860452,0.0
Casablanca-Settat,2009.0,8.0,2009-08,0.025358548786726384,0.22086908591732587,41.59206125580545,0.0
Rabat-Salé-Kénitra,2009.0,8.0,2009-08,0.13396973327013825,0.2729525996466897,40.398994273035456,0.0
Fès-Meknès,2009.0,9.0,2009-09,63.77675385439072,0.26465611222062635,30.7640184991839,0.0
Guelmim-Oued Noun,2009.0,9.0,2009-09,2.501773912132984,0.14410780289437963,38.998950221102504,0.0
Laâyoune-Sakia El Hamra,2009.0,9.0,2009-09,9.123153949037489,0.12138098369766581,39.95342118148093,0.0
Souss-Massa,2009.0,9.0,2009-09,6.627379753496876,0.1835032194812854,37.55212786241067,0.0
Dakhla-Oued Ed-Dahab,2009.0,9.0,2009-09,8.525345649311111,0.09935000000000001,41.10067662693868,0.0
Tanger-Tétouan-Al Hoceima,2009.0,9.0,2009-09,43.56532208435827,0.37938640339160784,31.026307320930613,0.0
Drâa-Tafilalet,2009.0,9.0,2009-09,50.74211420963252,0.1663424082987187,34.51560596124209,0.0
Marrakech-Safi,2009.0,9.0,2009-09,10.272660988026193,0.1993437033980002,34.54842609419883,0.0
l'Oriental,2009.0,9.0,2009-09,70.75697381756106,0.18825641021896178,32.15027523914143,0.0
Béni Mellal-Khénifra,2009.0,9.0,2009-09,39.2936081311028,0.27346601088699324,31.643350573571453,0.0
Casablanca-Settat,2009.0,9.0,2009-09,16.910379913632053,0.24312208168309749,37.96717818196699,0.0
Rabat-Salé-Kénitra,2009.0,9.0,2009-09,45.67607804989105,0.31014834827266785,34.863451646559305,0.0
Fès-Meknès,2009.0,10.0,2009-10,16.48080821834029,0.27487114487029907,31.00495064293385,0.0
Guelmim-Oued Noun,2009.0,10.0,2009-10,2.048814004887269,0.14666608074754767,40.96350050707523,0.0
Laâyoune-Sakia El Hamra,2009.0,10.0,2009-10,1.1009356148968128,0.12281176361615413,40.63748629294645,0.0
Souss-Massa,2009.0,10.0,2009-10,13.03604266873787,0.1840293726713152,38.39883631323015,0.0
Dakhla-Oued Ed-Dahab,2009.0,10.0,2009-10,2.237003644453107,0.027654658385093178,42.08717706415753,0.0
Tanger-Tétouan-Al Hoceima,2009.0,10.0,2009-10,34.71775444948943,0.4032879463071316,28.864138161235303,0.0
Drâa-Tafilalet,2009.0,10.0,2009-10,20.93516772942444,0.1748915964484296,36.05611115718876,0.0
Marrakech-Safi,2009.0,10.0,2009-10,14.399724296393995,0.20031276883956872,35.44779667495976,0.0
l'Oriental,2009.0,10.0,2009-10,7.370930417139032,0.19472160029268773,32.702601811544625,0.0
Béni Mellal-Khénifra,2009.0,10.0,2009-10,24.402265042098897,0.2852390524215758,31.989049006878815,0.0
Casablanca-Settat,2009.0,10.0,2009-10,15.484771794080274,0.252727511043493,36.09910421397933,0.0
Rabat-Salé-Kénitra,2009.0,10.0,2009-10,29.40272673481988,0.32373561227686987,33.54633033848477,0.0
Fès-Meknès,2009.0,11.0,2009-11,32.0316146942047,0.273985109842025,23.38708201949077,0.0
Guelmim-Oued Noun,2009.0,11.0,2009-11,3.907694422661163,0.14628068607182218,32.874404156128044,0.0
Laâyoune-Sakia El Hamra,2009.0,11.0,2009-11,2.432236191838677,0.12096963690255652,32.897856275275885,0.0
Souss-Massa,2009.0,11.0,2009-11,11.57257537492841,0.18245674206189272,30.450828848970556,0.0
Dakhla-Oued Ed-Dahab,2009.0,11.0,2009-11,1.3926539692219126,0.07106770186335404,34.42463933373728,0.0
Tanger-Tétouan-Al Hoceima,2009.0,11.0,2009-11,52.757056007288604,0.4376464008508743,21.299960044949433,0.0
Drâa-Tafilalet,2009.0,11.0,2009-11,15.243788991191428,0.17111130129008137,27.584288334050168,0.0
Marrakech-Safi,2009.0,11.0,2009-11,14.626539083397367,0.19845656321324226,27.60282128709171,0.0
l'Oriental,2009.0,11.0,2009-11,16.86261899749904,0.1944061568391783,24.391571466084457,0.0
Béni Mellal-Khénifra,2009.0,11.0,2009-11,23.421144921255088,0.2834460674638632,23.989088624803387,0.0
Casablanca-Settat,2009.0,11.0,2009-11,10.971452890582851,0.2556384348219787,27.929950140147735,0.0
Rabat-Salé-Kénitra,2009.0,11.0,2009-11,27.03001664277734,0.33258262609888134,25.30856641365363,0.0
Fès-Meknès,2009.0,12.0,2009-12,104.67927053919637,0.309395105354097,14.980583115030663,0.0
Guelmim-Oued Noun,2009.0,12.0,2009-12,40.56050347398264,0.16388914562063406,27.368995702357434,0.0
Laâyoune-Sakia El Hamra,2009.0,12.0,2009-12,19.221576307549434,0.12094354390515007,29.850915340403702,0.0
Souss-Massa,2009.0,12.0,2009-12,62.12820139191474,0.19761835397759778,22.816402605447006,0.0
Dakhla-Oued Ed-Dahab,2009.0,12.0,2009-12,3.229917449824999,0.05286956521739131,32.327917983491204,0.0
Tanger-Tétouan-Al Hoceima,2009.0,12.0,2009-12,265.25906756156587,0.4843160535985401,12.93917058309403,0.0
Drâa-Tafilalet,2009.0,12.0,2009-12,47.02225193274839,0.16882269917144663,21.418236543035082,0.0
Marrakech-Safi,2009.0,12.0,2009-12,69.07985549491873,0.2262728948827881,19.74643263251934,0.0
l'Oriental,2009.0,12.0,2009-12,38.354592419006075,0.19575045135155045,17.763801046522353,0.0
Béni Mellal-Khénifra,2009.0,12.0,2009-12,96.5043713169169,0.32575895958532747,15.717397594716958,0.0
Casablanca-Settat,2009.0,12.0,2009-12,91.2584748528703,0.3324379635446841,19.16573825453014,0.0
Rabat-Salé-Kénitra,2009.0,12.0,2009-12,149.55075293567026,0.4178133642593425,16.206077343199464,0.0
Fès-Meknès,2010.0,1.0,2010-01,134.93550852447007,0.3426022362220637,13.611522905502095,0.0
Guelmim-Oued Noun,2010.0,1.0,2010-01,17.375937541861312,0.21437932585906952,25.68089573190444,0.0
Laâyoune-Sakia El Hamra,2010.0,1.0,2010-01,5.486729505689411,0.12137145702111896,28.386523962052955,0.0
Souss-Massa,2010.0,1.0,2010-01,38.84746672046107,0.23832147960941674,21.449901182710384,0.0
Dakhla-Oued Ed-Dahab,2010.0,1.0,2010-01,0.7855760679406897,0.08385962732919254,30.64390285701809,0.0
Tanger-Tétouan-Al Hoceima,2010.0,1.0,2010-01,245.234761947625,0.5055557355152764,13.60659475589963,0.0
Drâa-Tafilalet,2010.0,1.0,2010-01,47.808119041609594,0.16243209808575645,20.170875786882302,0.0
Marrakech-Safi,2010.0,1.0,2010-01,52.26836503647987,0.2919457932851266,17.228350318017963,0.0
l'Oriental,2010.0,1.0,2010-01,66.32430234963248,0.2075873784395472,16.845839616209293,0.0
Béni Mellal-Khénifra,2010.0,1.0,2010-01,125.01591238155899,0.3620731506187045,12.741695709288674,0.0
Casablanca-Settat,2010.0,1.0,2010-01,101.4637461078076,0.4603787512134243,16.640615708820135,0.0
Rabat-Salé-Kénitra,2010.0,1.0,2010-01,155.53150749127087,0.49433176651954375,15.284316545779303,0.0
Fès-Meknès,2010.0,2.0,2010-02,124.82408820759676,0.39761764619423745,16.42093142599451,0.0
Guelmim-Oued Noun,2010.0,2.0,2010-02,26.948670061779776,0.2757646941228973,27.89031764121739,0.0
Laâyoune-Sakia El Hamra,2010.0,2.0,2010-02,7.512987167414753,0.11921610318636532,31.68390467988119,0.0
Souss-Massa,2010.0,2.0,2010-02,83.96097820645717,0.29948890421878843,22.87928047753623,0.0
Dakhla-Oued Ed-Dahab,2010.0,2.0,2010-02,1.633612972160203,0.07279130434782609,35.588912033045446,0.0
Tanger-Tétouan-Al Hoceima,2010.0,2.0,2010-02,258.43593861039125,0.5090162682300808,14.381282613703558,0.0
Drâa-Tafilalet,2010.0,2.0,2010-02,75.23963572738282,0.16090517307311916,22.19773738111176,0.0
Marrakech-Safi,2010.0,2.0,2010-02,120.45852483514668,0.39341100793662587,18.686381525418316,0.0
l'Oriental,2010.0,2.0,2010-02,44.337196970565245,0.22125882089867843,19.532094962791103,0.0
Béni Mellal-Khénifra,2010.0,2.0,2010-02,159.07610032876173,0.42929987684050763,15.579770525608353,0.0
Casablanca-Settat,2010.0,2.0,2010-02,108.82310578197269,0.5902525343591805,18.052503065518238,0.0
Rabat-Salé-Kénitra,2010.0,2.0,2010-02,164.23678522326512,0.5687849899865132,17.52403296066292,0.0
Fès-Meknès,2010.0,3.0,2010-03,101.63764284750727,0.41231518995153,20.18217792212245,0.0
Guelmim-Oued Noun,2010.0,3.0,2010-03,6.945700236795851,0.29408024116795234,30.972912963573943,0.0
Laâyoune-Sakia El Hamra,2010.0,3.0,2010-03,1.7591431376469482,0.11742820025935533,32.083358426439474,0.0
Souss-Massa,2010.0,3.0,2010-03,31.529238136657973,0.339095105382109,28.40315199086351,0.0
Dakhla-Oued Ed-Dahab,2010.0,3.0,2010-03,0.41610983586663225,0.08316708074534163,34.95920938040346,0.0
Tanger-Tétouan-Al Hoceima,2010.0,3.0,2010-03,166.9474157212213,0.5458764892143282,18.914663426719105,0.0
Drâa-Tafilalet,2010.0,3.0,2010-03,46.98049270934004,0.17251343750686798,28.833751865339337,0.0
Marrakech-Safi,2010.0,3.0,2010-03,49.93917998057465,0.4355064310365425,23.824109806057148,0.0
l'Oriental,2010.0,3.0,2010-03,43.13450443604108,0.24239533110196723,23.658584582128704,0.0
Béni Mellal-Khénifra,2010.0,3.0,2010-03,97.42567455436743,0.455799353450914,20.325395227111922,0.0
Casablanca-Settat,2010.0,3.0,2010-03,53.41327688906144,0.5943941253860185,21.90843928637193,0.0
Rabat-Salé-Kénitra,2010.0,3.0,2010-03,108.50203136569583,0.5548514934793667,21.001478964132826,0.0
Fès-Meknès,2010.0,4.0,2010-04,65.85647181620541,0.40159301599946184,26.12737672637698,0.0
Guelmim-Oued Noun,2010.0,4.0,2010-04,2.5877805417581943,0.22532147150702647,37.146740317530174,0.0
Laâyoune-Sakia El Hamra,2010.0,4.0,2010-04,3.1999151428891905,0.11763071507965918,37.97003611025456,0.0
Souss-Massa,2010.0,4.0,2010-04,13.919253616593199,0.2811028696614511,34.72688573908108,0.0
Dakhla-Oued Ed-Dahab,2010.0,4.0,2010-04,0.6175873303546431,0.12821739130434784,40.73224214943047,0.0
Tanger-Tétouan-Al Hoceima,2010.0,4.0,2010-04,64.33410529596901,0.5288933355096548,24.502992483456143,0.0
Drâa-Tafilalet,2010.0,4.0,2010-04,28.020181514479734,0.1781206859189908,35.65073513498917,0.0
Marrakech-Safi,2010.0,4.0,2010-04,21.350233580277127,0.31267496763653946,31.910239451307852,0.0
l'Oriental,2010.0,4.0,2010-04,47.140489173583795,0.24065872323348664,30.688735966334427,0.0
Béni Mellal-Khénifra,2010.0,4.0,2010-04,71.18496432761431,0.39588622602597207,28.994816024358354,0.0
Casablanca-Settat,2010.0,4.0,2010-04,27.36630449586493,0.45132111462370056,31.532104384475332,0.0
Rabat-Salé-Kénitra,2010.0,4.0,2010-04,44.981192421986215,0.4801466184430397,29.189022118141665,0.0
Fès-Meknès,2010.0,5.0,2010-05,22.45067506330674,0.3238299222466561,31.604613178830366,0.0
Guelmim-Oued Noun,2010.0,5.0,2010-05,3.5626747555312637,0.18291889133780806,39.86583250857254,0.0
Laâyoune-Sakia El Hamra,2010.0,5.0,2010-05,1.1747728662496935,0.11457223045572437,39.537568826479664,0.0
Souss-Massa,2010.0,5.0,2010-05,7.611261285074805,0.2298103298702361,39.799097546182516,0.0
Dakhla-Oued Ed-Dahab,2010.0,5.0,2010-05,0.008899577211399008,0.09206583850931677,41.4544579271538,0.0
Tanger-Tétouan-Al Hoceima,2010.0,5.0,2010-05,25.051258013002855,0.47551330752677573,28.747090947683848,0.0
Drâa-Tafilalet,2010.0,5.0,2010-05,12.002799759316355,0.16643271224808248,40.47492853684743,0.0
Marrakech-Safi,2010.0,5.0,2010-05,11.345040016415625,0.23433765704656495,36.496452372054335,0.0
l'Oriental,2010.0,5.0,2010-05,18.011042424009002,0.1993996102669795,36.13238476892147,0.0
Béni Mellal-Khénifra,2010.0,5.0,2010-05,19.285659810419016,0.30747989715799906,33.5631551621428,0.0
Casablanca-Settat,2010.0,5.0,2010-05,9.363375310632655,0.2896609717050012,35.408298913599516,0.0
Rabat-Salé-Kénitra,2010.0,5.0,2010-05,19.683893751690672,0.37042210839872153,33.69686723192162,0.0
Fès-Meknès,2010.0,6.0,2010-06,7.182611741746501,0.26162661397091846,38.05326366903979,0.0
Guelmim-Oued Noun,2010.0,6.0,2010-06,0.0,0.16231285895135644,40.18670437517564,0.0
Laâyoune-Sakia El Hamra,2010.0,6.0,2010-06,0.0,0.11487134586884036,40.16874109495173,0.0
Souss-Massa,2010.0,6.0,2010-06,0.01689747044849436,0.2059732177896913,44.08894870434066,0.0
Dakhla-Oued Ed-Dahab,2010.0,6.0,2010-06,0.0,0.06608198757763975,39.952847653638095,0.0
Tanger-Tétouan-Al Hoceima,2010.0,6.0,2010-06,4.065968714619193,0.4155500890176902,33.7052956174304,0.0
Drâa-Tafilalet,2010.0,6.0,2010-06,1.4585005576286785,0.15892059998681338,46.15126630584685,0.0
Marrakech-Safi,2010.0,6.0,2010-06,0.6166438811654932,0.2074516837889194,39.95372299872935,0.0
l'Oriental,2010.0,6.0,2010-06,6.693228872677764,0.1732571266129672,42.544893465672715,0.0
Béni Mellal-Khénifra,2010.0,6.0,2010-06,3.6978793210335903,0.27540519274078057,38.9081739502345,0.0
Casablanca-Settat,2010.0,6.0,2010-06,0.0,0.24420280033609737,40.10662004623855,0.0
Rabat-Salé-Kénitra,2010.0,6.0,2010-06,1.1132938610107626,0.31520716770197627,37.76345510916318,0.0
Fès-Meknès,2010.0,7.0,2010-07,5.233350190430142,0.22950774010411987,40.97658807069441,0.0
Guelmim-Oued Noun,2010.0,7.0,2010-07,0.0,0.15171748923032075,43.35058063439391,0.0
Laâyoune-Sakia El Hamra,2010.0,7.0,2010-07,0.021921267956169752,0.11210588180807707,40.291021465347136,0.0
Souss-Massa,2010.0,7.0,2010-07,0.010626042226557254,0.19094202640830676,44.86028778092524,0.0
Dakhla-Oued Ed-Dahab,2010.0,7.0,2010-07,0.33571888101800185,0.10717701863354037,39.44469633574566,0.0
Tanger-Tétouan-Al Hoceima,2010.0,7.0,2010-07,3.0548219353423467,0.35997869930318915,37.15963071544516,0.0
Drâa-Tafilalet,2010.0,7.0,2010-07,2.146131921442974,0.1462948952770268,45.39720698660812,0.0
Marrakech-Safi,2010.0,7.0,2010-07,0.19250833463825942,0.19310452974118808,41.448891920173395,0.0
l'Oriental,2010.0,7.0,2010-07,2.494744113687641,0.16292374982787688,44.100296826283326,0.0
Béni Mellal-Khénifra,2010.0,7.0,2010-07,1.9170263798085316,0.24478074198621846,40.71844730933145,0.0
Casablanca-Settat,2010.0,7.0,2010-07,0.8751467011932488,0.22987373804940137,40.692010372977144,0.0
Rabat-Salé-Kénitra,2010.0,7.0,2010-07,1.7233566924762607,0.2803716719566632,39.6540851663873,0.0
Fès-Meknès,2010.0,8.0,2010-08,7.842484063299517,0.23971985627412248,41.03128981704584,0.0
Guelmim-Oued Noun,2010.0,8.0,2010-08,0.8413100254906983,0.1521610178599076,45.76503361525161,0.0
Laâyoune-Sakia El Hamra,2010.0,8.0,2010-08,1.439358380153916,0.11608925064838833,43.16280939236062,0.0
Souss-Massa,2010.0,8.0,2010-08,2.025726807189269,0.19701586803791368,45.395722073818845,0.0
Dakhla-Oued Ed-Dahab,2010.0,8.0,2010-08,4.951445484810685,0.09001614906832299,43.037859675679904,0.0
Tanger-Tétouan-Al Hoceima,2010.0,8.0,2010-08,2.0433360762791297,0.3663249679783589,38.70808220751653,0.0
Drâa-Tafilalet,2010.0,8.0,2010-08,5.667878052235254,0.15343600437353025,45.327583846241424,0.0
Marrakech-Safi,2010.0,8.0,2010-08,2.0567646482023596,0.1950237561860072,43.57772950857595,0.0
l'Oriental,2010.0,8.0,2010-08,5.91067178201145,0.16508464887450977,42.7502178766611,0.0
Béni Mellal-Khénifra,2010.0,8.0,2010-08,5.8575797194996975,0.2585922758344247,42.42811758595937,0.0
Casablanca-Settat,2010.0,8.0,2010-08,0.2721613056244834,0.22950716124111317,44.6935029359412,0.0
Rabat-Salé-Kénitra,2010.0,8.0,2010-08,0.9438037926353862,0.2843039942877122,43.464276110766946,0.0
Fès-Meknès,2010.0,9.0,2010-09,16.397555902932957,0.24309021328875383,35.11069368788352,0.0
Guelmim-Oued Noun,2010.0,9.0,2010-09,4.893448603349355,0.15364252133443826,42.00056891001612,0.0
Laâyoune-Sakia El Hamra,2010.0,9.0,2010-09,8.459316670166315,0.11681058725453872,41.02960973933725,0.0
Souss-Massa,2010.0,9.0,2010-09,8.935221760041614,0.2038973134716234,40.035806107229,0.0
Dakhla-Oued Ed-Dahab,2010.0,9.0,2010-09,19.814346609796456,0.060664906832298145,39.70693480136141,0.0
Tanger-Tétouan-Al Hoceima,2010.0,9.0,2010-09,12.319838109233562,0.3719295385513443,33.099034436259196,0.0
Drâa-Tafilalet,2010.0,9.0,2010-09,20.37304910338939,0.15881210676688415,39.11872920480129,0.0
Marrakech-Safi,2010.0,9.0,2010-09,4.956655993291525,0.1983656749078622,36.99365797500703,0.0
l'Oriental,2010.0,9.0,2010-09,17.194647851274677,0.1683956836253433,36.801073577729476,0.0
Béni Mellal-Khénifra,2010.0,9.0,2010-09,11.62953646440891,0.2623886235817536,35.228545832251406,0.0
Casablanca-Settat,2010.0,9.0,2010-09,3.108519294994392,0.23126150112572233,38.00966745094833,0.0
Rabat-Salé-Kénitra,2010.0,9.0,2010-09,6.625265475414687,0.2848469506463787,37.87115133856978,0.0
Fès-Meknès,2010.0,10.0,2010-10,66.66803493620246,0.28368338030697465,25.36404904405484,0.0
Guelmim-Oued Noun,2010.0,10.0,2010-10,9.829550252477285,0.16978831865499655,37.08543945589116,0.0
Laâyoune-Sakia El Hamra,2010.0,10.0,2010-10,4.044651264990708,0.12063818080770658,37.951934054451975,0.0
Souss-Massa,2010.0,10.0,2010-10,25.89086163529226,0.21815756142287338,33.9027365582032,0.0
Dakhla-Oued Ed-Dahab,2010.0,10.0,2010-10,3.9258145962515623,0.1258,39.60833303912791,0.0
Tanger-Tétouan-Al Hoceima,2010.0,10.0,2010-10,83.96742495969718,0.4201195753772199,23.854883639239226,0.0
Drâa-Tafilalet,2010.0,10.0,2010-10,43.550549149855144,0.16522203116415032,31.898661308376862,0.0
Marrakech-Safi,2010.0,10.0,2010-10,22.136921311568116,0.20842702462310264,30.650417783377655,0.0
l'Oriental,2010.0,10.0,2010-10,43.51803378476947,0.19118490126627322,26.75108553949641,0.0
Béni Mellal-Khénifra,2010.0,10.0,2010-10,54.308180077227064,0.2960769010929831,26.42038555811837,0.0
Casablanca-Settat,2010.0,10.0,2010-10,50.13112309084198,0.281349980217566,30.87361290586579,0.0
Rabat-Salé-Kénitra,2010.0,10.0,2010-10,83.20253172021377,0.3447339436792416,27.678072149730315,0.0
Fès-Meknès,2010.0,11.0,2010-11,87.86756915687994,0.32298056200071784,19.172946666218497,0.0
Guelmim-Oued Noun,2010.0,11.0,2010-11,12.50823380453461,0.1769008547436679,29.934534807128166,0.0
Laâyoune-Sakia El Hamra,2010.0,11.0,2010-11,4.546942040137069,0.11914471563542055,31.52775693187157,0.0
Souss-Massa,2010.0,11.0,2010-11,24.923175910042552,0.22568821276732473,27.93647855732557,0.0
Dakhla-Oued Ed-Dahab,2010.0,11.0,2010-11,1.6176323547953362,0.10741614906832299,34.90120105654937,0.0
Tanger-Tétouan-Al Hoceima,2010.0,11.0,2010-11,158.07475888079443,0.49286267074171913,17.22788831730974,0.0
Drâa-Tafilalet,2010.0,11.0,2010-11,25.648882535851353,0.16856030515812853,26.594215973991645,0.0
Marrakech-Safi,2010.0,11.0,2010-11,44.652539030176406,0.21761410193796846,24.74775761943919,0.0
l'Oriental,2010.0,11.0,2010-11,28.029727064750606,0.20760967605316455,21.457614335009584,0.0
Béni Mellal-Khénifra,2010.0,11.0,2010-11,68.6178612942198,0.3273262320539026,20.952811523362964,0.0
Casablanca-Settat,2010.0,11.0,2010-11,73.16764174539342,0.34629599132708594,23.858484501912994,0.0
Rabat-Salé-Kénitra,2010.0,11.0,2010-11,133.18447594464078,0.4430704856427934,21.1932748183652,0.0
Fès-Meknès,2010.0,12.0,2010-12,100.67592586172735,0.3857751413697156,15.288717539072161,0.0
Guelmim-Oued Noun,2010.0,12.0,2010-12,17.79154061236931,0.21218377626390078,26.37203738415865,0.0
Laâyoune-Sakia El Hamra,2010.0,12.0,2010-12,12.931099269011394,0.12071489903668027,28.60766491222463,0.0
Souss-Massa,2010.0,12.0,2010-12,31.909944219418644,0.26276867079551935,22.147269587632152,0.0
Dakhla-Oued Ed-Dahab,2010.0,12.0,2010-12,2.8994883123180597,0.1391655279503106,31.340628935039746,0.0
Tanger-Tétouan-Al Hoceima,2010.0,12.0,2010-12,192.51592240838528,0.5478689292108045,15.248399317434579,0.0
Drâa-Tafilalet,2010.0,12.0,2010-12,49.44742717115856,0.16613542361706338,20.4532397320341,0.0
Marrakech-Safi,2010.0,12.0,2010-12,40.86998916806241,0.27108461336649403,20.350570471136397,0.0
l'Oriental,2010.0,12.0,2010-12,35.97206274517675,0.2203565508962373,17.123980754886773,0.0
Béni Mellal-Khénifra,2010.0,12.0,2010-12,108.11980304302706,0.40591403651028746,15.25813356347476,0.0
Casablanca-Settat,2010.0,12.0,2010-12,69.18880310651149,0.4794631451214887,19.0068379060363,0.0
Rabat-Salé-Kénitra,2010.0,12.0,2010-12,130.0168063768465,0.5443690326653133,17.551807046398924,0.0
Fès-Meknès,2011.0,1.0,2011-01,49.78468559577167,0.4087996561125574,14.37359831113896,0.0
Guelmim-Oued Noun,2011.0,1.0,2011-01,13.357916572891277,0.22098301214036553,25.915594177688487,0.0
Laâyoune-Sakia El Hamra,2011.0,1.0,2011-01,5.645719611379343,0.12103347072989998,27.686752140569226,0.0
Souss-Massa,2011.0,1.0,2011-01,30.241095216081558,0.2933705129328213,21.66374829013504,0.0
Dakhla-Oued Ed-Dahab,2011.0,1.0,2011-01,3.2940483528692392,0.11862981366459628,29.503167983562467,0.0
Tanger-Tétouan-Al Hoceima,2011.0,1.0,2011-01,119.02594823834046,0.5647385727921029,13.758116344112903,0.0
Drâa-Tafilalet,2011.0,1.0,2011-01,19.004696974016507,0.16344156556998743,20.101246641424787,0.0
Marrakech-Safi,2011.0,1.0,2011-01,39.671776384243564,0.31775693079231304,18.838537925462482,0.0
l'Oriental,2011.0,1.0,2011-01,20.922470751875387,0.217713231014692,16.11201248010497,0.0
Béni Mellal-Khénifra,2011.0,1.0,2011-01,50.008841495955885,0.43859409737096566,14.563513418974477,0.0
Casablanca-Settat,2011.0,1.0,2011-01,51.58509100504534,0.5841429303847033,17.686751560038516,0.0
Rabat-Salé-Kénitra,2011.0,1.0,2011-01,77.73843071648417,0.6053031175076286,16.2960266392696,0.0
Fès-Meknès,2011.0,2.0,2011-02,51.22987526385816,0.4162409819585314,16.436524071417008,0.0
Guelmim-Oued Noun,2011.0,2.0,2011-02,5.186929098827584,0.21965207014635835,28.39047432911116,0.0
Laâyoune-Sakia El Hamra,2011.0,2.0,2011-02,1.82308017520193,0.12070749814746204,29.659670681911404,0.0
Souss-Massa,2011.0,2.0,2011-02,11.77085674461088,0.3012278166628712,25.01425999141838,0.0
Dakhla-Oued Ed-Dahab,2011.0,2.0,2011-02,1.7750182964979915,0.1058108695652174,30.38417058959446,0.0
Tanger-Tétouan-Al Hoceima,2011.0,2.0,2011-02,84.58442254179376,0.5637333582329521,16.410470695467627,0.0
Drâa-Tafilalet,2011.0,2.0,2011-02,13.633054169263344,0.1554610783279486,23.798424107289225,0.0
Marrakech-Safi,2011.0,2.0,2011-02,17.471140846690083,0.3372074051009503,21.803153428080282,0.0
l'Oriental,2011.0,2.0,2011-02,20.394235731011495,0.21451293937045915,19.690509808949585,0.0
Béni Mellal-Khénifra,2011.0,2.0,2011-02,31.625357062827693,0.4617166660036965,16.452658499702167,0.0
Casablanca-Settat,2011.0,2.0,2011-02,33.164193783331605,0.6349375131571429,19.000959080958374,0.0
Rabat-Salé-Kénitra,2011.0,2.0,2011-02,51.92134601004896,0.626797672596992,17.678750888431303,0.0
Fès-Meknès,2011.0,3.0,2011-03,46.496326861349715,0.42791196032672063,23.046817724428163,0.0
Guelmim-Oued Noun,2011.0,3.0,2011-03,7.123861497143111,0.21035128826309882,32.02120087674574,0.0
Laâyoune-Sakia El Hamra,2011.0,3.0,2011-03,3.366910030244441,0.11693252593553166,33.15769793867746,0.0
Souss-Massa,2011.0,3.0,2011-03,42.99494095371452,0.2940757180358695,28.994452149590636,0.0
Dakhla-Oued Ed-Dahab,2011.0,3.0,2011-03,0.05321918404098333,0.11723105590062112,36.099721924798295,0.0
Tanger-Tétouan-Al Hoceima,2011.0,3.0,2011-03,106.08015201788719,0.564228409237071,21.470985474674343,0.0
Drâa-Tafilalet,2011.0,3.0,2011-03,38.817945682172734,0.15623251027449953,29.596523905919344,0.0
Marrakech-Safi,2011.0,3.0,2011-03,68.72641552807754,0.3326253657017696,26.8948226538392,0.0
l'Oriental,2011.0,3.0,2011-03,21.488539194169334,0.20869205753274128,26.314257117530996,0.0
Béni Mellal-Khénifra,2011.0,3.0,2011-03,83.29444113921323,0.4656829412628668,22.769190874791907,0.0
Casablanca-Settat,2011.0,3.0,2011-03,50.03465589286117,0.6052192990900084,24.367580354768144,0.0
Rabat-Salé-Kénitra,2011.0,3.0,2011-03,62.25831587394096,0.6158498576468828,23.52862571074506,0.0
Fès-Meknès,2011.0,4.0,2011-04,63.66520155111244,0.3862210960640878,29.294399567806238,0.0
Guelmim-Oued Noun,2011.0,4.0,2011-04,3.648804892097115,0.1810090328691517,38.92671028734999,0.0
Laâyoune-Sakia El Hamra,2011.0,4.0,2011-04,2.265132186489673,0.11691695072248984,38.603609914933536,0.0
Souss-Massa,2011.0,4.0,2011-04,35.43134265464723,0.2699093839424414,36.56197333470977,0.0
Dakhla-Oued Ed-Dahab,2011.0,4.0,2011-04,0.1226689870315526,0.13280062111801244,40.67905157954204,0.0
Tanger-Tétouan-Al Hoceima,2011.0,4.0,2011-04,103.36502876617558,0.5390172036576386,26.043773754526143,0.0
Drâa-Tafilalet,2011.0,4.0,2011-04,35.75276633998003,0.16056283664095286,36.54370592543019,0.0
Marrakech-Safi,2011.0,4.0,2011-04,60.16808411411744,0.2895746047521447,32.588499667211245,0.0
l'Oriental,2011.0,4.0,2011-04,40.15023812324356,0.18967948902895876,33.21625884122476,0.0
Béni Mellal-Khénifra,2011.0,4.0,2011-04,65.45968016966884,0.381230522900016,30.467131786498076,0.0
Casablanca-Settat,2011.0,4.0,2011-04,49.30176402216864,0.4511973990113233,31.158433905518006,0.0
Rabat-Salé-Kénitra,2011.0,4.0,2011-04,68.07148161976926,0.5177366204410058,29.44688241118728,0.0
Fès-Meknès,2011.0,5.0,2011-05,98.86592610739291,0.34251203392873164,30.347547492652655,0.0
Guelmim-Oued Noun,2011.0,5.0,2011-05,6.8849420105755526,0.1705295335112341,38.539175605741,0.0
Laâyoune-Sakia El Hamra,2011.0,5.0,2011-05,1.6866029969293919,0.11691311133753242,39.461280983895634,0.0
Souss-Massa,2011.0,5.0,2011-05,28.914571805291388,0.24499057167384944,37.322690870396585,0.0
Dakhla-Oued Ed-Dahab,2011.0,5.0,2011-05,0.00983064156256999,0.10007391304347828,42.00205865614694,0.0
Tanger-Tétouan-Al Hoceima,2011.0,5.0,2011-05,78.70001274304384,0.5120321950471438,28.03957160694222,0.0
Drâa-Tafilalet,2011.0,5.0,2011-05,52.45587775690376,0.16690975011538223,37.738022356104466,0.0
Marrakech-Safi,2011.0,5.0,2011-05,69.36855868815226,0.2525956408468129,32.826278898344604,0.0
l'Oriental,2011.0,5.0,2011-05,44.931966859346495,0.1844890344098438,33.82283681057691,0.0
Béni Mellal-Khénifra,2011.0,5.0,2011-05,110.20020556460798,0.3372463078161145,30.269233155635693,0.0
Casablanca-Settat,2011.0,5.0,2011-05,54.29799890755645,0.3185185618374416,33.419955602839785,0.0
Rabat-Salé-Kénitra,2011.0,5.0,2011-05,79.85581673155457,0.3886698247717128,32.41488220312732,0.0
Fès-Meknès,2011.0,6.0,2011-06,23.327062619325194,0.2854328994255446,38.31201098270877,0.0
Guelmim-Oued Noun,2011.0,6.0,2011-06,0.7407555753283249,0.1523254464976912,44.26605833752645,0.0
Laâyoune-Sakia El Hamra,2011.0,6.0,2011-06,0.3675494585395251,0.11543426732123008,42.40598429890672,0.0
Souss-Massa,2011.0,6.0,2011-06,2.4348306325155247,0.21849465809345242,44.65557253053562,0.0
Dakhla-Oued Ed-Dahab,2011.0,6.0,2011-06,0.11032173757187143,0.11272298136645964,43.28530271234642,0.0
Tanger-Tétouan-Al Hoceima,2011.0,6.0,2011-06,8.36455696438145,0.44342588794706417,34.79142347359224,0.0
Drâa-Tafilalet,2011.0,6.0,2011-06,11.081104498385919,0.16334850937342033,44.23765697300984,0.0
Marrakech-Safi,2011.0,6.0,2011-06,5.373103270273838,0.21958718850242284,41.02732670603185,0.0
l'Oriental,2011.0,6.0,2011-06,15.75197187246339,0.17314076793282987,41.74945194274279,0.0
Béni Mellal-Khénifra,2011.0,6.0,2011-06,19.718214584270402,0.29170138428209524,38.908466586219035,0.0
Casablanca-Settat,2011.0,6.0,2011-06,3.129362450834481,0.2720399878450201,41.30622935122866,0.0
Rabat-Salé-Kénitra,2011.0,6.0,2011-06,9.101740048418199,0.33337608308699673,40.238165229989825,0.0
Fès-Meknès,2011.0,7.0,2011-07,2.7046730501094443,0.2460732199757657,39.92397656826074,0.0
Guelmim-Oued Noun,2011.0,7.0,2011-07,0.07059293527453951,0.13945294401588357,39.677026726138315,0.0
Laâyoune-Sakia El Hamra,2011.0,7.0,2011-07,0.013614981178949461,0.10782592163764358,37.4551012558397,0.0
Souss-Massa,2011.0,7.0,2011-07,0.1842045814416073,0.19755090169008518,44.08520406270366,0.0
Dakhla-Oued Ed-Dahab,2011.0,7.0,2011-07,0.023904094680050992,0.07907329192546585,39.93305470720657,0.0
Tanger-Tétouan-Al Hoceima,2011.0,7.0,2011-07,0.9748983821228139,0.38788246335660026,37.35605373954306,0.0
Drâa-Tafilalet,2011.0,7.0,2011-07,0.9683364814300086,0.15059676051075802,44.81855001649153,0.0
Marrakech-Safi,2011.0,7.0,2011-07,0.11494894533477155,0.2000005113532145,40.677953381098284,0.0
l'Oriental,2011.0,7.0,2011-07,1.386214490950187,0.16006263305992277,42.87906953363574,0.0
Béni Mellal-Khénifra,2011.0,7.0,2011-07,2.0169375135251815,0.2565475094243785,41.084105228588506,0.0
Casablanca-Settat,2011.0,7.0,2011-07,0.1156705587478968,0.24958656976673058,41.35388117110301,0.0
Rabat-Salé-Kénitra,2011.0,7.0,2011-07,1.0161715324819112,0.2999609867680177,40.74741379938771,0.0
Fès-Meknès,2011.0,8.0,2011-08,8.576177873693188,0.24315993122251153,39.0619895550826,0.0
Guelmim-Oued Noun,2011.0,8.0,2011-08,0.0988840897408409,0.14365798641153368,42.63803308151755,0.0
Laâyoune-Sakia El Hamra,2011.0,8.0,2011-08,0.30710742882878184,0.11436145794738796,39.83266970961196,0.0
Souss-Massa,2011.0,8.0,2011-08,1.9698275164333043,0.1959081582774146,42.87043619837868,0.0
Dakhla-Oued Ed-Dahab,2011.0,8.0,2011-08,4.112929150424349,0.12488913043478263,41.41243460632253,0.0
Tanger-Tétouan-Al Hoceima,2011.0,8.0,2011-08,1.6711656730916595,0.374226230404306,36.66856583843174,0.0
Drâa-Tafilalet,2011.0,8.0,2011-08,7.841475723043423,0.15084236994791322,43.27072304122482,0.0
Marrakech-Safi,2011.0,8.0,2011-08,1.577033475170162,0.1971621943000704,39.6562008478105,0.0
l'Oriental,2011.0,8.0,2011-08,6.77263662834568,0.15958158149518076,42.98808089039341,0.0
Béni Mellal-Khénifra,2011.0,8.0,2011-08,9.115709407988783,0.25854009782382537,39.13303091633958,0.0
Casablanca-Settat,2011.0,8.0,2011-08,0.18412714149227105,0.24057565758878643,40.03088769769017,0.0
Rabat-Salé-Kénitra,2011.0,8.0,2011-08,1.0065397142680215,0.29288374068473183,38.78350663817616,0.0
Fès-Meknès,2011.0,9.0,2011-09,7.775475481278294,0.24359829077282097,36.28788793981777,0.0
Guelmim-Oued Noun,2011.0,9.0,2011-09,1.0120261481436679,0.14399437563183634,42.83052183200205,0.0
Laâyoune-Sakia El Hamra,2011.0,9.0,2011-09,2.6810192855026913,0.11593534179325675,40.7426498202855,0.0
Souss-Massa,2011.0,9.0,2011-09,2.5861806496391475,0.1973232867012392,41.97205169276637,0.0
Dakhla-Oued Ed-Dahab,2011.0,9.0,2011-09,2.956008023883322,0.08944596273291926,42.275708294342465,0.0
Tanger-Tétouan-Al Hoceima,2011.0,9.0,2011-09,13.080527877556921,0.371932277319776,34.064989312023954,0.0
Drâa-Tafilalet,2011.0,9.0,2011-09,6.833903500305402,0.15121503450473617,40.75436562226957,0.0
Marrakech-Safi,2011.0,9.0,2011-09,2.49602538386044,0.19888205765661984,39.508871426079935,0.0
l'Oriental,2011.0,9.0,2011-09,9.861489393458898,0.15963745858451556,38.09315062497917,0.0
Béni Mellal-Khénifra,2011.0,9.0,2011-09,5.618945362951676,0.26254269794254803,37.90283958330155,0.0
Casablanca-Settat,2011.0,9.0,2011-09,2.1339740408394547,0.24542629559989568,40.47563688442421,0.0
Rabat-Salé-Kénitra,2011.0,9.0,2011-09,5.336483298429924,0.2931166509993053,38.640932442775956,0.0
Fès-Meknès,2011.0,10.0,2011-10,51.427683076136475,0.2584314563324661,28.77621751281284,0.0
Guelmim-Oued Noun,2011.0,10.0,2011-10,8.120800682453154,0.14570953196295042,37.6659229267957,0.0
Laâyoune-Sakia El Hamra,2011.0,10.0,2011-10,4.320946828659047,0.11569884216376435,38.271100563016574,0.0
Souss-Massa,2011.0,10.0,2011-10,22.770074705619006,0.20267589004279687,34.28301602971503,0.0
Dakhla-Oued Ed-Dahab,2011.0,10.0,2011-10,3.965646868539313,0.12070807453416149,39.49728676755072,0.0
Tanger-Tétouan-Al Hoceima,2011.0,10.0,2011-10,53.81219416537812,0.3890910818670066,28.245391251508686,0.0
Drâa-Tafilalet,2011.0,10.0,2011-10,36.44635260572873,0.1571418790795805,32.428935497994985,0.0
Marrakech-Safi,2011.0,10.0,2011-10,21.445871795694572,0.20209914047570302,32.32103842197617,0.0
l'Oriental,2011.0,10.0,2011-10,32.76693441793588,0.16183957527614679,29.676452241907675,0.0
Béni Mellal-Khénifra,2011.0,10.0,2011-10,43.97250840651346,0.28368571258093334,29.138100203155837,0.0
Casablanca-Settat,2011.0,10.0,2011-10,22.449063049953075,0.25331293077779654,33.83327240488027,0.0
Rabat-Salé-Kénitra,2011.0,10.0,2011-10,54.61095260801987,0.3187198957325745,32.219470859454795,0.0
Fès-Meknès,2011.0,11.0,2011-11,130.41891253324826,0.296510357463424,17.063942231540253,0.0
Guelmim-Oued Noun,2011.0,11.0,2011-11,7.927771882802235,0.15414161740999452,29.46801736663026,0.0
Laâyoune-Sakia El Hamra,2011.0,11.0,2011-11,2.4246161113042257,0.11634520655798444,30.541900022884068,0.0
Souss-Massa,2011.0,11.0,2011-11,31.42414684490005,0.21965160368157627,25.75392119619572,0.0
Dakhla-Oued Ed-Dahab,2011.0,11.0,2011-11,1.6716581660207905,0.10967111801242237,32.92258931859532,0.0
Tanger-Tétouan-Al Hoceima,2011.0,11.0,2011-11,145.15549370285635,0.445587620608992,17.534662155075566,0.0
Drâa-Tafilalet,2011.0,11.0,2011-11,51.94242501966629,0.15123954880112525,22.56702413352134,0.0
Marrakech-Safi,2011.0,11.0,2011-11,71.374512878167,0.2481872132430727,21.622818980705397,0.0
l'Oriental,2011.0,11.0,2011-11,42.17348008001681,0.18413982903379233,18.812689990889282,0.0
Béni Mellal-Khénifra,2011.0,11.0,2011-11,139.65731394209348,0.3321367081074135,17.09352770607078,0.0
Casablanca-Settat,2011.0,11.0,2011-11,100.35215625478118,0.3653279340204842,22.619300059332637,0.0
Rabat-Salé-Kénitra,2011.0,11.0,2011-11,156.59690261096975,0.40184303710667013,20.09857910227445,0.0
Fès-Meknès,2011.0,12.0,2011-12,22.907050122092986,0.33180692105735504,15.071454652210738,0.0
Guelmim-Oued Noun,2011.0,12.0,2011-12,11.825536969619659,0.15759853732729803,26.02523000829751,0.0
Laâyoune-Sakia El Hamra,2011.0,12.0,2011-12,11.185150629184916,0.11627556502408298,26.359133754851506,0.0
Souss-Massa,2011.0,12.0,2011-12,15.779997737198304,0.23038199758809597,23.127394915893994,0.0
Dakhla-Oued Ed-Dahab,2011.0,12.0,2011-12,3.23933624898896,0.11557142857142859,27.1363878606622,0.0
Tanger-Tétouan-Al Hoceima,2011.0,12.0,2011-12,19.71342403517956,0.49222989401897116,14.868040729179691,0.0
Drâa-Tafilalet,2011.0,12.0,2011-12,21.803282670454692,0.14986261301949386,19.666671919513828,0.0
Marrakech-Safi,2011.0,12.0,2011-12,13.014071013744932,0.3015575396605334,19.99823548631652,0.0
l'Oriental,2011.0,12.0,2011-12,18.20215909205256,0.1968958120849435,15.438816424227413,0.0
Béni Mellal-Khénifra,2011.0,12.0,2011-12,24.583983634564774,0.3771299110803765,15.744311454626025,0.0
Casablanca-Settat,2011.0,12.0,2011-12,11.690334313963232,0.4991868963899654,19.4617598052254,0.0
Rabat-Salé-Kénitra,2011.0,12.0,2011-12,19.878409244916732,0.49860988970321174,17.10526919467128,0.0
Fès-Meknès,2012.0,1.0,2012-01,48.70797212037883,0.34966053148281107,14.347527546053646,0.0
Guelmim-Oued Noun,2012.0,1.0,2012-01,7.614327839923414,0.15514255730926502,23.953856306671117,0.0
Laâyoune-Sakia El Hamra,2012.0,1.0,2012-01,5.0143403166221825,0.11455714153390147,24.966514623718563,0.0
Souss-Massa,2012.0,1.0,2012-01,16.46373001160746,0.22378488574114913,21.652151856977834,0.0
Dakhla-Oued Ed-Dahab,2012.0,1.0,2012-01,2.929558830376866,0.13330900621118014,26.871107607151533,0.0
Tanger-Tétouan-Al Hoceima,2012.0,1.0,2012-01,67.49456755418981,0.5184809560911424,15.129765189162208,0.0
Drâa-Tafilalet,2012.0,1.0,2012-01,20.870028626011692,0.1458050901079097,18.079431361618973,0.0
Marrakech-Safi,2012.0,1.0,2012-01,21.926094798854578,0.32172837609006716,19.252044013539372,0.0
l'Oriental,2012.0,1.0,2012-01,28.24814829495913,0.1993266839954874,15.04042311073086,0.0
Béni Mellal-Khénifra,2012.0,1.0,2012-01,46.57918161651446,0.3947517435100303,14.48024144989081,0.0
Casablanca-Settat,2012.0,1.0,2012-01,27.232680630837734,0.5672484019056403,19.228335515682275,0.0
Rabat-Salé-Kénitra,2012.0,1.0,2012-01,40.31314558393691,0.5789081306794194,17.17223570309086,0.0
Fès-Meknès,2012.0,2.0,2012-02,21.236839456066612,0.35963627356161915,16.02527599622706,0.0
Guelmim-Oued Noun,2012.0,2.0,2012-02,3.2023307598741355,0.15000486115538392,27.8837138646459,0.0
Laâyoune-Sakia El Hamra,2012.0,2.0,2012-02,2.2047786835348204,0.1146392830678029,27.947519003195296,0.0
Souss-Massa,2012.0,2.0,2012-02,8.564497359778352,0.21130717629092374,25.25924134421193,0.0
Dakhla-Oued Ed-Dahab,2012.0,2.0,2012-02,2.796149067396813,0.1207447204968944,28.986456629015134,0.0
Tanger-Tétouan-Al Hoceima,2012.0,2.0,2012-02,28.013454213927258,0.5102653539159979,16.352229916344143,0.0
Drâa-Tafilalet,2012.0,2.0,2012-02,10.5142217193025,0.14181422496208876,22.092264624871504,0.0
Marrakech-Safi,2012.0,2.0,2012-02,12.166740016854655,0.3092619353455904,21.586184140746568,0.0
l'Oriental,2012.0,2.0,2012-02,13.974452955748161,0.20135294835168835,17.68198867794888,0.0
Béni Mellal-Khénifra,2012.0,2.0,2012-02,18.866854951117183,0.39544624340599477,16.653691951670346,0.0
Casablanca-Settat,2012.0,2.0,2012-02,16.533946624348832,0.5535954598294218,21.528265094011577,0.0
Rabat-Salé-Kénitra,2012.0,2.0,2012-02,18.456201343741704,0.5882051858259997,18.92289851837007,0.0
Fès-Meknès,2012.0,3.0,2012-03,27.52832142077907,0.3496777912664934,23.603694343316757,0.0
Guelmim-Oued Noun,2012.0,3.0,2012-03,6.4735226968875015,0.13831266131749828,33.12082316128322,0.0
Laâyoune-Sakia El Hamra,2012.0,3.0,2012-03,2.2687837889712603,0.11424279362726938,34.72669420356096,0.0
Souss-Massa,2012.0,3.0,2012-03,40.65596863253068,0.19617554370043336,31.123841200862877,0.0
Dakhla-Oued Ed-Dahab,2012.0,3.0,2012-03,0.550237656024275,0.13004751552795032,36.52273900325014,0.0
Tanger-Tétouan-Al Hoceima,2012.0,3.0,2012-03,35.54849740133306,0.4837301677966856,22.563351313106114,0.0
Drâa-Tafilalet,2012.0,3.0,2012-03,56.62998537979972,0.14713751807652575,28.284008058973356,0.0
Marrakech-Safi,2012.0,3.0,2012-03,49.12999054343318,0.2628599133886143,29.156437946461978,0.0
l'Oriental,2012.0,3.0,2012-03,29.935577227902105,0.20818526437098178,24.93963275558038,0.0
Béni Mellal-Khénifra,2012.0,3.0,2012-03,61.597776917582955,0.3749931411637273,25.36914354305733,0.0
Casablanca-Settat,2012.0,3.0,2012-03,22.093583343559015,0.45564798647452565,29.199804604756185,0.0
Rabat-Salé-Kénitra,2012.0,3.0,2012-03,28.897724001396103,0.5247792000417761,26.118684324427786,0.0
Fès-Meknès,2012.0,4.0,2012-04,70.63480137210992,0.3696293112153307,25.03945545469634,0.0
Guelmim-Oued Noun,2012.0,4.0,2012-04,6.641670215676497,0.14036303062869407,34.48587592098287,0.0
Laâyoune-Sakia El Hamra,2012.0,4.0,2012-04,5.418369540757007,0.11461462115598367,34.71584134980541,0.0
Souss-Massa,2012.0,4.0,2012-04,31.380624298177473,0.19281483598467586,36.20914924540113,0.0
Dakhla-Oued Ed-Dahab,2012.0,4.0,2012-04,0.9887220313454865,0.09095434782608697,37.22006042342402,0.0
Tanger-Tétouan-Al Hoceima,2012.0,4.0,2012-04,74.84871400472532,0.49174554713733964,23.731979722811833,0.0
Drâa-Tafilalet,2012.0,4.0,2012-04,51.55216142216883,0.15889211786554125,34.958364511263376,0.0
Marrakech-Safi,2012.0,4.0,2012-04,53.49542144519243,0.24065609015035005,31.05541680458717,0.0
l'Oriental,2012.0,4.0,2012-04,51.5998917565816,0.21868601436050944,29.049087083344162,0.0
Béni Mellal-Khénifra,2012.0,4.0,2012-04,81.02386135297132,0.38194154575107425,26.238106099256164,0.0
Casablanca-Settat,2012.0,4.0,2012-04,52.64946678861689,0.35491117790079635,31.359258178693484,0.0
Rabat-Salé-Kénitra,2012.0,4.0,2012-04,65.20131738975648,0.45313351360433046,27.919276429690946,0.0
Fès-Meknès,2012.0,5.0,2012-05,21.790473425300647,0.3056091597477785,37.400131569825724,0.0
Guelmim-Oued Noun,2012.0,5.0,2012-05,3.356018013580462,0.13465192305940846,43.485107107827616,0.0
Laâyoune-Sakia El Hamra,2012.0,5.0,2012-05,0.7606628474613475,0.11394811504260839,41.311027829627264,0.0
Souss-Massa,2012.0,5.0,2012-05,6.649285195894208,0.18323361248350192,43.887241038877264,0.0
Dakhla-Oued Ed-Dahab,2012.0,5.0,2012-05,0.006662263431814763,0.1422329192546584,40.035294992578855,0.0
Tanger-Tétouan-Al Hoceima,2012.0,5.0,2012-05,21.200846988350825,0.45991750211416965,32.94147372539225,0.0
Drâa-Tafilalet,2012.0,5.0,2012-05,11.054486039047731,0.1613377424671984,44.17988833360013,0.0
Marrakech-Safi,2012.0,5.0,2012-05,8.79170998667513,0.21107798739053074,40.43613182706386,0.0
l'Oriental,2012.0,5.0,2012-05,17.94840407398883,0.18643263270705154,42.13028143419498,0.0
Béni Mellal-Khénifra,2012.0,5.0,2012-05,17.34942438988662,0.3196263668408749,38.122533948401525,0.0
Casablanca-Settat,2012.0,5.0,2012-05,8.097286946233101,0.26885105944301246,40.092066302487275,0.0
Rabat-Salé-Kénitra,2012.0,5.0,2012-05,14.220186549188757,0.34261700632083736,39.046900605044534,0.0
Fès-Meknès,2012.0,6.0,2012-06,8.903089629238387,0.2384949915851357,39.856109909016595,0.0
Guelmim-Oued Noun,2012.0,6.0,2012-06,0.29994767810236433,0.12370910755107055,41.452698286941164,0.0
Laâyoune-Sakia El Hamra,2012.0,6.0,2012-06,0.08288976026343386,0.10642970544646163,39.31232380114765,0.0
Souss-Massa,2012.0,6.0,2012-06,3.188264876758854,0.1664151621465362,45.7095784295696,0.0
Dakhla-Oued Ed-Dahab,2012.0,6.0,2012-06,0.2950779872946581,0.10485714285714286,39.38980480892884,0.0
Tanger-Tétouan-Al Hoceima,2012.0,6.0,2012-06,3.9306994268188453,0.373290428372905,35.886140042452226,0.0
Drâa-Tafilalet,2012.0,6.0,2012-06,6.812702844624105,0.1501981385024504,46.522601808470974,0.0
Marrakech-Safi,2012.0,6.0,2012-06,4.855596906869371,0.1847022444988507,40.270599030463494,0.0
l'Oriental,2012.0,6.0,2012-06,7.443090011855688,0.1611695124461845,43.62856134238721,0.0
Béni Mellal-Khénifra,2012.0,6.0,2012-06,10.451466704774132,0.26316684745358193,40.358848351077704,0.0
Casablanca-Settat,2012.0,6.0,2012-06,3.0640396519732906,0.2337949014345324,39.92076154428463,0.0
Rabat-Salé-Kénitra,2012.0,6.0,2012-06,3.8098491140663646,0.26938189148195074,39.91168034243335,0.0
Fès-Meknès,2012.0,7.0,2012-07,0.7685671379228658,0.2234427273135264,41.58286074563938,0.0
Guelmim-Oued Noun,2012.0,7.0,2012-07,0.0,0.12265572227433758,44.22834177532976,0.0
Laâyoune-Sakia El Hamra,2012.0,7.0,2012-07,0.0010333706867710973,0.10952381900703964,39.711486828210916,0.0
Souss-Massa,2012.0,7.0,2012-07,0.0,0.1601422106590981,45.3275151064955,0.0
Dakhla-Oued Ed-Dahab,2012.0,7.0,2012-07,0.0,0.06396304347826087,38.672591856258734,0.0
Tanger-Tétouan-Al Hoceima,2012.0,7.0,2012-07,0.07901758380561105,0.34532126432517735,37.921499712823085,0.0
Drâa-Tafilalet,2012.0,7.0,2012-07,0.14708219895883673,0.1434851559306388,46.66496071937643,0.0
Marrakech-Safi,2012.0,7.0,2012-07,0.005839263721896953,0.17752256530901267,41.82877763659469,0.0
l'Oriental,2012.0,7.0,2012-07,0.29172568763830325,0.1549540238735131,44.731094117356946,0.0
Béni Mellal-Khénifra,2012.0,7.0,2012-07,0.16860955666422853,0.24839472540787982,42.35546282860071,0.0
Casablanca-Settat,2012.0,7.0,2012-07,8.543719881689545E-4,0.22469403810067728,41.308986333040096,0.0
Rabat-Salé-Kénitra,2012.0,7.0,2012-07,0.04128203074315015,0.2623043127798517,41.15749389488272,0.0
Fès-Meknès,2012.0,8.0,2012-08,3.7249262331050086,0.22211714814648595,41.96641984282211,0.0
Guelmim-Oued Noun,2012.0,8.0,2012-08,0.1234198044647134,0.12675694541844626,46.42477958891917,0.0
Laâyoune-Sakia El Hamra,2012.0,8.0,2012-08,0.6130124198976189,0.11308310948499445,42.6575551384419,0.0
Souss-Massa,2012.0,8.0,2012-08,1.1789045969170255,0.1642261281845389,45.37873269926897,0.0
Dakhla-Oued Ed-Dahab,2012.0,8.0,2012-08,7.849535689290075,0.13155341614906835,42.18405763063104,0.0
Tanger-Tétouan-Al Hoceima,2012.0,8.0,2012-08,0.6920538041955824,0.3319637750129857,38.92723585965785,0.0
Drâa-Tafilalet,2012.0,8.0,2012-08,2.274308232762637,0.14348908166853475,44.88682891663399,0.0
Marrakech-Safi,2012.0,8.0,2012-08,2.020544855067628,0.17806609464578213,42.867505525717284,0.0
l'Oriental,2012.0,8.0,2012-08,2.4458131125828766,0.15504309519636814,44.520277249376484,0.0
Béni Mellal-Khénifra,2012.0,8.0,2012-08,4.001439874492091,0.2479531539539553,42.83335176501138,0.0
Casablanca-Settat,2012.0,8.0,2012-08,0.5747246307829882,0.2230802248180899,42.92956343474441,0.0
Rabat-Salé-Kénitra,2012.0,8.0,2012-08,1.5937665288996876,0.2664174747075706,42.29507116562187,0.0
Fès-Meknès,2012.0,9.0,2012-09,18.923489262536208,0.23561523404541782,36.965135267141505,0.0
Guelmim-Oued Noun,2012.0,9.0,2012-09,6.610237873197086,0.13100443401123874,41.17355884293553,0.0
Laâyoune-Sakia El Hamra,2012.0,9.0,2012-09,9.453209941005937,0.1183410337161912,40.40548732544409,0.0
Souss-Massa,2012.0,9.0,2012-09,15.095266297548017,0.1805612636801102,41.14233780210311,0.0
Dakhla-Oued Ed-Dahab,2012.0,9.0,2012-09,9.673990037413,0.1480251552795031,41.824227125872426,0.0
Tanger-Tétouan-Al Hoceima,2012.0,9.0,2012-09,31.623170810420334,0.3531000850870158,34.430050368335635,0.0
Drâa-Tafilalet,2012.0,9.0,2012-09,25.207407838799618,0.14912299389024425,40.68855049387696,0.0
Marrakech-Safi,2012.0,9.0,2012-09,14.348243988017424,0.18732145355582844,38.61018073099629,0.0
l'Oriental,2012.0,9.0,2012-09,21.449711066401157,0.15780217069252123,38.29540232712099,0.0
Béni Mellal-Khénifra,2012.0,9.0,2012-09,18.649133712117127,0.2644188253491304,37.35932970809725,0.0
Casablanca-Settat,2012.0,9.0,2012-09,14.498833347600257,0.23951608311885367,40.21052157456477,0.0
Rabat-Salé-Kénitra,2012.0,9.0,2012-09,18.351245031530542,0.2874939187931137,38.26052360493513,0.0
Fès-Meknès,2012.0,10.0,2012-10,93.4355345571733,0.28543284377524464,25.95082717639213,0.0
Guelmim-Oued Noun,2012.0,10.0,2012-10,14.668921724389868,0.14406435805426274,36.72086594887485,0.0
Laâyoune-Sakia El Hamra,2012.0,10.0,2012-10,5.76957270520906,0.13587126250463138,37.86052111687087,0.0
Souss-Massa,2012.0,10.0,2012-10,55.17238589590603,0.2705499953280308,32.955749813420425,0.0
Dakhla-Oued Ed-Dahab,2012.0,10.0,2012-10,2.7933419928945122,0.148704347826087,40.201260000994914,0.0
Tanger-Tétouan-Al Hoceima,2012.0,10.0,2012-10,115.20337135928048,0.4250366413459543,25.31070116119367,0.0
Drâa-Tafilalet,2012.0,10.0,2012-10,76.74324581970625,0.16301064273312676,31.436063245050796,0.0
Marrakech-Safi,2012.0,10.0,2012-10,52.37364649758167,0.25730529584782824,29.615218750778602,0.0
l'Oriental,2012.0,10.0,2012-10,65.43192463384388,0.18175736637233594,27.20935532852454,0.0
Béni Mellal-Khénifra,2012.0,10.0,2012-10,81.58373727578388,0.32307523560946344,26.793421250401,0.0
Casablanca-Settat,2012.0,10.0,2012-10,79.44200260249377,0.31991699502767607,31.22185535118772,0.0
Rabat-Salé-Kénitra,2012.0,10.0,2012-10,106.30870852355679,0.3542315719689229,29.510032545439117,0.0
Fès-Meknès,2012.0,11.0,2012-11,93.37226885688486,0.34222438425635077,17.47587809501408,0.0
Guelmim-Oued Noun,2012.0,11.0,2012-11,11.675416834894069,0.15774118434594103,28.176703056113706,0.0
Laâyoune-Sakia El Hamra,2012.0,11.0,2012-11,3.8267963209497906,0.13957310114857355,29.92190306213486,0.0
Souss-Massa,2012.0,11.0,2012-11,28.42019519357926,0.33387335207993907,24.430986918657837,0.0
Dakhla-Oued Ed-Dahab,2012.0,11.0,2012-11,1.6676876121256865,0.11684472049689443,32.44097805474119,0.0
Tanger-Tétouan-Al Hoceima,2012.0,11.0,2012-11,169.6037016131991,0.5153053402260754,16.89886522662008,0.0
Drâa-Tafilalet,2012.0,11.0,2012-11,48.35242562992563,0.16402953913100832,22.48836883666478,0.0
Marrakech-Safi,2012.0,11.0,2012-11,32.091337208520834,0.3414651130395462,18.67422050192378,0.0
l'Oriental,2012.0,11.0,2012-11,58.02385352754957,0.21382942056142368,18.151465480645026,0.0
Béni Mellal-Khénifra,2012.0,11.0,2012-11,97.1989868729123,0.36552020641836896,15.327047611773905,0.0
Casablanca-Settat,2012.0,11.0,2012-11,63.98045431890023,0.4157863758561751,19.457479223356632,0.0
Rabat-Salé-Kénitra,2012.0,11.0,2012-11,122.25107221911284,0.44936834738854586,19.02928831340822,0.0
Fès-Meknès,2012.0,12.0,2012-12,32.21302585243273,0.35474143142446757,14.260366023767888,0.0
Guelmim-Oued Noun,2012.0,12.0,2012-12,13.744924111944712,0.1618549690798642,26.547212525034478,0.0
Laâyoune-Sakia El Hamra,2012.0,12.0,2012-12,10.70393226301683,0.1372989023712486,27.24006629235534,0.0
Souss-Massa,2012.0,12.0,2012-12,16.42113007743655,0.31441173219103646,23.309705677396924,0.0
Dakhla-Oued Ed-Dahab,2012.0,12.0,2012-12,1.4078020543785548,0.14397049689440994,28.168105885311725,0.0
Tanger-Tétouan-Al Hoceima,2012.0,12.0,2012-12,38.16388186441202,0.5385918301946513,14.311069072293684,0.0
Drâa-Tafilalet,2012.0,12.0,2012-12,20.492761729439497,0.15894849783521217,20.756401878487583,0.0
Marrakech-Safi,2012.0,12.0,2012-12,15.289298149965282,0.38166747536165707,18.89191226121965,0.0
l'Oriental,2012.0,12.0,2012-12,16.09432217224044,0.22260189393939428,16.226844843209708,0.0
Béni Mellal-Khénifra,2012.0,12.0,2012-12,32.08840701535034,0.3938719698175097,14.425294621717843,0.0
Casablanca-Settat,2012.0,12.0,2012-12,19.37445045776508,0.5576427585658289,18.25898537144263,0.0
Rabat-Salé-Kénitra,2012.0,12.0,2012-12,38.38389257100523,0.5317080546132432,16.795141215009515,0.0
Fès-Meknès,2013.0,1.0,2013-01,62.763533650114546,0.39374337458486647,13.819787005195165,0.0
Guelmim-Oued Noun,2013.0,1.0,2013-01,6.572271653511403,0.15240585342307297,26.141891093249598,0.0
Laâyoune-Sakia El Hamra,2013.0,1.0,2013-01,3.704656883576464,0.12794102908484628,26.6993823953382,0.0
Souss-Massa,2013.0,1.0,2013-01,17.159837705012755,0.2867956713445582,23.53580647554894,0.0
Dakhla-Oued Ed-Dahab,2013.0,1.0,2013-01,3.076973504838156,0.12210621118012424,27.687653725123603,0.0
Tanger-Tétouan-Al Hoceima,2013.0,1.0,2013-01,112.8055447396522,0.5621047572772324,14.407053215132988,0.0
Drâa-Tafilalet,2013.0,1.0,2013-01,20.634028092132915,0.15909008889914517,20.983894235498575,0.0
Marrakech-Safi,2013.0,1.0,2013-01,19.224895966747507,0.36161126932699705,20.25165785399297,0.0
l'Oriental,2013.0,1.0,2013-01,33.67202295312261,0.2303921523169594,15.977025437321464,0.0
Béni Mellal-Khénifra,2013.0,1.0,2013-01,48.376983401267765,0.42955406808807495,15.035954755831215,0.0
Casablanca-Settat,2013.0,1.0,2013-01,37.31358522598109,0.6291023215975466,18.629978374286527,0.0
Rabat-Salé-Kénitra,2013.0,1.0,2013-01,78.18615039866003,0.6049016732895841,16.19491136189683,0.0
Fès-Meknès,2013.0,2.0,2013-02,45.827990369463826,0.4121581225877389,15.934323244142602,0.0
Guelmim-Oued Noun,2013.0,2.0,2013-02,7.189850620414579,0.14457087906082924,28.75307055120679,0.0
Laâyoune-Sakia El Hamra,2013.0,2.0,2013-02,3.0482715247015815,0.12021358836606151,30.297356842812942,0.0
Souss-Massa,2013.0,2.0,2013-02,16.5026566073229,0.2548242242934981,26.356051015810344,0.0
Dakhla-Oued Ed-Dahab,2013.0,2.0,2013-02,1.7717048977796386,0.06785527950310559,32.695762054412306,0.0
Tanger-Tétouan-Al Hoceima,2013.0,2.0,2013-02,72.4456792448848,0.5638902936491449,15.33301957797481,0.0
Drâa-Tafilalet,2013.0,2.0,2013-02,15.33855270861091,0.15455804246060542,24.281156439688395,0.0
Marrakech-Safi,2013.0,2.0,2013-02,18.991275423666295,0.3207032428132395,22.235831854469915,0.0
l'Oriental,2013.0,2.0,2013-02,17.79555920896118,0.23662716633906042,18.96757501414667,0.0
Béni Mellal-Khénifra,2013.0,2.0,2013-02,33.686481005293984,0.45390970619193916,17.334446744161212,0.0
Casablanca-Settat,2013.0,2.0,2013-02,25.376910270822126,0.6445280478105526,19.46825285921809,0.0
Rabat-Salé-Kénitra,2013.0,2.0,2013-02,43.40647836346694,0.6340632188135723,17.27778090373967,0.0
Fès-Meknès,2013.0,3.0,2013-03,102.71423205705767,0.44433114980701804,20.10284535766281,0.0
Guelmim-Oued Noun,2013.0,3.0,2013-03,13.336743307281441,0.1645878200165757,32.864293146654155,0.0
Laâyoune-Sakia El Hamra,2013.0,3.0,2013-03,4.03729878485474,0.12094617914042238,35.152943417126345,0.0
Souss-Massa,2013.0,3.0,2013-03,55.82869833185401,0.2827637032721879,30.136452215726877,0.0
Dakhla-Oued Ed-Dahab,2013.0,3.0,2013-03,0.6983469422471862,0.152011801242236,39.054921900398625,0.0
Tanger-Tétouan-Al Hoceima,2013.0,3.0,2013-03,210.9470010136605,0.5724993091400381,17.236265284887853,0.0
Drâa-Tafilalet,2013.0,3.0,2013-03,51.4249767577885,0.16186312916199636,30.24511547423183,0.0
Marrakech-Safi,2013.0,3.0,2013-03,87.74931666432714,0.33185301585405647,25.516323908470625,0.0
l'Oriental,2013.0,3.0,2013-03,39.419770145533896,0.2534075332919769,24.502734112918688,0.0
Béni Mellal-Khénifra,2013.0,3.0,2013-03,107.68832893958135,0.5017452538462479,19.80435076705314,0.0
Casablanca-Settat,2013.0,3.0,2013-03,79.03954770653114,0.6065083053260131,20.91293060130537,0.0
Rabat-Salé-Kénitra,2013.0,3.0,2013-03,133.99221776878588,0.6377716729709971,19.560601855226754,0.0
Fès-Meknès,2013.0,4.0,2013-04,34.0859090690699,0.4225174387397904,28.453105031080575,0.0
Guelmim-Oued Noun,2013.0,4.0,2013-04,3.0674897513212254,0.16900546544139747,40.195590612055824,0.0
Laâyoune-Sakia El Hamra,2013.0,4.0,2013-04,2.8088356055196506,0.1168240413115969,40.37096617966945,0.0
Souss-Massa,2013.0,4.0,2013-04,15.036667150305503,0.26962696591154633,37.23658983028248,0.0
Dakhla-Oued Ed-Dahab,2013.0,4.0,2013-04,0.16821730070306531,0.11721521739130433,42.42695685313378,0.0
Tanger-Tétouan-Al Hoceima,2013.0,4.0,2013-04,68.0870841258938,0.5567660604216754,25.488398135430973,0.0
Drâa-Tafilalet,2013.0,4.0,2013-04,22.829729421944222,0.16713355904265853,37.828556926525046,0.0
Marrakech-Safi,2013.0,4.0,2013-04,29.06549192511557,0.27451877847696293,34.10058014870501,0.0
l'Oriental,2013.0,4.0,2013-04,19.82756596121253,0.22652387741106228,33.934497280849904,0.0
Béni Mellal-Khénifra,2013.0,4.0,2013-04,42.855950240235074,0.44213825104341314,28.358672012871654,0.0
Casablanca-Settat,2013.0,4.0,2013-04,34.46765269441823,0.4811278010498964,29.515997449379775,0.0
Rabat-Salé-Kénitra,2013.0,4.0,2013-04,44.559266331037946,0.5636974235324039,27.01052452374013,0.0
Fès-Meknès,2013.0,5.0,2013-05,28.21696327616451,0.33291534029710107,31.423206633740946,0.0
Guelmim-Oued Noun,2013.0,5.0,2013-05,1.0373062703486586,0.14768686144682547,39.273928460746404,0.0
Laâyoune-Sakia El Hamra,2013.0,5.0,2013-05,0.6186502323839546,0.11478258151167103,39.926948183653835,0.0
Souss-Massa,2013.0,5.0,2013-05,3.4612099428940244,0.22204251668798286,40.30113198705657,0.0
Dakhla-Oued Ed-Dahab,2013.0,5.0,2013-05,0.01490906964000718,0.09386180124223603,40.878705839374696,0.0
Tanger-Tétouan-Al Hoceima,2013.0,5.0,2013-05,27.41208801637434,0.4928229129060812,27.736332151329755,0.0
Drâa-Tafilalet,2013.0,5.0,2013-05,9.953666760437867,0.1593367896309972,41.23978017124159,0.0
Marrakech-Safi,2013.0,5.0,2013-05,8.739625097811551,0.2186238484046465,37.931472407006034,0.0
l'Oriental,2013.0,5.0,2013-05,15.343463341762947,0.18441983045825502,37.40934245516444,0.0
Béni Mellal-Khénifra,2013.0,5.0,2013-05,20.54537188744049,0.3387069702152919,33.348749996181304,0.0
Casablanca-Settat,2013.0,5.0,2013-05,11.432871501157054,0.29753814504682385,35.593904822309106,0.0
Rabat-Salé-Kénitra,2013.0,5.0,2013-05,26.339788675025606,0.40633690367524555,31.21213335125386,0.0
Fès-Meknès,2013.0,6.0,2013-06,5.701456827617502,0.25561913820572674,38.28828343707522,0.0
Guelmim-Oued Noun,2013.0,6.0,2013-06,0.11040005053751577,0.13772537181577252,41.66945857090325,0.0
Laâyoune-Sakia El Hamra,2013.0,6.0,2013-06,0.0357115678452553,0.11187809836976657,39.01009273246356,0.0
Souss-Massa,2013.0,6.0,2013-06,1.211559837082633,0.19625909223635468,45.23619878470543,0.0
Dakhla-Oued Ed-Dahab,2013.0,6.0,2013-06,0.22107100540974853,0.01742049689440994,38.81189844939008,0.0
Tanger-Tétouan-Al Hoceima,2013.0,6.0,2013-06,2.9975556955835927,0.41112998926852923,33.65003201398425,0.0
Drâa-Tafilalet,2013.0,6.0,2013-06,5.021242358475372,0.14701825399441779,45.78919515709359,0.0
Marrakech-Safi,2013.0,6.0,2013-06,0.8469644824970842,0.19289037536153963,41.982685135553574,0.0
l'Oriental,2013.0,6.0,2013-06,5.204970338719527,0.1644588111180036,41.94143947155263,0.0
Béni Mellal-Khénifra,2013.0,6.0,2013-06,6.436758532324284,0.2709809846333674,40.40955015503997,0.0
Casablanca-Settat,2013.0,6.0,2013-06,0.050436505821970866,0.2427229331435307,40.90684088630642,0.0
Rabat-Salé-Kénitra,2013.0,6.0,2013-06,0.8644838037462846,0.31111241446015137,38.77940481939796,0.0
Fès-Meknès,2013.0,7.0,2013-07,2.366604221402518,0.24137682557669857,42.26722852563226,0.0
Guelmim-Oued Noun,2013.0,7.0,2013-07,0.023431900990959344,0.13232785954334728,44.33890162408462,0.0
Laâyoune-Sakia El Hamra,2013.0,7.0,2013-07,0.06636885926943799,0.11197479158947757,41.04845866847124,0.0
Souss-Massa,2013.0,7.0,2013-07,0.06895436968584309,0.18845011898921946,46.84629256918498,0.0
Dakhla-Oued Ed-Dahab,2013.0,7.0,2013-07,0.31223606246784763,0.13692888198757763,41.47374747113997,0.0
Tanger-Tétouan-Al Hoceima,2013.0,7.0,2013-07,0.2503490162800053,0.38539979346610903,37.928058634036695,0.0
Drâa-Tafilalet,2013.0,7.0,2013-07,1.7395982377122903,0.14557886980505932,47.055653304375205,0.0
Marrakech-Safi,2013.0,7.0,2013-07,0.5098905136996926,0.18922767364680693,44.82707273659144,0.0
l'Oriental,2013.0,7.0,2013-07,2.3579525697026753,0.16039982098744804,45.29708826934252,0.0
Béni Mellal-Khénifra,2013.0,7.0,2013-07,3.3872945810900625,0.26226679543590814,43.65272340263035,0.0
Casablanca-Settat,2013.0,7.0,2013-07,0.33061262745238373,0.23636798243646204,44.15325087464453,0.0
Rabat-Salé-Kénitra,2013.0,7.0,2013-07,0.4078544478638562,0.2969280095083709,41.97132116562185,0.0
Fès-Meknès,2013.0,8.0,2013-08,4.649898370259678,0.23842041098195815,41.827810348703125,0.0
Guelmim-Oued Noun,2013.0,8.0,2013-08,0.2232526654229493,0.13109025127733404,47.69720865115778,0.0
Laâyoune-Sakia El Hamra,2013.0,8.0,2013-08,0.6609295349643098,0.11317545387180436,44.55432034442102,0.0
Souss-Massa,2013.0,8.0,2013-08,0.5296192410668527,0.1858489422585589,47.21156121155239,0.0
Dakhla-Oued Ed-Dahab,2013.0,8.0,2013-08,6.023143669654998,0.08280124223602485,42.88087947530102,0.0
Tanger-Tétouan-Al Hoceima,2013.0,8.0,2013-08,1.196812211310582,0.37156018377897077,37.953341191159936,0.0
Drâa-Tafilalet,2013.0,8.0,2013-08,4.074260935997758,0.14490306575679668,46.807411924798764,0.0
Marrakech-Safi,2013.0,8.0,2013-08,1.1040489836355496,0.1878987985275641,44.35479918422254,0.0
l'Oriental,2013.0,8.0,2013-08,4.672752073943339,0.15952440721703268,44.52195195350699,0.0
Béni Mellal-Khénifra,2013.0,8.0,2013-08,4.975817544174242,0.2648849226772579,42.8247524707105,0.0
Casablanca-Settat,2013.0,8.0,2013-08,0.02595525447135699,0.23604195470993056,43.94461769339368,0.0
Rabat-Salé-Kénitra,2013.0,8.0,2013-08,0.5114097171296238,0.2935813469843738,42.841221479078634,0.0
Fès-Meknès,2013.0,9.0,2013-09,36.10880336301204,0.25637741540256703,33.6503052386345,0.0
Guelmim-Oued Noun,2013.0,9.0,2013-09,8.649172361929633,0.13376127560360276,41.25593082728234,0.0
Laâyoune-Sakia El Hamra,2013.0,9.0,2013-09,13.663692021263419,0.11757204057058167,41.999091997479965,0.0
Souss-Massa,2013.0,9.0,2013-09,16.866665037612528,0.19469749830641112,38.991427436127374,0.0
Dakhla-Oued Ed-Dahab,2013.0,9.0,2013-09,25.925261380015275,0.04660590062111802,42.14258934926534,0.0
Tanger-Tétouan-Al Hoceima,2013.0,9.0,2013-09,28.755897298757926,0.38718762688723124,32.48701720564363,0.0
Drâa-Tafilalet,2013.0,9.0,2013-09,36.56254109927377,0.15277242456209736,38.60642989474375,0.0
Marrakech-Safi,2013.0,9.0,2013-09,23.301499051065367,0.1952974139622577,36.07495653458329,0.0
l'Oriental,2013.0,9.0,2013-09,25.15210259952838,0.1617789557611239,36.81872037315797,0.0
Béni Mellal-Khénifra,2013.0,9.0,2013-09,36.464845117606394,0.2828275614114538,32.786284693051506,0.0
Casablanca-Settat,2013.0,9.0,2013-09,20.996355045175704,0.24403369825465934,38.97324819444728,0.0
Rabat-Salé-Kénitra,2013.0,9.0,2013-09,21.655388590869947,0.3032141680743245,37.218595276279395,0.0
Fès-Meknès,2013.0,10.0,2013-10,25.25744973266577,0.25878978233551814,30.155632286530807,0.0
Guelmim-Oued Noun,2013.0,10.0,2013-10,5.688625913691896,0.13170587437044062,37.865689905482945,0.0
Laâyoune-Sakia El Hamra,2013.0,10.0,2013-10,2.4313364106112947,0.11421568173397549,38.39006752634975,0.0
Souss-Massa,2013.0,10.0,2013-10,17.92969456331434,0.19492082479223977,36.57459264349427,0.0
Dakhla-Oued Ed-Dahab,2013.0,10.0,2013-10,0.22139084247551305,0.0737496894409938,40.601111548822,0.0
Tanger-Tétouan-Al Hoceima,2013.0,10.0,2013-10,36.952794097270726,0.40292675109451187,28.00577159029426,0.0
Drâa-Tafilalet,2013.0,10.0,2013-10,22.79466411089837,0.1520939436495901,36.34939145412566,0.0
Marrakech-Safi,2013.0,10.0,2013-10,19.599178663608505,0.19692850771957437,32.455991835107625,0.0
l'Oriental,2013.0,10.0,2013-10,9.993844546047537,0.16156021850640429,33.463131919094074,0.0
Béni Mellal-Khénifra,2013.0,10.0,2013-10,30.940307838228815,0.28325221075113527,30.60099741854676,0.0
Casablanca-Settat,2013.0,10.0,2013-10,22.37890412894014,0.24663461472567794,33.31343695398658,0.0
Rabat-Salé-Kénitra,2013.0,10.0,2013-10,26.90440511185947,0.3118228420263857,31.607818438061987,0.0
Fès-Meknès,2013.0,11.0,2013-11,33.015876752300954,0.26408610964006846,20.061385716176407,0.0
Guelmim-Oued Noun,2013.0,11.0,2013-11,9.597026917215844,0.13425816628566747,30.910430683435127,0.0
Laâyoune-Sakia El Hamra,2013.0,11.0,2013-11,5.800800352446692,0.11532439329381257,31.87030259506602,0.0
Souss-Massa,2013.0,11.0,2013-11,19.96359777379855,0.19494315600289652,28.844851693411563,0.0
Dakhla-Oued Ed-Dahab,2013.0,11.0,2013-11,2.2769838937629125,0.14075000000000001,34.34076193627585,0.0
Tanger-Tétouan-Al Hoceima,2013.0,11.0,2013-11,27.58809721648798,0.42344875658561887,19.972243675864664,0.0
Drâa-Tafilalet,2013.0,11.0,2013-11,28.902142274963886,0.15380445715478772,26.20466125404817,0.0
Marrakech-Safi,2013.0,11.0,2013-11,26.40809454729049,0.20148841238832718,25.74585159044564,0.0
l'Oriental,2013.0,11.0,2013-11,19.14745724299303,0.17210611013587215,21.33856941672312,0.0
Béni Mellal-Khénifra,2013.0,11.0,2013-11,38.770999066542196,0.29545786843812366,22.068072066842863,0.0
Casablanca-Settat,2013.0,11.0,2013-11,28.39321313384559,0.26419554609715035,25.944120479298405,0.0
Rabat-Salé-Kénitra,2013.0,11.0,2013-11,26.93616866517937,0.3253938102568994,23.349406960745032,0.0
Fès-Meknès,2013.0,12.0,2013-12,45.55676377417923,0.29242921910061925,14.292204062425869,0.0
Guelmim-Oued Noun,2013.0,12.0,2013-12,20.949784465458517,0.13968123753403952,24.240999226890892,0.0
Laâyoune-Sakia El Hamra,2013.0,12.0,2013-12,15.204482789233364,0.11051998888477213,25.299364936760313,0.0
Souss-Massa,2013.0,12.0,2013-12,34.71560328782536,0.19512109642360742,22.10544469393416,0.0
Dakhla-Oued Ed-Dahab,2013.0,12.0,2013-12,3.2986979531815503,0.08207453416149069,26.729778105762666,0.0
Tanger-Tétouan-Al Hoceima,2013.0,12.0,2013-12,78.53338924055346,0.447338576842022,14.988641486660866,0.0
Drâa-Tafilalet,2013.0,12.0,2013-12,32.049432212841964,0.1511778622447858,18.499198585588967,0.0
Marrakech-Safi,2013.0,12.0,2013-12,27.5914702662628,0.21084402954351522,20.21903896298037,0.0
l'Oriental,2013.0,12.0,2013-12,35.2420465152432,0.18059620979330326,14.423524153311865,0.0
Béni Mellal-Khénifra,2013.0,12.0,2013-12,38.86696430224844,0.32430416309682625,15.308982693570842,0.0
Casablanca-Settat,2013.0,12.0,2013-12,26.175001195341903,0.33031724008532976,21.042315288036008,0.0
Rabat-Salé-Kénitra,2013.0,12.0,2013-12,47.639057244427995,0.3998462782576316,18.121434041952238,0.0
Fès-Meknès,2014.0,1.0,2014-01,77.84381883034956,0.3416444978009157,14.374200707531834,0.0
Guelmim-Oued Noun,2014.0,1.0,2014-01,16.075880120597496,0.1520873614513793,24.097161109389383,0.0
Laâyoune-Sakia El Hamra,2014.0,1.0,2014-01,6.034052648692794,0.11314501667284178,25.54713590438529,0.0
Souss-Massa,2014.0,1.0,2014-01,36.37640811891164,0.19651749522574744,22.07393828677982,0.0
Dakhla-Oued Ed-Dahab,2014.0,1.0,2014-01,2.1321261438741868,0.10550186335403727,27.687270810032597,0.0
Tanger-Tétouan-Al Hoceima,2014.0,1.0,2014-01,100.24625402121396,0.48979788359395876,14.92474273941819,0.0
Drâa-Tafilalet,2014.0,1.0,2014-01,33.50595046565045,0.1453398043999033,19.196851623785605,0.0
Marrakech-Safi,2014.0,1.0,2014-01,52.92706091671787,0.2242040679856599,18.673101865396745,0.0
l'Oriental,2014.0,1.0,2014-01,39.09532080163138,0.19577971914536033,15.153350144918253,0.0
Béni Mellal-Khénifra,2014.0,1.0,2014-01,85.84998571928833,0.35799618190274535,15.163427833870525,0.0
Casablanca-Settat,2014.0,1.0,2014-01,69.26967967932245,0.43425077509576526,19.45091895983803,0.0
Rabat-Salé-Kénitra,2014.0,1.0,2014-01,94.57426377810863,0.5289702501839254,16.758739354011787,0.0
Fès-Meknès,2014.0,2.0,2014-02,57.6913223102206,0.3812838275289469,17.359698038531874,0.0
Guelmim-Oued Noun,2014.0,2.0,2014-02,6.574249712089326,0.17985050911210468,28.751498548754178,0.0
Laâyoune-Sakia El Hamra,2014.0,2.0,2014-02,2.0654889600572695,0.1160881715450167,28.50461144422983,0.0
Souss-Massa,2014.0,2.0,2014-02,12.48612186879168,0.20670194237125808,27.66507089487231,0.0
Dakhla-Oued Ed-Dahab,2014.0,2.0,2014-02,0.1157528170018423,0.052727950310559005,30.507644958626074,0.0
Tanger-Tétouan-Al Hoceima,2014.0,2.0,2014-02,91.99471073750011,0.5301364655816185,15.852305897531965,0.0
Drâa-Tafilalet,2014.0,2.0,2014-02,19.873364727767182,0.14010749104415277,25.43294821187816,0.0
Marrakech-Safi,2014.0,2.0,2014-02,18.177768979074816,0.27478522433463326,21.812110973487236,0.0
l'Oriental,2014.0,2.0,2014-02,23.788122382131654,0.20459641458203506,20.277995603756217,0.0
Béni Mellal-Khénifra,2014.0,2.0,2014-02,47.96357604740487,0.4001607560309902,17.760617395023484,0.0
Casablanca-Settat,2014.0,2.0,2014-02,35.11786749191756,0.5566218453136028,20.018385109560786,0.0
Rabat-Salé-Kénitra,2014.0,2.0,2014-02,65.29353039715677,0.6087794046856759,17.81715930559609,0.0
Fès-Meknès,2014.0,3.0,2014-03,33.506654453528874,0.40772158614576814,22.88047224807311,0.0
Guelmim-Oued Noun,2014.0,3.0,2014-03,5.84855440862405,0.18195130055829284,34.80466434733921,0.0
Laâyoune-Sakia El Hamra,2014.0,3.0,2014-03,1.8214901534059476,0.11618924138569836,34.515268303798194,0.0
Souss-Massa,2014.0,3.0,2014-03,27.69242280424953,0.20592168144176956,32.42492598381755,0.0
Dakhla-Oued Ed-Dahab,2014.0,3.0,2014-03,0.30090004465775294,0.16173105590062112,36.613760951198834,0.0
Tanger-Tétouan-Al Hoceima,2014.0,3.0,2014-03,42.43771518753548,0.532443156517826,22.260127057060796,0.0
Drâa-Tafilalet,2014.0,3.0,2014-03,38.92725425488456,0.1481773928045538,29.78361528809973,0.0
Marrakech-Safi,2014.0,3.0,2014-03,52.24859895888928,0.307542495141882,27.25470441950606,0.0
l'Oriental,2014.0,3.0,2014-03,25.92412210711433,0.21095325137151705,25.784478621014454,0.0
Béni Mellal-Khénifra,2014.0,3.0,2014-03,63.32385779818043,0.4314397872477146,23.409605862495646,0.0
Casablanca-Settat,2014.0,3.0,2014-03,35.41954983818939,0.5278044730734565,26.66913495099949,0.0
Rabat-Salé-Kénitra,2014.0,3.0,2014-03,41.93679762552472,0.6141469393037989,23.736606488737458,0.0
Fès-Meknès,2014.0,4.0,2014-04,29.822202212233893,0.39170108798581826,31.090030579883422,0.0
Guelmim-Oued Noun,2014.0,4.0,2014-04,3.2654219302244605,0.16225129737065005,40.90453161916372,0.0
Laâyoune-Sakia El Hamra,2014.0,4.0,2014-04,3.0643292919661316,0.11555805390885517,40.111912026675064,0.0
Souss-Massa,2014.0,4.0,2014-04,24.640168233321116,0.20700228404903298,40.44655936457542,0.0
Dakhla-Oued Ed-Dahab,2014.0,4.0,2014-04,0.5534083213474329,0.11487018633540373,42.27629480924006,0.0
Tanger-Tétouan-Al Hoceima,2014.0,4.0,2014-04,56.16496017122612,0.5076155058719942,27.837527198568264,0.0
Drâa-Tafilalet,2014.0,4.0,2014-04,21.694519336209922,0.15141878222456653,40.0185650854762,0.0
Marrakech-Safi,2014.0,4.0,2014-04,43.555381479374866,0.2635281290855075,35.04863994390649,0.0
l'Oriental,2014.0,4.0,2014-04,20.479541544039492,0.192310807910673,36.45059253542611,0.0
Béni Mellal-Khénifra,2014.0,4.0,2014-04,45.48905785950232,0.3955747377697271,31.386286210355387,0.0
Casablanca-Settat,2014.0,4.0,2014-04,43.89010500412756,0.37500074855184784,34.24587898875409,0.0
Rabat-Salé-Kénitra,2014.0,4.0,2014-04,46.84202541044059,0.5236568653896809,29.816977040506448,0.0
Fès-Meknès,2014.0,5.0,2014-05,21.876797184676807,0.2887040382371414,35.784108904859266,0.0
Guelmim-Oued Noun,2014.0,5.0,2014-05,3.4225056075468094,0.14196436761719142,41.40636276313203,0.0
Laâyoune-Sakia El Hamra,2014.0,5.0,2014-05,0.6941798289383599,0.11096568173397554,40.65808242291634,0.0
Souss-Massa,2014.0,5.0,2014-05,10.697621106784522,0.18328212781924144,42.319169392772054,0.0
Dakhla-Oued Ed-Dahab,2014.0,5.0,2014-05,0.02100877002612216,0.019698757763975158,42.36887759170518,0.0
Tanger-Tétouan-Al Hoceima,2014.0,5.0,2014-05,15.302992026555533,0.44247184980162885,32.133392133849405,0.0
Drâa-Tafilalet,2014.0,5.0,2014-05,22.237337254836223,0.1468215309553636,41.80961253180156,0.0
Marrakech-Safi,2014.0,5.0,2014-05,17.9862044949851,0.20476574221399405,38.96692955911722,0.0
l'Oriental,2014.0,5.0,2014-05,28.478723500427286,0.16536665213091398,38.64710892039963,0.0
Béni Mellal-Khénifra,2014.0,5.0,2014-05,21.58339537231264,0.2946487630503166,36.90465735408682,0.0
Casablanca-Settat,2014.0,5.0,2014-05,8.419652821476577,0.2567012929592863,39.94763639339572,0.0
Rabat-Salé-Kénitra,2014.0,5.0,2014-05,14.619331596225171,0.34567431302025864,37.22526520812075,0.0
Fès-Meknès,2014.0,6.0,2014-06,11.708841285057527,0.24221102582802273,38.56303706139015,0.0
Guelmim-Oued Noun,2014.0,6.0,2014-06,0.00924482190882817,0.13556766227379116,40.75387835305545,0.0
Laâyoune-Sakia El Hamra,2014.0,6.0,2014-06,0.010508152450252118,0.11056302334197853,39.73657231515281,0.0
Souss-Massa,2014.0,6.0,2014-06,0.19905534317626267,0.16923913796325485,43.21366839427552,0.0
Dakhla-Oued Ed-Dahab,2014.0,6.0,2014-06,0.0,0.12383850931677018,39.84040396216265,0.0
Tanger-Tétouan-Al Hoceima,2014.0,6.0,2014-06,8.449623049372681,0.3875189951386456,35.51807092021474,0.0
Drâa-Tafilalet,2014.0,6.0,2014-06,4.314956659809518,0.14119070086371743,44.25754071277982,0.0
Marrakech-Safi,2014.0,6.0,2014-06,2.4070581326291913,0.18569514910969265,40.482281368455965,0.0
l'Oriental,2014.0,6.0,2014-06,8.258698451021642,0.15554290270222904,41.77549093531749,0.0
Béni Mellal-Khénifra,2014.0,6.0,2014-06,7.315687465191467,0.25879365200788246,39.289106374203854,0.0
Casablanca-Settat,2014.0,6.0,2014-06,0.6679118142020118,0.2311385659215143,41.236810933567966,0.0
Rabat-Salé-Kénitra,2014.0,6.0,2014-06,4.9667971018181145,0.2898496381006871,39.88440354370177,0.0
Fès-Meknès,2014.0,7.0,2014-07,1.7935236331208095,0.22646674737456235,41.21684219813828,0.0
Guelmim-Oued Noun,2014.0,7.0,2014-07,0.0,0.12777854397581032,40.53151390818896,0.0
Laâyoune-Sakia El Hamra,2014.0,7.0,2014-07,0.0014527260388249954,0.10916916913671733,38.926822414957876,0.0
Souss-Massa,2014.0,7.0,2014-07,0.0030946797045710607,0.16120886725183084,44.76909912700097,0.0
Dakhla-Oued Ed-Dahab,2014.0,7.0,2014-07,0.002604378776541393,0.11383229813664597,40.77327387885587,0.0
Tanger-Tétouan-Al Hoceima,2014.0,7.0,2014-07,0.17237885359814528,0.357769020572672,38.11631776751156,0.0
Drâa-Tafilalet,2014.0,7.0,2014-07,0.36830858892739005,0.13478783169600667,46.05716418104769,0.0
Marrakech-Safi,2014.0,7.0,2014-07,0.0,0.17833705093587895,42.02342886684532,0.0
l'Oriental,2014.0,7.0,2014-07,1.2404535249597688,0.15095968701883405,43.83110835643848,0.0
Béni Mellal-Khénifra,2014.0,7.0,2014-07,0.5043121535713003,0.24483374845476913,42.106750439152556,0.0
Casablanca-Settat,2014.0,7.0,2014-07,0.0,0.22722519303168887,42.56411371401681,0.0
Rabat-Salé-Kénitra,2014.0,7.0,2014-07,0.0,0.27355657938356914,41.409232190370375,0.0
Fès-Meknès,2014.0,8.0,2014-08,5.030525311503851,0.22378618223229568,39.697548175395646,0.0
Guelmim-Oued Noun,2014.0,8.0,2014-08,1.0555582348978685,0.12209886201149373,43.26643846895494,0.0
Laâyoune-Sakia El Hamra,2014.0,8.0,2014-08,2.0011130554574996,0.10686282882549095,40.18840138125633,0.0
Souss-Massa,2014.0,8.0,2014-08,2.4069517820685236,0.15695208939229371,43.11953959466524,0.0
Dakhla-Oued Ed-Dahab,2014.0,8.0,2014-08,4.315263682959174,0.10705186335403727,40.87090872544995,0.0
Tanger-Tétouan-Al Hoceima,2014.0,8.0,2014-08,0.7182680736699345,0.3439700977701288,38.86279760269694,0.0
Drâa-Tafilalet,2014.0,8.0,2014-08,5.680228154049692,0.1356562142590273,42.70733808436323,0.0
Marrakech-Safi,2014.0,8.0,2014-08,1.7358115133240173,0.1725136136491603,41.11774078780174,0.0
l'Oriental,2014.0,8.0,2014-08,4.552865772173594,0.1490331778327104,42.15202021621663,0.0
Béni Mellal-Khénifra,2014.0,8.0,2014-08,5.500862030586323,0.24562500244789054,40.39704478592272,0.0
Casablanca-Settat,2014.0,8.0,2014-08,0.00605619607709807,0.22236141752356547,41.42212255252985,0.0
Rabat-Salé-Kénitra,2014.0,8.0,2014-08,0.2719851794232251,0.2709511379167862,40.725532853732346,0.0
Fès-Meknès,2014.0,9.0,2014-09,21.394668018363493,0.2290434453819224,33.98225855582,0.0
Guelmim-Oued Noun,2014.0,9.0,2014-09,8.750157267623642,0.13308020200548262,39.43884164425646,0.0
Laâyoune-Sakia El Hamra,2014.0,9.0,2014-09,6.696433704543919,0.11356832160059283,39.56483407125072,0.0
Souss-Massa,2014.0,9.0,2014-09,21.233396651909093,0.1798206572584885,38.226546597046045,0.0
Dakhla-Oued Ed-Dahab,2014.0,9.0,2014-09,5.197484285177709,0.1279,40.833783115428346,0.0
Tanger-Tétouan-Al Hoceima,2014.0,9.0,2014-09,20.31283535363226,0.34443617004441013,33.311903383693384,0.0
Drâa-Tafilalet,2014.0,9.0,2014-09,34.90768540364507,0.14267811806333933,37.807011658813146,0.0
Marrakech-Safi,2014.0,9.0,2014-09,12.546504634897174,0.18404683046777354,37.71749950348639,0.0
l'Oriental,2014.0,9.0,2014-09,28.257504134481806,0.15270520366428786,36.23513886440267,0.0
Béni Mellal-Khénifra,2014.0,9.0,2014-09,21.861142383292567,0.2583947238779482,34.666499717414915,0.0
Casablanca-Settat,2014.0,9.0,2014-09,10.077729171882071,0.23249232430822714,39.57496961761159,0.0
Rabat-Salé-Kénitra,2014.0,9.0,2014-09,14.253119640309892,0.2792539760420313,36.85097839061818,0.0
Fès-Meknès,2014.0,10.0,2014-10,31.074992753830635,0.24498852010591524,30.47300667407534,0.0
Guelmim-Oued Noun,2014.0,10.0,2014-10,3.1704830349352613,0.13301834716163163,38.29611854784332,0.0
Laâyoune-Sakia El Hamra,2014.0,10.0,2014-10,1.6616993624858298,0.11327541682104482,40.570987055638476,0.0
Souss-Massa,2014.0,10.0,2014-10,12.000754950415534,0.18772303262843748,34.827009682782446,0.0
Dakhla-Oued Ed-Dahab,2014.0,10.0,2014-10,1.0039812946489826,0.16184720496894411,43.32637716175635,0.0
Tanger-Tétouan-Al Hoceima,2014.0,10.0,2014-10,46.28924961636858,0.3748469880531304,29.08264051275647,0.0
Drâa-Tafilalet,2014.0,10.0,2014-10,21.682886343292527,0.15553540493615525,33.23367649148393,0.0
Marrakech-Safi,2014.0,10.0,2014-10,13.590797955022364,0.1820281277730375,35.59265460796771,0.0
l'Oriental,2014.0,10.0,2014-10,18.01511621705924,0.1563348078471956,31.703917406682812,0.0
Béni Mellal-Khénifra,2014.0,10.0,2014-10,23.840202548666774,0.2652102563553358,32.22601938890335,0.0
Casablanca-Settat,2014.0,10.0,2014-10,15.184859772888812,0.23617194112535755,37.73871581043576,0.0
Rabat-Salé-Kénitra,2014.0,10.0,2014-10,27.810520360546438,0.29681396166264773,33.936897810662444,0.0
Fès-Meknès,2014.0,11.0,2014-11,137.49829243261664,0.26599834272058137,19.31935383452975,0.0
Guelmim-Oued Noun,2014.0,11.0,2014-11,54.88557890987855,0.13974658239146076,28.308059204497315,0.0
Laâyoune-Sakia El Hamra,2014.0,11.0,2014-11,11.309922397744755,0.1154327343460541,30.292254268913968,0.0
Souss-Massa,2014.0,11.0,2014-11,136.90221672516938,0.197554730952965,25.906886795648592,0.0
Dakhla-Oued Ed-Dahab,2014.0,11.0,2014-11,0.5940598798830872,0.04225900621118013,33.753868830291545,0.0
Tanger-Tétouan-Al Hoceima,2014.0,11.0,2014-11,227.78330548899228,0.4062798930949533,18.286579156781976,0.0
Drâa-Tafilalet,2014.0,11.0,2014-11,126.51659603718268,0.1663876982923452,23.643865413955872,0.0
Marrakech-Safi,2014.0,11.0,2014-11,160.78592844911662,0.22026659340448398,22.304274524040856,0.0
l'Oriental,2014.0,11.0,2014-11,56.89548081313834,0.16478474987202904,20.97526141893236,0.0
Béni Mellal-Khénifra,2014.0,11.0,2014-11,177.2027342640952,0.2994071115809701,19.057163069434516,0.0
Casablanca-Settat,2014.0,11.0,2014-11,150.4383663321427,0.30298125726545627,23.54455975885048,0.0
Rabat-Salé-Kénitra,2014.0,11.0,2014-11,201.99247294069067,0.34721253735138935,21.439138766372675,0.0
Fès-Meknès,2014.0,12.0,2014-12,41.73846528285056,0.3288278114621663,13.656769701336712,0.0
Guelmim-Oued Noun,2014.0,12.0,2014-12,24.324733988229656,0.18677332398291416,22.68445219219761,0.0
Laâyoune-Sakia El Hamra,2014.0,12.0,2014-12,14.705650961766686,0.13367928399407186,24.271779709530666,0.0
Souss-Massa,2014.0,12.0,2014-12,25.506847824248684,0.24329044611467374,19.68964269199416,0.0
Dakhla-Oued Ed-Dahab,2014.0,12.0,2014-12,2.83612048874321,0.12580962732919254,26.87601044440467,0.0
Tanger-Tétouan-Al Hoceima,2014.0,12.0,2014-12,68.81760509963163,0.489802931649251,14.384461156199304,0.0
Drâa-Tafilalet,2014.0,12.0,2014-12,25.124060793697637,0.15967845453946078,17.361815694504223,0.0
Marrakech-Safi,2014.0,12.0,2014-12,30.96581203372978,0.29450917354578604,16.667541506056047,0.0
l'Oriental,2014.0,12.0,2014-12,25.012442612375725,0.18011077996583452,13.909969481675486,0.0
Béni Mellal-Khénifra,2014.0,12.0,2014-12,45.61461859565248,0.34158171823556044,13.573449783860605,0.0
Casablanca-Settat,2014.0,12.0,2014-12,37.729333040159695,0.49196465123772715,16.806798044069847,0.0
Rabat-Salé-Kénitra,2014.0,12.0,2014-12,78.33644031120828,0.47583861845660613,15.912927875385815,0.0
Fès-Meknès,2015.0,1.0,2015-01,74.06225879865049,0.346266819742393,12.950633550480612,0.0
Guelmim-Oued Noun,2015.0,1.0,2015-01,12.253554957607621,0.2292167610816125,22.71286621879653,0.0
Laâyoune-Sakia El Hamra,2015.0,1.0,2015-01,6.1481236912054,0.17197350870692849,23.238165578402036,0.0
Souss-Massa,2015.0,1.0,2015-01,25.4338482764546,0.2694407513826344,20.450702883542004,0.0
Dakhla-Oued Ed-Dahab,2015.0,1.0,2015-01,3.5012524681759505,0.13363229813664596,24.505312291625884,0.0
Tanger-Tétouan-Al Hoceima,2015.0,1.0,2015-01,75.89769278731498,0.5014187531217703,14.155450268448018,0.0
Drâa-Tafilalet,2015.0,1.0,2015-01,27.034393393196694,0.16240213094217704,17.667581849902316,0.0
Marrakech-Safi,2015.0,1.0,2015-01,30.94359154904493,0.3641391323635107,16.104193825433637,0.0
l'Oriental,2015.0,1.0,2015-01,33.79253055924321,0.178228718957394,13.893002142221308,0.0
Béni Mellal-Khénifra,2015.0,1.0,2015-01,66.0645392165319,0.3749371967675605,12.707356989017391,0.0
Casablanca-Settat,2015.0,1.0,2015-01,49.81170084966393,0.59279910367219,15.689836651185653,0.0
Rabat-Salé-Kénitra,2015.0,1.0,2015-01,81.00318381116358,0.5511171260155404,15.056852963867465,0.0
Fès-Meknès,2015.0,2.0,2015-02,57.71419327324204,0.3738054270262991,15.030325479338135,0.0
Guelmim-Oued Noun,2015.0,2.0,2015-02,5.360584912400435,0.27484738749897547,27.26325730538143,0.0
Laâyoune-Sakia El Hamra,2015.0,2.0,2015-02,3.2105319287869927,0.210476454242312,27.63194904207645,0.0
Souss-Massa,2015.0,2.0,2015-02,11.772839646379031,0.2829254134765314,25.788836969215954,0.0
Dakhla-Oued Ed-Dahab,2015.0,2.0,2015-02,2.525313921171791,0.09021801242236026,29.274777334235583,0.0
Tanger-Tétouan-Al Hoceima,2015.0,2.0,2015-02,98.00626826806699,0.5154748998555949,15.125412960419547,0.0
Drâa-Tafilalet,2015.0,2.0,2015-02,20.30371141223366,0.16353256378980674,22.24181926766185,0.0
Marrakech-Safi,2015.0,2.0,2015-02,17.056513732632013,0.424776791293536,20.038673240579605,0.0
l'Oriental,2015.0,2.0,2015-02,32.14028945245581,0.1842358544490891,17.020526100902284,0.0
Béni Mellal-Khénifra,2015.0,2.0,2015-02,47.25213674061102,0.43060403901937516,16.018964760871924,0.0
Casablanca-Settat,2015.0,2.0,2015-02,28.268142129905744,0.648033147820342,18.231334513165752,0.0
Rabat-Salé-Kénitra,2015.0,2.0,2015-02,52.49158351627224,0.6085712678908757,17.15785088478645,0.0
Fès-Meknès,2015.0,3.0,2015-03,42.56719057336327,0.41166488611884045,24.189871770363094,0.0
Guelmim-Oued Noun,2015.0,3.0,2015-03,11.119784910158518,0.27509123944662506,33.73601449468551,0.0
Laâyoune-Sakia El Hamra,2015.0,3.0,2015-03,5.083742303121288,0.1947301130048166,33.74590002027624,0.0
Souss-Massa,2015.0,3.0,2015-03,37.59691484517294,0.27736080816309894,32.29296722059835,0.0
Dakhla-Oued Ed-Dahab,2015.0,3.0,2015-03,1.950607792278266,0.1271444099378882,33.91573634267953,0.0
Tanger-Tétouan-Al Hoceima,2015.0,3.0,2015-03,57.492255916090635,0.5415508276213369,23.89680309651643,0.0
Drâa-Tafilalet,2015.0,3.0,2015-03,27.01072203876859,0.18318368750137348,31.062045389228352,0.0
Marrakech-Safi,2015.0,3.0,2015-03,58.77308380966286,0.39330211252887093,27.60796630113284,0.0
l'Oriental,2015.0,3.0,2015-03,17.88597502861161,0.20171396661412566,27.492051653483507,0.0
Béni Mellal-Khénifra,2015.0,3.0,2015-03,46.406877053847566,0.45214109885805903,23.787651106664466,0.0
Casablanca-Settat,2015.0,3.0,2015-03,50.15202381748911,0.6123607889724146,25.685941403932357,0.0
Rabat-Salé-Kénitra,2015.0,3.0,2015-03,53.80872739650929,0.6174337554438408,24.422864325156755,0.0
Fès-Meknès,2015.0,4.0,2015-04,39.053934471016525,0.3854106281976483,26.89492371835136,0.0
Guelmim-Oued Noun,2015.0,4.0,2015-04,2.2264712529574378,0.23349292388819562,38.709395997382984,0.0
Laâyoune-Sakia El Hamra,2015.0,4.0,2015-04,2.675270662518877,0.16221771952575031,38.37464462280808,0.0
Souss-Massa,2015.0,4.0,2015-04,15.724743360157861,0.25040224634126373,37.78782658958296,0.0
Dakhla-Oued Ed-Dahab,2015.0,4.0,2015-04,0.9998814027501246,0.11092111801242237,38.561547381719656,0.0
Tanger-Tétouan-Al Hoceima,2015.0,4.0,2015-04,40.62587470910194,0.5263028335295231,24.827284355100527,0.0
Drâa-Tafilalet,2015.0,4.0,2015-04,24.91265954313818,0.183939984505835,34.97185268624946,0.0
Marrakech-Safi,2015.0,4.0,2015-04,14.479724410462861,0.3147455414447483,31.87935811986806,0.0
l'Oriental,2015.0,4.0,2015-04,26.688321169401405,0.20444247662160253,30.32432319399296,0.0
Béni Mellal-Khénifra,2015.0,4.0,2015-04,28.77842424880798,0.41061962749225883,29.0828175518455,0.0
Casablanca-Settat,2015.0,4.0,2015-04,10.2482716813769,0.4648601183605722,29.409022089462677,0.0
Rabat-Salé-Kénitra,2015.0,4.0,2015-04,18.711467703887738,0.5293918440972277,27.699567235262734,0.0
Fès-Meknès,2015.0,5.0,2015-05,45.389511449006704,0.29292290189390546,35.790335111266096,0.0
Guelmim-Oued Noun,2015.0,5.0,2015-05,0.13446925384951053,0.18589761427699691,42.604212586683246,0.0
Laâyoune-Sakia El Hamra,2015.0,5.0,2015-05,0.191002431664299,0.14386727028529087,41.69412208790978,0.0
Souss-Massa,2015.0,5.0,2015-05,2.79104930942175,0.21250230590887312,42.99453645722444,0.0
Dakhla-Oued Ed-Dahab,2015.0,5.0,2015-05,0.033932026953239415,0.049073602484472054,42.580394096626875,0.0
Tanger-Tétouan-Al Hoceima,2015.0,5.0,2015-05,33.68004547120779,0.4547602146973709,32.61184380072424,0.0
Drâa-Tafilalet,2015.0,5.0,2015-05,12.920240459437876,0.17343287378299382,42.492943780391116,0.0
Marrakech-Safi,2015.0,5.0,2015-05,8.882014107369814,0.2299241808925406,39.76771318590966,0.0
l'Oriental,2015.0,5.0,2015-05,28.312013570117085,0.17861195907376326,39.36027282892656,0.0
Béni Mellal-Khénifra,2015.0,5.0,2015-05,26.436647732890023,0.2990022281923551,37.75225011074286,0.0
Casablanca-Settat,2015.0,5.0,2015-05,10.274271050136205,0.2886372839420553,39.06133426765152,0.0
Rabat-Salé-Kénitra,2015.0,5.0,2015-05,20.419240792860162,0.3675497709181892,36.48818605117365,0.0
Fès-Meknès,2015.0,6.0,2015-06,9.737935930033151,0.25614682019118584,37.261399308013736,0.0
Guelmim-Oued Noun,2015.0,6.0,2015-06,0.0,0.1668131576790317,40.46890419278406,0.0
Laâyoune-Sakia El Hamra,2015.0,6.0,2015-06,0.0,0.13754407187847353,38.368745189301656,0.0
Souss-Massa,2015.0,6.0,2015-06,0.1196162750033345,0.19730024192041298,43.29665534284399,0.0
Dakhla-Oued Ed-Dahab,2015.0,6.0,2015-06,0.0,0.10819627329192547,37.77050305144363,0.0
Tanger-Tétouan-Al Hoceima,2015.0,6.0,2015-06,5.113613563334576,0.4046403077044812,35.02577642652016,0.0
Drâa-Tafilalet,2015.0,6.0,2015-06,3.30846067963754,0.16449311421727017,44.304664272667104,0.0
Marrakech-Safi,2015.0,6.0,2015-06,2.670007219746076,0.20896170371365655,39.86289079189488,0.0
l'Oriental,2015.0,6.0,2015-06,7.401860150514805,0.1694820767524187,40.6782284304262,0.0
Béni Mellal-Khénifra,2015.0,6.0,2015-06,8.284465562614978,0.27114263598031907,38.32875618250419,0.0
Casablanca-Settat,2015.0,6.0,2015-06,2.455713813318153,0.2514538333006906,40.61697563271066,0.0
Rabat-Salé-Kénitra,2015.0,6.0,2015-06,5.083711643573015,0.3073051840801445,39.40307570345538,0.0
Fès-Meknès,2015.0,7.0,2015-07,4.441323708648289,0.23665562169015283,43.70727899609468,0.0
Guelmim-Oued Noun,2015.0,7.0,2015-07,0.8131434725956306,0.15209311378063553,46.694839599293935,0.0
Laâyoune-Sakia El Hamra,2015.0,7.0,2015-07,0.3685496221528276,0.12933141904409035,43.13025678898208,0.0
Souss-Massa,2015.0,7.0,2015-07,1.0990056104184909,0.18154995167431692,46.904630273965495,0.0
Dakhla-Oued Ed-Dahab,2015.0,7.0,2015-07,0.08915968618796306,0.1177835403726708,43.60919147476874,0.0
Tanger-Tétouan-Al Hoceima,2015.0,7.0,2015-07,1.37083608379989,0.36074728119991284,40.4329043825696,0.0
Drâa-Tafilalet,2015.0,7.0,2015-07,2.5050699370019918,0.15463994241884801,48.17069593634086,0.0
Marrakech-Safi,2015.0,7.0,2015-07,3.2379555687064934,0.19249318245802632,43.16858967678552,0.0
l'Oriental,2015.0,7.0,2015-07,1.4323086693177214,0.15940436821432616,47.80872713577191,0.0
Béni Mellal-Khénifra,2015.0,7.0,2015-07,6.89249991705548,0.25698907980735114,42.910974277116736,0.0
Casablanca-Settat,2015.0,7.0,2015-07,2.006052630490062,0.22913655634785282,42.523036192892384,0.0
Rabat-Salé-Kénitra,2015.0,7.0,2015-07,1.721250052719994,0.2861719571169751,42.30355579803909,0.0
Fès-Meknès,2015.0,8.0,2015-08,7.943776470955935,0.238722208172516,38.3205435789598,0.0
Guelmim-Oued Noun,2015.0,8.0,2015-08,1.119235611256061,0.155796865636299,40.4823731534522,0.0
Laâyoune-Sakia El Hamra,2015.0,8.0,2015-08,1.4381610590129787,0.1311744673953316,39.99734586695592,0.0
Souss-Massa,2015.0,8.0,2015-08,3.9975559553244358,0.1819153875690578,42.3502104397471,0.0
Dakhla-Oued Ed-Dahab,2015.0,8.0,2015-08,5.8247484422249105,0.15747329192546583,41.13694469946301,0.0
Tanger-Tétouan-Al Hoceima,2015.0,8.0,2015-08,2.383428875587118,0.3581487478302151,36.09576526407795,0.0
Drâa-Tafilalet,2015.0,8.0,2015-08,8.283308238916748,0.15685555339443089,42.28978686428179,0.0
Marrakech-Safi,2015.0,8.0,2015-08,4.422982175841501,0.1939054818476713,38.53631580408521,0.0
l'Oriental,2015.0,8.0,2015-08,9.223870879793543,0.15879252451815634,40.18605792405911,0.0
Béni Mellal-Khénifra,2015.0,8.0,2015-08,12.13855420155273,0.2628832021162014,37.86047863809251,0.0
Casablanca-Settat,2015.0,8.0,2015-08,1.7954104898349148,0.23536313138316967,39.863245964359535,0.0
Rabat-Salé-Kénitra,2015.0,8.0,2015-08,3.945555171833316,0.2902154887750654,39.53846624872437,0.0
Fès-Meknès,2015.0,9.0,2015-09,26.34716631124287,0.24743926420429066,34.74219085922685,0.0
Guelmim-Oued Noun,2015.0,9.0,2015-09,6.3728071070130925,0.1555295799597445,41.69012665493663,0.0
Laâyoune-Sakia El Hamra,2015.0,9.0,2015-09,12.567378964883929,0.13053952389773993,41.283082351200164,0.0
Souss-Massa,2015.0,9.0,2015-09,16.519181578582796,0.18750176235443858,40.68503164863241,0.0
Dakhla-Oued Ed-Dahab,2015.0,9.0,2015-09,22.556991645201517,0.08697826086956523,40.41111556058997,0.0
Tanger-Tétouan-Al Hoceima,2015.0,9.0,2015-09,8.595348628702476,0.3616568721656518,33.176410762891756,0.0
Drâa-Tafilalet,2015.0,9.0,2015-09,38.55816433485534,0.1608383008065757,38.82090211862689,0.0
Marrakech-Safi,2015.0,9.0,2015-09,13.990890852131491,0.19627439291526513,37.42583784822696,0.0
l'Oriental,2015.0,9.0,2015-09,20.9903395201276,0.16468864863323432,35.96407752261976,0.0
Béni Mellal-Khénifra,2015.0,9.0,2015-09,24.22825979008536,0.26879857808158836,35.8926922877175,0.0
Casablanca-Settat,2015.0,9.0,2015-09,8.888917842820508,0.2419466072105952,38.58560554043826,0.0
Rabat-Salé-Kénitra,2015.0,9.0,2015-09,11.704379455309686,0.2943445718269054,37.28581193504889,0.0
Fès-Meknès,2015.0,10.0,2015-10,37.50831666095601,0.275066540929899,26.692689433169313,0.0
Guelmim-Oued Noun,2015.0,10.0,2015-10,15.787072027557656,0.16020891356023248,34.31611529323166,0.0
Laâyoune-Sakia El Hamra,2015.0,10.0,2015-10,6.60569997136147,0.1347958317895517,36.24078005190962,0.0
Souss-Massa,2015.0,10.0,2015-10,41.47864245402838,0.21359065910962394,32.189859339411385,0.0
Dakhla-Oued Ed-Dahab,2015.0,10.0,2015-10,4.481419416435091,0.14737701863354039,38.962006648814295,0.0
Tanger-Tétouan-Al Hoceima,2015.0,10.0,2015-10,61.81509574458574,0.4007759771809686,25.41651060889836,0.0
Drâa-Tafilalet,2015.0,10.0,2015-10,35.88351090344008,0.17157652601041737,32.20600080239338,0.0
Marrakech-Safi,2015.0,10.0,2015-10,37.84495398605129,0.21904780853124214,29.95180077520213,0.0
l'Oriental,2015.0,10.0,2015-10,29.71291130816911,0.1903391371681415,26.909285409303017,0.0
Béni Mellal-Khénifra,2015.0,10.0,2015-10,41.90671343964301,0.2857789120350536,28.139003335013616,0.0
Casablanca-Settat,2015.0,10.0,2015-10,39.55940936164324,0.2748139329518248,31.779020916450175,0.0
Rabat-Salé-Kénitra,2015.0,10.0,2015-10,46.94588304310067,0.32660962929660375,29.665022719541252,0.0
Fès-Meknès,2015.0,11.0,2015-11,17.392357832836588,0.2832532225563234,22.920270261185955,0.0
Guelmim-Oued Noun,2015.0,11.0,2015-11,6.834942751845044,0.16039778549895714,30.275218719904533,0.0
Laâyoune-Sakia El Hamra,2015.0,11.0,2015-11,3.975792477280733,0.14853622174879588,30.311664242437725,0.0
Souss-Massa,2015.0,11.0,2015-11,14.67538876625285,0.2268448303753409,28.52117188659399,0.0
Dakhla-Oued Ed-Dahab,2015.0,11.0,2015-11,2.1388517261633733,0.13443726708074535,31.596859050859216,0.0
Tanger-Tétouan-Al Hoceima,2015.0,11.0,2015-11,29.43858595460354,0.44793304682824997,21.9144990385816,0.0
Drâa-Tafilalet,2015.0,11.0,2015-11,16.359398825681012,0.17471427594997918,26.829523709178687,0.0
Marrakech-Safi,2015.0,11.0,2015-11,16.576193501695215,0.23618385184964055,26.36910501532256,0.0
l'Oriental,2015.0,11.0,2015-11,13.61065212139451,0.20384708732461773,22.175552050162057,0.0
Béni Mellal-Khénifra,2015.0,11.0,2015-11,21.537866330036987,0.29041603658984394,24.479769395267876,0.0
Casablanca-Settat,2015.0,11.0,2015-11,17.141105909799908,0.3272802762527843,27.330965136976523,0.0
Rabat-Salé-Kénitra,2015.0,11.0,2015-11,27.238313266815975,0.35021150597403317,25.869092911685428,0.0
Fès-Meknès,2015.0,12.0,2015-12,15.303533299192129,0.2715811739296295,19.690816665651376,0.0
Guelmim-Oued Noun,2015.0,12.0,2015-12,21.605193813020225,0.16190961529704265,25.295931988056775,0.0
Laâyoune-Sakia El Hamra,2015.0,12.0,2015-12,16.796535481273764,0.15493888014079293,26.52582694134457,0.0
Souss-Massa,2015.0,12.0,2015-12,21.01406205140209,0.23097268310060623,23.44513560358231,0.0
Dakhla-Oued Ed-Dahab,2015.0,12.0,2015-12,4.009503921213555,0.14393664596273292,28.69252289473123,0.0
Tanger-Tétouan-Al Hoceima,2015.0,12.0,2015-12,14.354116055558654,0.4509235629824882,19.392393157697622,0.0
Drâa-Tafilalet,2015.0,12.0,2015-12,24.92939337553754,0.17009444078152133,21.399728970448415,0.0
Marrakech-Safi,2015.0,12.0,2015-12,17.378880677701765,0.23634992704778146,23.181504329813222,0.0
l'Oriental,2015.0,12.0,2015-12,12.64893406850051,0.1971288559837276,18.644997491008997,0.0
Béni Mellal-Khénifra,2015.0,12.0,2015-12,29.056288141178896,0.28156743678322715,21.051305940397494,0.0
Casablanca-Settat,2015.0,12.0,2015-12,21.560267666484965,0.34151852730283566,24.961081244757267,0.0
Rabat-Salé-Kénitra,2015.0,12.0,2015-12,17.360961081624833,0.34706417352332203,22.97574953983819,0.0
Fès-Meknès,2016.0,1.0,2016-01,29.084574368510697,0.2849751293645097,17.937934649941923,0.0
Guelmim-Oued Noun,2016.0,1.0,2016-01,8.29732522370788,0.15710735844588747,27.948313747346653,0.0
Laâyoune-Sakia El Hamra,2016.0,1.0,2016-01,3.6405103423351393,0.1524026491293072,29.130702648266507,0.0
Souss-Massa,2016.0,1.0,2016-01,15.974978319738224,0.21944896121681445,24.67461495776953,0.0
Dakhla-Oued Ed-Dahab,2016.0,1.0,2016-01,0.503119752491649,0.06768074534161492,31.049138368993372,0.0
Tanger-Tétouan-Al Hoceima,2016.0,1.0,2016-01,55.266036942714514,0.4855811316182514,16.915155849669137,0.0
Drâa-Tafilalet,2016.0,1.0,2016-01,13.916444762930663,0.16414097811037112,22.452081718741837,0.0
Marrakech-Safi,2016.0,1.0,2016-01,20.691283942992218,0.23346920158092668,22.97953096003338,0.0
l'Oriental,2016.0,1.0,2016-01,14.700972154611845,0.19263329108817234,18.82499464223181,0.0
Béni Mellal-Khénifra,2016.0,1.0,2016-01,31.686025799497628,0.2979053991285508,19.453647883666616,0.0
Casablanca-Settat,2016.0,1.0,2016-01,29.70267507454021,0.36161535142102014,23.067382183849308,0.0
Rabat-Salé-Kénitra,2016.0,1.0,2016-01,40.69555786189273,0.3862730762069544,21.103892331243653,0.0
Fès-Meknès,2016.0,2.0,2016-02,58.098060919778014,0.25884988970918266,19.377982123337755,0.0
Guelmim-Oued Noun,2016.0,2.0,2016-02,13.846957972350726,0.15200769861292,28.880923634923676,0.0
Laâyoune-Sakia El Hamra,2016.0,2.0,2016-02,7.599281340788478,0.13831147184142278,30.308763868143622,0.0
Souss-Massa,2016.0,2.0,2016-02,22.162965651243333,0.19975227145309904,26.977558377370404,0.0
Dakhla-Oued Ed-Dahab,2016.0,2.0,2016-02,2.654337739397813,0.15205,31.14436291017504,0.0
Tanger-Tétouan-Al Hoceima,2016.0,2.0,2016-02,114.28933732499395,0.4968093598702337,16.655807707995173,0.0
Drâa-Tafilalet,2016.0,2.0,2016-02,18.359334374172413,0.14611777488406855,24.688366166842563,0.0
Marrakech-Safi,2016.0,2.0,2016-02,36.933552468617684,0.2168007614906061,23.357515512939646,0.0
l'Oriental,2016.0,2.0,2016-02,20.431811579681202,0.1779118471932053,20.97356568174562,0.0
Béni Mellal-Khénifra,2016.0,2.0,2016-02,44.163706616046696,0.26828572206650925,20.663237977403426,0.0
Casablanca-Settat,2016.0,2.0,2016-02,50.023100277317546,0.3487432996692051,24.295879561620698,0.0
Rabat-Salé-Kénitra,2016.0,2.0,2016-02,83.48616300719921,0.3846462492734669,21.414544515721488,0.0
Fès-Meknès,2016.0,3.0,2016-03,48.098157305587115,0.30094182725967156,23.293079328433013,0.0
Guelmim-Oued Noun,2016.0,3.0,2016-03,5.142875636106166,0.15707009763294738,32.196804251767,0.0
Laâyoune-Sakia El Hamra,2016.0,3.0,2016-03,2.212234423448873,0.13007930251945168,34.07435720661005,0.0
Souss-Massa,2016.0,3.0,2016-03,22.1739512619743,0.19771925610567997,31.931263533742456,0.0
Dakhla-Oued Ed-Dahab,2016.0,3.0,2016-03,1.511226506306334,-0.0052813664596273275,36.53704404356774,0.0
Tanger-Tétouan-Al Hoceima,2016.0,3.0,2016-03,40.929521417524334,0.5100415781430827,21.184863853165194,0.0
Drâa-Tafilalet,2016.0,3.0,2016-03,25.93789858448035,0.149460222852245,30.805469896749702,0.0
Marrakech-Safi,2016.0,3.0,2016-03,39.60382498312459,0.23651013310896118,27.097132944664605,0.0
l'Oriental,2016.0,3.0,2016-03,18.856662094754455,0.18480380213854652,25.640703609640273,0.0
Béni Mellal-Khénifra,2016.0,3.0,2016-03,56.42649292227043,0.3053198563700233,23.80520304886435,0.0
Casablanca-Settat,2016.0,3.0,2016-03,42.36444501983979,0.3994044294297362,27.35255414612193,0.0
Rabat-Salé-Kénitra,2016.0,3.0,2016-03,61.42811689108832,0.436887578052978,25.24072097335623,0.0
Fès-Meknès,2016.0,4.0,2016-04,30.014921527423848,0.3353555549322322,30.50276506708748,0.0
Guelmim-Oued Noun,2016.0,4.0,2016-04,1.6855567899945083,0.16044625497499979,37.36947595197388,0.0
Laâyoune-Sakia El Hamra,2016.0,4.0,2016-04,2.393868287417636,0.12429703130789184,39.41722220193875,0.0
Souss-Massa,2016.0,4.0,2016-04,9.929135241618821,0.19318964662391816,37.97870153500706,0.0
Dakhla-Oued Ed-Dahab,2016.0,4.0,2016-04,0.5727449030640716,0.08701086956521739,40.54150585559583,0.0
Tanger-Tétouan-Al Hoceima,2016.0,4.0,2016-04,45.211280069064074,0.49513253225654924,27.217378948682793,0.0
Drâa-Tafilalet,2016.0,4.0,2016-04,16.649305601333495,0.15418295070437998,38.90664769340858,0.0
Marrakech-Safi,2016.0,4.0,2016-04,16.644755791175353,0.24375598414465555,34.07085411394543,0.0
l'Oriental,2016.0,4.0,2016-04,22.908825149979958,0.17914218239683113,34.70237572599248,0.0
Béni Mellal-Khénifra,2016.0,4.0,2016-04,27.885086039615373,0.33124659773814935,31.706568668183998,0.0
Casablanca-Settat,2016.0,4.0,2016-04,19.450663329728783,0.4015574227657863,34.03020885078871,0.0
Rabat-Salé-Kénitra,2016.0,4.0,2016-04,33.31718009917778,0.44887530142641147,31.98736033405019,0.0
Fès-Meknès,2016.0,5.0,2016-05,48.55973705618882,0.2882097913113716,33.64687473171704,0.0
Guelmim-Oued Noun,2016.0,5.0,2016-05,3.5099652250615776,0.1441273832184264,40.46906031695253,0.0
Laâyoune-Sakia El Hamra,2016.0,5.0,2016-05,0.4081195404869538,0.12121820118562432,40.68711886632583,0.0
Souss-Massa,2016.0,5.0,2016-05,21.429936941647924,0.18328424962332224,40.47361124553446,0.0
Dakhla-Oued Ed-Dahab,2016.0,5.0,2016-05,0.014392906237246586,0.05426304347826087,42.70921127058765,0.0
Tanger-Tétouan-Al Hoceima,2016.0,5.0,2016-05,65.06722290910507,0.4339994766690915,29.186238564947764,0.0
Drâa-Tafilalet,2016.0,5.0,2016-05,29.153586747526735,0.15212284125623604,40.99475179493707,0.0
Marrakech-Safi,2016.0,5.0,2016-05,42.84052465409152,0.21150141421294721,36.073647991344,0.0
l'Oriental,2016.0,5.0,2016-05,28.294448304217127,0.163264564570621,38.148695080229146,0.0
Béni Mellal-Khénifra,2016.0,5.0,2016-05,58.08677805365676,0.29282246260847244,34.90798141557328,0.0
Casablanca-Settat,2016.0,5.0,2016-05,39.04150784382153,0.28568738227412344,36.53185406905777,0.0
Rabat-Salé-Kénitra,2016.0,5.0,2016-05,58.10241025895959,0.3272456660445136,35.10033392865826,0.0
Fès-Meknès,2016.0,6.0,2016-06,6.109214344719793,0.23822231857553178,40.910030355803535,0.0
Guelmim-Oued Noun,2016.0,6.0,2016-06,0.058848221421652046,0.13627751527791698,41.42800906348267,0.0
Laâyoune-Sakia El Hamra,2016.0,6.0,2016-06,0.026985496336836192,0.1193237356428307,41.21697554017069,0.0
Souss-Massa,2016.0,6.0,2016-06,0.09892107481920864,0.17444785439807486,45.06869469554727,0.0
Dakhla-Oued Ed-Dahab,2016.0,6.0,2016-06,0.04054424534835337,0.153227950310559,43.33553975555302,0.0
Tanger-Tétouan-Al Hoceima,2016.0,6.0,2016-06,4.779257525719695,0.3846015335542256,36.09242619553006,0.0
Drâa-Tafilalet,2016.0,6.0,2016-06,1.5673067777633078,0.1463846991274918,47.42673858952378,0.0
Marrakech-Safi,2016.0,6.0,2016-06,0.7105870881246145,0.19226918584067051,41.08440278474797,0.0
l'Oriental,2016.0,6.0,2016-06,5.492941428983431,0.14863596269551418,43.922459566515116,0.0
Béni Mellal-Khénifra,2016.0,6.0,2016-06,4.630458889249459,0.25496779754109417,41.60955843402024,0.0
Casablanca-Settat,2016.0,6.0,2016-06,0.04810542530138107,0.2544470712875645,41.64308703480174,0.0
Rabat-Salé-Kénitra,2016.0,6.0,2016-06,3.102724487470108,0.2813968992934468,41.604014775295255,0.0
Fès-Meknès,2016.0,7.0,2016-07,2.7905754456235723,0.21865936484606416,42.48374058077268,0.0
Guelmim-Oued Noun,2016.0,7.0,2016-07,0.9025381741561765,0.12776416497418,43.4209715274977,0.0
Laâyoune-Sakia El Hamra,2016.0,7.0,2016-07,0.5930910386264587,0.11361709429418304,40.77760430649993,0.0
Souss-Massa,2016.0,7.0,2016-07,0.37993509632997596,0.15881674171017432,45.54145253834296,0.0
Dakhla-Oued Ed-Dahab,2016.0,7.0,2016-07,0.4564533679745075,0.08584316770186336,42.397980657188725,0.0
Tanger-Tétouan-Al Hoceima,2016.0,7.0,2016-07,0.43972622153107627,0.3413657927272544,38.82853377450371,0.0
Drâa-Tafilalet,2016.0,7.0,2016-07,1.2876664525069477,0.14019551471396227,47.185733524416094,0.0
Marrakech-Safi,2016.0,7.0,2016-07,1.0400238085143276,0.17750362156559077,41.96513566748174,0.0
l'Oriental,2016.0,7.0,2016-07,1.0427411929468517,0.14381231595682947,44.292749631077946,0.0
Béni Mellal-Khénifra,2016.0,7.0,2016-07,2.169153831088687,0.24032213321420262,43.17073322437261,0.0
Casablanca-Settat,2016.0,7.0,2016-07,0.22279135255562843,0.22920761419766958,42.32738269533736,0.0
Rabat-Salé-Kénitra,2016.0,7.0,2016-07,0.06941041125086927,0.2604339818258605,43.2486757134787,0.0
Fès-Meknès,2016.0,8.0,2016-08,9.232778026535305,0.22428400872901844,40.939460612031795,0.0
Guelmim-Oued Noun,2016.0,8.0,2016-08,0.8589632367427246,0.12810312980992536,45.66794609840916,0.0
Laâyoune-Sakia El Hamra,2016.0,8.0,2016-08,1.1622096182847492,0.11674775379770287,43.27222894001322,0.0
Souss-Massa,2016.0,8.0,2016-08,0.897059834481402,0.1591138376432251,44.74730495441428,0.0
Dakhla-Oued Ed-Dahab,2016.0,8.0,2016-08,6.001906804499509,0.13857919254658388,43.33771902341065,0.0
Tanger-Tétouan-Al Hoceima,2016.0,8.0,2016-08,2.949461087758919,0.3336669408081822,38.918582994131604,0.0
Drâa-Tafilalet,2016.0,8.0,2016-08,5.2595103956025735,0.14324222236873918,44.1680223609265,0.0
Marrakech-Safi,2016.0,8.0,2016-08,1.9694720257977765,0.17799526611695735,42.38603785249803,0.0
l'Oriental,2016.0,8.0,2016-08,5.769846029781212,0.14661957169423692,43.205713103062294,0.0
Béni Mellal-Khénifra,2016.0,8.0,2016-08,7.238371416806991,0.24310376531461517,41.73929482029117,0.0
Casablanca-Settat,2016.0,8.0,2016-08,0.288619392617195,0.2250837459620845,43.3911057961823,0.0
Rabat-Salé-Kénitra,2016.0,8.0,2016-08,1.832524647638476,0.26503163145300124,44.206377546836315,0.0
Fès-Meknès,2016.0,9.0,2016-09,11.897035523820879,0.22972523999192185,37.23764808695413,0.0
Guelmim-Oued Noun,2016.0,9.0,2016-09,6.097354799381089,0.13596566316633127,41.078965799918095,0.0
Laâyoune-Sakia El Hamra,2016.0,9.0,2016-09,11.076087727193556,0.12137635698406819,40.22025961851706,0.0
Souss-Massa,2016.0,9.0,2016-09,7.986961851046628,0.17084866773539814,41.06365348134956,0.0
Dakhla-Oued Ed-Dahab,2016.0,9.0,2016-09,27.263429618428162,0.19157546583850932,41.3437499292885,0.0
Tanger-Tétouan-Al Hoceima,2016.0,9.0,2016-09,10.276720206389523,0.33280713204785184,35.46206242976653,0.0
Drâa-Tafilalet,2016.0,9.0,2016-09,14.7041743273951,0.15148386881606993,40.923309187596104,0.0
Marrakech-Safi,2016.0,9.0,2016-09,9.334831961065928,0.18389724895076248,38.43468386490556,0.0
l'Oriental,2016.0,9.0,2016-09,18.139162189011685,0.1512736598268701,38.65964640730048,0.0
Béni Mellal-Khénifra,2016.0,9.0,2016-09,12.14419120887333,0.25425842013145167,37.23966630516141,0.0
Casablanca-Settat,2016.0,9.0,2016-09,6.773066679786961,0.23137515387470578,40.63915579925118,0.0
Rabat-Salé-Kénitra,2016.0,9.0,2016-09,10.344395986728477,0.2621171085256533,39.33633294303108,0.0
Fès-Meknès,2016.0,10.0,2016-10,52.409859041213366,0.25028130576249885,29.023343024782513,0.0
Guelmim-Oued Noun,2016.0,10.0,2016-10,18.23484548367167,0.14232272197378848,36.50125501104672,0.0
Laâyoune-Sakia El Hamra,2016.0,10.0,2016-10,10.18842067782206,0.12907600500185254,37.34681258112906,0.0
Souss-Massa,2016.0,10.0,2016-10,32.78334367974191,0.18009146480016816,33.040082108467836,0.0
Dakhla-Oued Ed-Dahab,2016.0,10.0,2016-10,3.8634221166407223,0.14841832298136648,40.23351840896461,0.0
Tanger-Tétouan-Al Hoceima,2016.0,10.0,2016-10,59.39066851152051,0.374966026151419,27.49560142339865,0.0
Drâa-Tafilalet,2016.0,10.0,2016-10,37.67456966288105,0.15783236862926078,31.17794317763168,0.0
Marrakech-Safi,2016.0,10.0,2016-10,28.277935299535276,0.19249454980802033,31.597435600923955,0.0
l'Oriental,2016.0,10.0,2016-10,17.918580306767105,0.15293945659658212,31.191385571504537,0.0
Béni Mellal-Khénifra,2016.0,10.0,2016-10,55.58728919761896,0.2668810173739031,29.164989704736772,0.0
Casablanca-Settat,2016.0,10.0,2016-10,32.916799175809594,0.245413640090224,34.204194304069446,0.0
Rabat-Salé-Kénitra,2016.0,10.0,2016-10,59.1794347093047,0.2876964617843653,32.21230695983382,0.0
Fès-Meknès,2016.0,11.0,2016-11,76.91826621752344,0.2835414942554527,18.655057816076727,0.0
Guelmim-Oued Noun,2016.0,11.0,2016-11,23.45167906857088,0.1691250147997704,27.718614568441815,0.0
Laâyoune-Sakia El Hamra,2016.0,11.0,2016-11,7.483629936223132,0.15470909596146726,30.435649327435147,0.0
Souss-Massa,2016.0,11.0,2016-11,53.105828623421296,0.20701645730037185,24.30433644872879,0.0
Dakhla-Oued Ed-Dahab,2016.0,11.0,2016-11,3.2805927031946136,0.07498571428571428,34.21484287664526,0.0
Tanger-Tétouan-Al Hoceima,2016.0,11.0,2016-11,184.12965114793025,0.4348996349101131,19.097087792899686,0.0
Drâa-Tafilalet,2016.0,11.0,2016-11,39.27526695087604,0.16403046548427508,22.669403149265108,0.0
Marrakech-Safi,2016.0,11.0,2016-11,71.81271065741927,0.21942403696222065,22.24262261041647,0.0
l'Oriental,2016.0,11.0,2016-11,34.78789748688857,0.16600084807305446,18.649181612142975,0.0
Béni Mellal-Khénifra,2016.0,11.0,2016-11,75.72634229071666,0.29453398773606837,18.81211178150828,0.0
Casablanca-Settat,2016.0,11.0,2016-11,89.75951645621373,0.2870868494804821,25.080511365263877,0.0
Rabat-Salé-Kénitra,2016.0,11.0,2016-11,141.7335566234535,0.3524924767509446,22.65736450284302,0.0
Fès-Meknès,2016.0,12.0,2016-12,96.54550374679759,0.3158766161026837,13.828050040509472,0.0
Guelmim-Oued Noun,2016.0,12.0,2016-12,23.02251660471188,0.20369918168653622,23.279863422940718,0.0
Laâyoune-Sakia El Hamra,2016.0,12.0,2016-12,16.164775599056313,0.18447607447202666,25.711516017840417,0.0
Souss-Massa,2016.0,12.0,2016-12,40.159352043822004,0.24558112509781943,20.308036300755564,0.0
Dakhla-Oued Ed-Dahab,2016.0,12.0,2016-12,4.37413425885818,0.1418388198757764,28.69540584325966,0.0
Tanger-Tétouan-Al Hoceima,2016.0,12.0,2016-12,147.3752486332632,0.4795501414406175,15.735713722062691,0.0
Drâa-Tafilalet,2016.0,12.0,2016-12,50.78258928408942,0.15682511296455032,17.541339037205212,0.0
Marrakech-Safi,2016.0,12.0,2016-12,45.433937596397556,0.2860237482135629,17.776365669012232,0.0
l'Oriental,2016.0,12.0,2016-12,64.09634934755873,0.18141493626887786,13.789595877032605,0.0
Béni Mellal-Khénifra,2016.0,12.0,2016-12,79.87252200638562,0.3352456341872392,13.978137214169003,0.0
Casablanca-Settat,2016.0,12.0,2016-12,53.591444965417516,0.44309679524569007,18.55512107944436,0.0
Rabat-Salé-Kénitra,2016.0,12.0,2016-12,100.8433960996243,0.4467881021148666,17.446001375929484,0.0
Fès-Meknès,2017.0,1.0,2017-01,38.18648311184223,0.3420621156090116,13.533544885624803,0.0
Guelmim-Oued Noun,2017.0,1.0,2017-01,7.637099669922628,0.20137525296223083,23.4350584663781,0.0
Laâyoune-Sakia El Hamra,2017.0,1.0,2017-01,3.5752603703381474,0.1824811504260837,25.160048581288127,0.0
Souss-Massa,2017.0,1.0,2017-01,16.36328181918017,0.2622146437039371,20.781052849344725,0.0
Dakhla-Oued Ed-Dahab,2017.0,1.0,2017-01,2.0892500103717264,0.11775434782608696,27.622086217202195,0.0
Tanger-Tétouan-Al Hoceima,2017.0,1.0,2017-01,53.026627292401706,0.4911320761995194,14.548605926665854,0.0
Drâa-Tafilalet,2017.0,1.0,2017-01,16.780437351606288,0.1541034951979077,18.25903384421615,0.0
Marrakech-Safi,2017.0,1.0,2017-01,21.629430873234536,0.35291907087544466,17.873625806612367,0.0
l'Oriental,2017.0,1.0,2017-01,38.546876309091815,0.18083156896510977,13.92431217932519,0.0
Béni Mellal-Khénifra,2017.0,1.0,2017-01,39.8770007516996,0.37801339684589313,14.072532161241584,0.0
Casablanca-Settat,2017.0,1.0,2017-01,29.94866856717342,0.5895272948820438,17.5562769400741,0.0
Rabat-Salé-Kénitra,2017.0,1.0,2017-01,44.42328139131532,0.5343118924797585,16.240247120571556,0.0
Fès-Meknès,2017.0,2.0,2017-02,54.93130047344925,0.40438854613589464,17.32102016857803,0.0
Guelmim-Oued Noun,2017.0,2.0,2017-02,13.078424901825736,0.2135647915736936,28.121269373548362,0.0
Laâyoune-Sakia El Hamra,2017.0,2.0,2017-02,2.886514050059837,0.16255197295294552,30.16909679486725,0.0
Souss-Massa,2017.0,2.0,2017-02,34.67333951872331,0.28072790757092625,24.72877093778029,0.0
Dakhla-Oued Ed-Dahab,2017.0,2.0,2017-02,0.24546895083450004,0.1264211180124224,32.4840717310074,0.0
Tanger-Tétouan-Al Hoceima,2017.0,2.0,2017-02,94.71833613960175,0.5501687640016022,17.35070037041663,0.0
Drâa-Tafilalet,2017.0,2.0,2017-02,27.141262586451905,0.15245267939166154,24.370973186369337,0.0
Marrakech-Safi,2017.0,2.0,2017-02,53.07048790734405,0.38430859897539543,21.478983271580546,0.0
l'Oriental,2017.0,2.0,2017-02,21.794553514476704,0.19796811107525195,20.310551974750787,0.0
Béni Mellal-Khénifra,2017.0,2.0,2017-02,70.7233798974187,0.47277544092628165,17.199408770831145,0.0
Casablanca-Settat,2017.0,2.0,2017-02,61.297730036630846,0.6864617670812141,19.742877386091624,0.0
Rabat-Salé-Kénitra,2017.0,2.0,2017-02,92.60264371385614,0.6427042567539951,18.63264370724654,0.0
Fès-Meknès,2017.0,3.0,2017-03,24.409496520299733,0.4250500526209496,25.427532083668545,0.0
Guelmim-Oued Noun,2017.0,3.0,2017-03,1.8995832937399741,0.2049066093498116,35.59327319244087,0.0
Laâyoune-Sakia El Hamra,2017.0,3.0,2017-03,1.7194230922758855,0.14230874397925158,36.02018211707896,0.0
Souss-Massa,2017.0,3.0,2017-03,16.23458940240954,0.27919137364658875,32.70098424504618,0.0
Dakhla-Oued Ed-Dahab,2017.0,3.0,2017-03,0.7393876696778485,0.1025776397515528,37.71732346257237,0.0
Tanger-Tétouan-Al Hoceima,2017.0,3.0,2017-03,38.518529433092745,0.5717217130193023,22.965913047821225,0.0
Drâa-Tafilalet,2017.0,3.0,2017-03,15.922277254983525,0.16275262444781452,32.33770322153193,0.0
Marrakech-Safi,2017.0,3.0,2017-03,31.78708285084618,0.3342175440878836,29.268630120409025,0.0
l'Oriental,2017.0,3.0,2017-03,12.361506979157395,0.21846813234735707,28.404179361903346,0.0
Béni Mellal-Khénifra,2017.0,3.0,2017-03,38.45659224888957,0.4887307932389266,24.90903308537129,0.0
Casablanca-Settat,2017.0,3.0,2017-03,34.729382594459075,0.6193254272441028,26.743146531088314,0.0
Rabat-Salé-Kénitra,2017.0,3.0,2017-03,50.493279093873724,0.6436668462540922,24.96453642112558,0.0
Fès-Meknès,2017.0,4.0,2017-04,42.29094550435091,0.3537709833049096,29.499841330529524,0.0
Guelmim-Oued Noun,2017.0,4.0,2017-04,0.9760455739908264,0.16745225685115525,38.31213175956758,0.0
Laâyoune-Sakia El Hamra,2017.0,4.0,2017-04,2.1011488339265703,0.13106710818821785,39.748396844655645,0.0
Souss-Massa,2017.0,4.0,2017-04,9.734966300409635,0.22803732582314265,36.44601892895772,0.0
Dakhla-Oued Ed-Dahab,2017.0,4.0,2017-04,0.3223312019599253,0.14053944099378882,42.65675927661367,0.0
Tanger-Tétouan-Al Hoceima,2017.0,4.0,2017-04,66.42429146609932,0.5112859066609299,27.112442485537148,0.0
Drâa-Tafilalet,2017.0,4.0,2017-04,19.153426425094217,0.16358509988791453,35.843929888314314,0.0
Marrakech-Safi,2017.0,4.0,2017-04,21.52589543092531,0.24652624793645805,34.65181351727481,0.0
l'Oriental,2017.0,4.0,2017-04,23.038348420227106,0.20224719177853548,32.95954429319566,0.0
Béni Mellal-Khénifra,2017.0,4.0,2017-04,45.62498917677107,0.37129443181400923,29.588382105997464,0.0
Casablanca-Settat,2017.0,4.0,2017-04,17.841978502804555,0.36142724716122354,33.61708071280977,0.0
Rabat-Salé-Kénitra,2017.0,4.0,2017-04,31.076217413148644,0.4899185175094451,31.045225494484153,0.0
Fès-Meknès,2017.0,5.0,2017-05,24.27331716610681,0.26617133414864025,34.77917575064967,0.0
Guelmim-Oued Noun,2017.0,5.0,2017-05,2.869889629911859,0.14769965983296746,42.17678058363072,0.0
Laâyoune-Sakia El Hamra,2017.0,5.0,2017-05,1.0652689355565608,0.12570361708040018,42.153035217277626,0.0
Souss-Massa,2017.0,5.0,2017-05,6.010111017890787,0.19649947557144024,42.164817528374016,0.0
Dakhla-Oued Ed-Dahab,2017.0,5.0,2017-05,0.009696335720471594,0.04575186335403727,41.666061396459895,0.0
Tanger-Tétouan-Al Hoceima,2017.0,5.0,2017-05,18.884884782128115,0.4432434401380764,30.366905431389693,0.0
Drâa-Tafilalet,2017.0,5.0,2017-05,10.884952600895407,0.1538003647172588,42.40064677046349,0.0
Marrakech-Safi,2017.0,5.0,2017-05,9.401510087275167,0.20394735873808129,37.76524939937857,0.0
l'Oriental,2017.0,5.0,2017-05,13.217816942589566,0.1749509076125664,38.750492530947,0.0
Béni Mellal-Khénifra,2017.0,5.0,2017-05,20.818251884775897,0.28694300668274125,34.7758182137566,0.0
Casablanca-Settat,2017.0,5.0,2017-05,9.000001574310623,0.2541326345351386,38.196767886736126,0.0
Rabat-Salé-Kénitra,2017.0,5.0,2017-05,20.799860127027888,0.3257795513612737,35.90067762246687,0.0
Fès-Meknès,2017.0,6.0,2017-06,8.581414404366761,0.22881146138138414,41.20329633566592,0.0
Guelmim-Oued Noun,2017.0,6.0,2017-06,0.029663855274554576,0.13704022213317055,43.80469794592895,0.0
Laâyoune-Sakia El Hamra,2017.0,6.0,2017-06,0.0747761496076634,0.11822630603927381,41.931970021273685,0.0
Souss-Massa,2017.0,6.0,2017-06,2.4370169918832403,0.18361535294426826,45.245233945013304,0.0
Dakhla-Oued Ed-Dahab,2017.0,6.0,2017-06,0.8605875776866936,0.008929192546583855,42.88050135323111,0.0
Tanger-Tétouan-Al Hoceima,2017.0,6.0,2017-06,3.0630675628098385,0.3756483967192355,37.29095917093269,0.0
Drâa-Tafilalet,2017.0,6.0,2017-06,6.81836836225468,0.14555663710687683,45.562362247781245,0.0
Marrakech-Safi,2017.0,6.0,2017-06,3.754703821631461,0.19001933402008656,42.426565406340394,0.0
l'Oriental,2017.0,6.0,2017-06,7.52501747891922,0.15809327663711534,44.080456399767705,0.0
Béni Mellal-Khénifra,2017.0,6.0,2017-06,10.715357272418883,0.25633035017074035,41.694254494630904,0.0
Casablanca-Settat,2017.0,6.0,2017-06,1.3932485221578363,0.2302857341256895,42.151744399206244,0.0
Rabat-Salé-Kénitra,2017.0,6.0,2017-06,2.914064423596652,0.2775669105092995,42.125267827853996,0.0
Fès-Meknès,2017.0,7.0,2017-07,1.2776743810483073,0.21887855455075825,43.076917425911944,0.0
Guelmim-Oued Noun,2017.0,7.0,2017-07,0.0038479304639988145,0.1293159910381697,43.47984032963771,0.0
Laâyoune-Sakia El Hamra,2017.0,7.0,2017-07,0.0031626864229796635,0.11455649777695447,40.34500701842009,0.0
Souss-Massa,2017.0,7.0,2017-07,0.0013335344684694027,0.16800872577875925,45.69823212061972,0.0
Dakhla-Oued Ed-Dahab,2017.0,7.0,2017-07,0.0020970038907522936,0.11945652173913043,40.12691452547577,0.0
Tanger-Tétouan-Al Hoceima,2017.0,7.0,2017-07,0.0688454762414171,0.35124302553298803,39.79881713072797,0.0
Drâa-Tafilalet,2017.0,7.0,2017-07,0.19624903962081097,0.13854589338695852,46.32268134377729,0.0
Marrakech-Safi,2017.0,7.0,2017-07,0.01965794196468026,0.1781382160150169,43.620009033346406,0.0
l'Oriental,2017.0,7.0,2017-07,0.5694741191968945,0.1524700789948087,44.7911379996474,0.0
Béni Mellal-Khénifra,2017.0,7.0,2017-07,0.8188144666725011,0.24106542125136166,43.4312824476454,0.0
Casablanca-Settat,2017.0,7.0,2017-07,0.01156132399503443,0.21956238498058553,43.408728236184714,0.0
Rabat-Salé-Kénitra,2017.0,7.0,2017-07,0.006474682149223183,0.2661972110594978,42.8946590701998,0.0
Fès-Meknès,2017.0,8.0,2017-08,14.382506781812717,0.22274089612691853,41.413687589412994,0.0
Guelmim-Oued Noun,2017.0,8.0,2017-08,0.037760247361554436,0.12834022031166048,45.35243535763508,0.0
Laâyoune-Sakia El Hamra,2017.0,8.0,2017-08,0.7779475699889398,0.11289529918488328,42.47843284842255,0.0
Souss-Massa,2017.0,8.0,2017-08,0.5183096295851691,0.16765913647406452,45.31904432260312,0.0
Dakhla-Oued Ed-Dahab,2017.0,8.0,2017-08,7.85278377992074,0.15876304347826087,41.55562650751853,0.0
Tanger-Tétouan-Al Hoceima,2017.0,8.0,2017-08,5.704154626539171,0.3489931072096405,38.26104787114495,0.0
Drâa-Tafilalet,2017.0,8.0,2017-08,5.693030344323816,0.1403332034460782,45.058480540033834,0.0
Marrakech-Safi,2017.0,8.0,2017-08,1.325067400597991,0.17793060632947566,42.479855092735946,0.0
l'Oriental,2017.0,8.0,2017-08,10.4613752314764,0.15299202653209137,43.76967489246709,0.0
Béni Mellal-Khénifra,2017.0,8.0,2017-08,7.97940142076545,0.24782489611764566,41.77095836070087,0.0
Casablanca-Settat,2017.0,8.0,2017-08,0.765514301524753,0.22614255670624495,42.32703351269512,0.0
Rabat-Salé-Kénitra,2017.0,8.0,2017-08,2.815554444800981,0.2699032714821577,42.17594615650974,0.0
Fès-Meknès,2017.0,9.0,2017-09,5.834467265773737,0.22379143591239584,36.557601912520745,0.0
Guelmim-Oued Noun,2017.0,9.0,2017-09,5.555497805500522,0.1324213435459339,41.503874109841554,0.0
Laâyoune-Sakia El Hamra,2017.0,9.0,2017-09,9.751091691112869,0.11857217951092995,40.56325493000812,0.0
Souss-Massa,2017.0,9.0,2017-09,5.131533155705419,0.17333279517143493,40.78315537026632,0.0
Dakhla-Oued Ed-Dahab,2017.0,9.0,2017-09,15.487688764181843,0.12098695652173916,41.321810715982124,0.0
Tanger-Tétouan-Al Hoceima,2017.0,9.0,2017-09,6.636193200063797,0.34422126311156437,35.14899133474842,0.0
Drâa-Tafilalet,2017.0,9.0,2017-09,9.211862480479413,0.14132048174765388,39.2645274800415,0.0
Marrakech-Safi,2017.0,9.0,2017-09,7.04676368711419,0.17933864870514052,39.3761083289733,0.0
l'Oriental,2017.0,9.0,2017-09,7.436382939346165,0.15338772488119468,38.320242150929566,0.0
Béni Mellal-Khénifra,2017.0,9.0,2017-09,4.688497379680257,0.24567096388749476,38.09436974353495,0.0
Casablanca-Settat,2017.0,9.0,2017-09,6.9314048417577085,0.2273235594513127,40.68588589725235,0.0
Rabat-Salé-Kénitra,2017.0,9.0,2017-09,3.493450349263697,0.26614222098107854,39.42472253608403,0.0
Fès-Meknès,2017.0,10.0,2017-10,19.325379780894167,0.2433680039942554,31.986349362738235,0.0
Guelmim-Oued Noun,2017.0,10.0,2017-10,1.8537449080931492,0.13601327972021598,39.57544375464439,0.0
Laâyoune-Sakia El Hamra,2017.0,10.0,2017-10,0.8224506944897414,0.12132764912930714,40.17717694785333,0.0
Souss-Massa,2017.0,10.0,2017-10,10.822236824751641,0.18158661836933734,36.702991242050274,0.0
Dakhla-Oued Ed-Dahab,2017.0,10.0,2017-10,0.12193893542124846,0.14570434782608696,41.06674044519746,0.0
Tanger-Tétouan-Al Hoceima,2017.0,10.0,2017-10,35.91738087965938,0.36720528424124027,29.627536637948992,0.0
Drâa-Tafilalet,2017.0,10.0,2017-10,24.506641534042803,0.14946406738313456,34.812674760037474,0.0
Marrakech-Safi,2017.0,10.0,2017-10,11.870133160269262,0.1893810193411589,35.6783389106596,0.0
l'Oriental,2017.0,10.0,2017-10,10.615300029143702,0.15861352710972884,33.10334466730209,0.0
Béni Mellal-Khénifra,2017.0,10.0,2017-10,26.65913595586156,0.26194843671591006,33.29331366948238,0.0
Casablanca-Settat,2017.0,10.0,2017-10,13.741330602981714,0.24049589341142977,37.393399253909514,0.0
Rabat-Salé-Kénitra,2017.0,10.0,2017-10,22.136862870377502,0.28303174164191724,35.06174603319248,0.0
Fès-Meknès,2017.0,11.0,2017-11,33.2772203002905,0.2408208821021452,23.10721916680151,0.0
Guelmim-Oued Noun,2017.0,11.0,2017-11,8.077601920813521,0.135613207315185,32.936741033989044,0.0
Laâyoune-Sakia El Hamra,2017.0,11.0,2017-11,4.938619640532624,0.1194483651352353,33.70893712499698,0.0
Souss-Massa,2017.0,11.0,2017-11,17.753833095852297,0.18217486786855175,29.95983514320921,0.0
Dakhla-Oued Ed-Dahab,2017.0,11.0,2017-11,2.5678032298460773,0.14895,36.07105648357085,0.0
Tanger-Tétouan-Al Hoceima,2017.0,11.0,2017-11,46.75818637571582,0.4112086910386113,21.132896541390963,0.0
Drâa-Tafilalet,2017.0,11.0,2017-11,19.811959050070772,0.14791589734291563,26.774163644832967,0.0
Marrakech-Safi,2017.0,11.0,2017-11,25.55348658009521,0.19492925176959391,28.19290395039849,0.0
l'Oriental,2017.0,11.0,2017-11,17.451029687986704,0.15733666387541204,23.75651113075448,0.0
Béni Mellal-Khénifra,2017.0,11.0,2017-11,24.363491417952073,0.2641332291959906,25.291994439946883,0.0
Casablanca-Settat,2017.0,11.0,2017-11,28.639067611713486,0.24514210211814794,28.716088405589588,0.0
Rabat-Salé-Kénitra,2017.0,11.0,2017-11,43.85450332398869,0.2941229958265783,26.259079380193935,0.0
Fès-Meknès,2017.0,12.0,2017-12,39.446247791245725,0.2714593613679196,14.62961846921322,0.0
Guelmim-Oued Noun,2017.0,12.0,2017-12,20.76482947884713,0.1428358418564831,23.518524822246075,0.0
Laâyoune-Sakia El Hamra,2017.0,12.0,2017-12,16.518738946903905,0.1197903065950352,24.81165284497568,0.0
Souss-Massa,2017.0,12.0,2017-12,29.51875576049519,0.18839314330097962,21.51088516159831,0.0
Dakhla-Oued Ed-Dahab,2017.0,12.0,2017-12,2.5278880648241295,0.09910031055900621,25.832608080111232,0.0
Tanger-Tétouan-Al Hoceima,2017.0,12.0,2017-12,66.8342321671128,0.4641258220699005,15.091789678278614,0.0
Drâa-Tafilalet,2017.0,12.0,2017-12,36.34850170762221,0.1472152164787588,18.90522914500753,0.0
Marrakech-Safi,2017.0,12.0,2017-12,28.73065909792149,0.21565171726091442,18.076979644716857,0.0
l'Oriental,2017.0,12.0,2017-12,29.2615172113951,0.16812063978721997,15.426347790924048,0.0
Béni Mellal-Khénifra,2017.0,12.0,2017-12,56.66733230271244,0.28477166306622764,15.582294438419382,0.0
Casablanca-Settat,2017.0,12.0,2017-12,47.87487304502076,0.305237064939409,19.72078742557856,0.0
Rabat-Salé-Kénitra,2017.0,12.0,2017-12,65.38315532483125,0.3598005526191514,16.994469841935214,0.0
Fès-Meknès,2018.0,1.0,2018-01,107.36992480725269,0.3096413656763313,14.056588679911215,0.0
Guelmim-Oued Noun,2018.0,1.0,2018-01,15.942306762367167,0.15790145857430393,25.501158047499572,0.0
Laâyoune-Sakia El Hamra,2018.0,1.0,2018-01,7.428368831412991,0.12048782882549093,26.64669564440707,0.0
Souss-Massa,2018.0,1.0,2018-01,32.94864115471021,0.197535020396007,22.22808482220632,0.0
Dakhla-Oued Ed-Dahab,2018.0,1.0,2018-01,1.2726043253833978,0.10252670807453416,27.589055314473732,0.0
Tanger-Tétouan-Al Hoceima,2018.0,1.0,2018-01,111.29550977473001,0.5041948199635032,14.418649244599854,0.0
Drâa-Tafilalet,2018.0,1.0,2018-01,51.70861347103654,0.13976532372914888,18.994097375055233,0.0
Marrakech-Safi,2018.0,1.0,2018-01,42.994807714211746,0.27168105806925014,17.051593036706453,0.0
l'Oriental,2018.0,1.0,2018-01,52.653209507853326,0.17656772535197537,16.039239370705886,0.0
Béni Mellal-Khénifra,2018.0,1.0,2018-01,125.89993711874531,0.3141387707611717,14.149489157387215,0.0
Casablanca-Settat,2018.0,1.0,2018-01,69.18495163034717,0.4453979502796465,17.50008600500582,0.0
Rabat-Salé-Kénitra,2018.0,1.0,2018-01,133.3246309473654,0.48233902966807907,15.635390507301858,0.0
Fès-Meknès,2018.0,2.0,2018-02,44.8701678457831,0.33926311619244226,15.072806829950835,0.0
Guelmim-Oued Noun,2018.0,2.0,2018-02,16.977269371798204,0.17460471816683215,26.456406208866134,0.0
Laâyoune-Sakia El Hamra,2018.0,2.0,2018-02,9.687157314565981,0.12098116895146352,27.85004532471526,0.0
Souss-Massa,2018.0,2.0,2018-02,35.23602241364052,0.21062442636976297,23.762288363714575,0.0
Dakhla-Oued Ed-Dahab,2018.0,2.0,2018-02,3.969703061687542,0.12858695652173913,29.212864830007252,0.0
Tanger-Tétouan-Al Hoceima,2018.0,2.0,2018-02,74.21125204032563,0.5231630405325208,15.621348383069067,0.0
Drâa-Tafilalet,2018.0,2.0,2018-02,28.899138159943366,0.11823576284037715,21.126356184504186,0.0
Marrakech-Safi,2018.0,2.0,2018-02,39.09549228071266,0.35640071953110586,18.279953797529178,0.0
l'Oriental,2018.0,2.0,2018-02,17.769339440593637,0.180201407533832,17.82660998654967,0.0
Béni Mellal-Khénifra,2018.0,2.0,2018-02,63.59222354386347,0.3636006037110021,14.199136160202881,0.0
Casablanca-Settat,2018.0,2.0,2018-02,66.8611686969184,0.5927644301639294,18.5835430161426,0.0
Rabat-Salé-Kénitra,2018.0,2.0,2018-02,74.3452420944351,0.5857529440478791,17.201365427722745,0.0
Fès-Meknès,2018.0,3.0,2018-03,77.22013564551266,0.38299793734853216,20.00969972263127,0.0
Guelmim-Oued Noun,2018.0,3.0,2018-03,7.82740964280334,0.2045638002167597,32.910327105139466,0.0
Laâyoune-Sakia El Hamra,2018.0,3.0,2018-03,2.931096738042914,0.11980918858836608,34.25029482579776,0.0
Souss-Massa,2018.0,3.0,2018-03,31.196497108294796,0.24420966820257636,31.922938725537605,0.0
Dakhla-Oued Ed-Dahab,2018.0,3.0,2018-03,0.9460995275028123,0.14417577639751553,36.647785811440045,0.0
Tanger-Tétouan-Al Hoceima,2018.0,3.0,2018-03,156.5788855237858,0.5122780648048785,18.414775209905685,0.0
Drâa-Tafilalet,2018.0,3.0,2018-03,27.784845375779852,0.14392305026263155,31.59615617447423,0.0
Marrakech-Safi,2018.0,3.0,2018-03,51.13634854770386,0.43678862172308547,24.139072629814326,0.0
l'Oriental,2018.0,3.0,2018-03,31.06089153345464,0.19340771239193477,24.327006149438258,0.0
Béni Mellal-Khénifra,2018.0,3.0,2018-03,72.06927000828884,0.4638161513347121,20.035729848626058,0.0
Casablanca-Settat,2018.0,3.0,2018-03,67.50057372376524,0.6629973138717699,21.346189659758192,0.0
Rabat-Salé-Kénitra,2018.0,3.0,2018-03,116.1089756976299,0.6279556896723977,19.906449805911997,0.0
Fès-Meknès,2018.0,4.0,2018-04,72.59671392940623,0.3987201643703449,23.232503888133806,0.0
Guelmim-Oued Noun,2018.0,4.0,2018-04,2.7027738555262033,0.1781892535451142,34.65877952615966,0.0
Laâyoune-Sakia El Hamra,2018.0,4.0,2018-04,2.4101028080043823,0.11765887365691,35.42159911097827,0.0
Souss-Massa,2018.0,4.0,2018-04,13.431465710697847,0.22795695393438192,35.22967477078135,0.0
Dakhla-Oued Ed-Dahab,2018.0,4.0,2018-04,0.07683522724293694,0.15146211180124225,37.69433888643129,0.0
Tanger-Tétouan-Al Hoceima,2018.0,4.0,2018-04,107.05493074005118,0.5253319360759056,21.72381385940817,0.0
Drâa-Tafilalet,2018.0,4.0,2018-04,24.074116855949626,0.15060059658029498,35.246958852268996,0.0
Marrakech-Safi,2018.0,4.0,2018-04,40.22277944837274,0.3162680943351146,28.33455273545247,0.0
l'Oriental,2018.0,4.0,2018-04,50.44091929327025,0.1997344609022128,28.205720498086436,0.0
Béni Mellal-Khénifra,2018.0,4.0,2018-04,83.76843306486975,0.4376707007392629,22.516849659624977,0.0
Casablanca-Settat,2018.0,4.0,2018-04,70.49856078329665,0.5148885171602124,24.781662008715806,0.0
Rabat-Salé-Kénitra,2018.0,4.0,2018-04,104.69680050845881,0.5675663385603288,22.44904432132968,0.0
Fès-Meknès,2018.0,5.0,2018-05,33.68740641998747,0.3541952186742659,28.42453008375682,0.0
Guelmim-Oued Noun,2018.0,5.0,2018-05,0.8034148662858259,0.15916943779087228,36.20076051556159,0.0
Laâyoune-Sakia El Hamra,2018.0,5.0,2018-05,0.3532276901948496,0.1146701370878103,37.02276473265128,0.0
Souss-Massa,2018.0,5.0,2018-05,7.471956476863779,0.2016901802504177,39.490397046235195,0.0
Dakhla-Oued Ed-Dahab,2018.0,5.0,2018-05,0.020716285443349764,0.11230993788819876,40.115287087655275,0.0
Tanger-Tétouan-Al Hoceima,2018.0,5.0,2018-05,16.605191172491185,0.48512785486727417,27.689511499563018,0.0
Drâa-Tafilalet,2018.0,5.0,2018-05,24.42913288080983,0.15635138458495404,38.69675399123156,0.0
Marrakech-Safi,2018.0,5.0,2018-05,20.13630122417418,0.24950607118179954,33.64505874878547,0.0
l'Oriental,2018.0,5.0,2018-05,21.555372702365876,0.18424144813714327,33.70538090024918,0.0
Béni Mellal-Khénifra,2018.0,5.0,2018-05,45.35844574959648,0.3834054754721371,28.043258802144617,0.0
Casablanca-Settat,2018.0,5.0,2018-05,13.246195645630992,0.3316774824915264,32.45491808007863,0.0
Rabat-Salé-Kénitra,2018.0,5.0,2018-05,18.70902760558364,0.45932856137387446,29.651182274201823,0.0
Fès-Meknès,2018.0,6.0,2018-06,4.40346732033488,0.28231289381563607,36.1498579999622,0.0
Guelmim-Oued Noun,2018.0,6.0,2018-06,0.010823891086150773,0.14387995336933843,39.12026250998317,0.0
Laâyoune-Sakia El Hamra,2018.0,6.0,2018-06,0.0060707716254600405,0.11138456835865136,38.96551751149566,0.0
Souss-Massa,2018.0,6.0,2018-06,0.4414255554066659,0.1850168745693028,44.03059610570203,0.0
Dakhla-Oued Ed-Dahab,2018.0,6.0,2018-06,0.02599324997343004,0.08233788819875776,37.636745243357716,0.0
Tanger-Tétouan-Al Hoceima,2018.0,6.0,2018-06,2.71995337881572,0.4213047760463288,32.64158334373824,0.0
Drâa-Tafilalet,2018.0,6.0,2018-06,2.4461352034525534,0.15405228896068215,45.54574546869603,0.0
Marrakech-Safi,2018.0,6.0,2018-06,0.5443965600226713,0.2152462435741559,38.58709788260917,0.0
l'Oriental,2018.0,6.0,2018-06,4.031107114629958,0.16138553270263764,41.75505154531141,0.0
Béni Mellal-Khénifra,2018.0,6.0,2018-06,5.154808025991088,0.3074669921851094,35.996293491377365,0.0
Casablanca-Settat,2018.0,6.0,2018-06,0.24685516694603707,0.25925916795509363,38.13303302166666,0.0
Rabat-Salé-Kénitra,2018.0,6.0,2018-06,3.505924132155776,0.35211784682868336,35.40847633279884,0.0
Fès-Meknès,2018.0,7.0,2018-07,0.060456278864447,0.24423858551745767,38.10120179571907,0.0
Guelmim-Oued Noun,2018.0,7.0,2018-07,0.0,0.1358602610224137,39.77345859422991,0.0
Laâyoune-Sakia El Hamra,2018.0,7.0,2018-07,0.0,0.1071170248240089,36.6918132091904,0.0
Souss-Massa,2018.0,7.0,2018-07,0.0,0.1704524361400188,42.14943416374694,0.0
Dakhla-Oued Ed-Dahab,2018.0,7.0,2018-07,0.2514883045485374,0.09034223602484473,37.6192920100861,0.0
Tanger-Tétouan-Al Hoceima,2018.0,7.0,2018-07,0.001247713211327933,0.38439163104884605,35.62278781370962,0.0
Drâa-Tafilalet,2018.0,7.0,2018-07,3.658915858720062E-4,0.14005499373640143,43.82174102949375,0.0
Marrakech-Safi,2018.0,7.0,2018-07,0.0,0.19490879610076606,38.68200174046747,0.0
l'Oriental,2018.0,7.0,2018-07,0.03594637631659322,0.15225894218690672,42.88958194792211,0.0
Béni Mellal-Khénifra,2018.0,7.0,2018-07,0.012044918967420113,0.26438247570468654,38.109885087143184,0.0
Casablanca-Settat,2018.0,7.0,2018-07,0.0,0.23338555038013525,38.661806657528125,0.0
Rabat-Salé-Kénitra,2018.0,7.0,2018-07,0.0,0.30173132971888106,36.71173583521653,0.0
Fès-Meknès,2018.0,8.0,2018-08,6.753349640927163,0.24680099407593592,39.43169887462958,0.0
Guelmim-Oued Noun,2018.0,8.0,2018-08,0.42673680158665145,0.1344857903988196,42.85526795562631,0.0
Laâyoune-Sakia El Hamra,2018.0,8.0,2018-08,1.0800254764033335,0.11283652741756207,41.49891061277679,0.0
Souss-Massa,2018.0,8.0,2018-08,2.049122284441104,0.16979310230040118,42.3129284260209,0.0
Dakhla-Oued Ed-Dahab,2018.0,8.0,2018-08,3.8201982628920383,0.06826801242236026,43.094153019058226,0.0
Tanger-Tétouan-Al Hoceima,2018.0,8.0,2018-08,2.1062909848735862,0.3739969795803307,37.4704718941191,0.0
Drâa-Tafilalet,2018.0,8.0,2018-08,9.2984184201668,0.14955521153381243,39.650523460359665,0.0
Marrakech-Safi,2018.0,8.0,2018-08,1.8686283624100757,0.1963568278626103,41.443874835830194,0.0
l'Oriental,2018.0,8.0,2018-08,11.455055436115462,0.15592112215857706,40.62497361092103,0.0
Béni Mellal-Khénifra,2018.0,8.0,2018-08,5.861409893647762,0.27513718697599837,39.61715771304632,0.0
Casablanca-Settat,2018.0,8.0,2018-08,0.5509748837053667,0.235543031280719,42.300728113427574,0.0
Rabat-Salé-Kénitra,2018.0,8.0,2018-08,0.974404359258848,0.3025063103070921,40.26429782038203,0.0
Fès-Meknès,2018.0,9.0,2018-09,44.23327134220258,0.26521026332914444,32.82460115205001,0.0
Guelmim-Oued Noun,2018.0,9.0,2018-09,12.637855126033005,0.13703022340822774,40.25056892667798,0.0
Laâyoune-Sakia El Hamra,2018.0,9.0,2018-09,12.300422693763316,0.12488360040755837,40.839360179577625,0.0
Souss-Massa,2018.0,9.0,2018-09,18.860739046346318,0.17963303140202413,38.92660953136791,0.0
Dakhla-Oued Ed-Dahab,2018.0,9.0,2018-09,27.162003686967704,0.10966801242236024,41.64039211443244,0.0
Tanger-Tétouan-Al Hoceima,2018.0,9.0,2018-09,18.11087845986851,0.3806920838546639,33.83685766013237,0.0
Drâa-Tafilalet,2018.0,9.0,2018-09,38.3458463543748,0.16390641524362107,35.558669676284545,0.0
Marrakech-Safi,2018.0,9.0,2018-09,16.639775243165747,0.2017589562218465,37.660263675482895,0.0
l'Oriental,2018.0,9.0,2018-09,32.714243729004856,0.16870506544356986,34.47276625888217,0.0
Béni Mellal-Khénifra,2018.0,9.0,2018-09,41.326993840125,0.28918144606073215,33.10625098141053,0.0
Casablanca-Settat,2018.0,9.0,2018-09,23.985686342332716,0.24123454971509234,40.138037113570775,0.0
Rabat-Salé-Kénitra,2018.0,9.0,2018-09,31.32228232097749,0.3133221371584777,38.201668792827,0.0
Fès-Meknès,2018.0,10.0,2018-10,102.25760791866071,0.30415476056906987,24.921764985158248,0.0
Guelmim-Oued Noun,2018.0,10.0,2018-10,19.035499443389316,0.1510221714223262,33.80232596991323,0.0
Laâyoune-Sakia El Hamra,2018.0,10.0,2018-10,7.797432616810881,0.1408020655798444,35.01477125427285,0.0
Souss-Massa,2018.0,10.0,2018-10,51.41356715281096,0.2074987096378575,31.07732405059488,0.0
Dakhla-Oued Ed-Dahab,2018.0,10.0,2018-10,4.313092737668024,0.15642670807453418,38.62414159162161,0.0
Tanger-Tétouan-Al Hoceima,2018.0,10.0,2018-10,134.3040509633738,0.4168374690796111,25.326332858867143,0.0
Drâa-Tafilalet,2018.0,10.0,2018-10,47.989734195308934,0.17621452275774152,30.707788930701636,0.0
Marrakech-Safi,2018.0,10.0,2018-10,59.16687957632811,0.22799235876501486,28.176493445662885,0.0
l'Oriental,2018.0,10.0,2018-10,36.41313028573346,0.19047245077539277,26.661229259308136,0.0
Béni Mellal-Khénifra,2018.0,10.0,2018-10,92.56341693633286,0.3187421211583417,25.645039617924585,0.0
Casablanca-Settat,2018.0,10.0,2018-10,91.74464145649983,0.2764635440332511,29.239506011689247,0.0
Rabat-Salé-Kénitra,2018.0,10.0,2018-10,140.5741296103904,0.34721412999522927,27.481418300772734,0.0
Fès-Meknès,2018.0,11.0,2018-11,58.86095362952384,0.33226239419710984,17.095422855994446,0.0
Guelmim-Oued Noun,2018.0,11.0,2018-11,15.946960751301914,0.18163191741272694,29.41720509385618,0.0
Laâyoune-Sakia El Hamra,2018.0,11.0,2018-11,4.036789966109943,0.1572215728047425,30.74640493903784,0.0
Souss-Massa,2018.0,11.0,2018-11,41.62015995547833,0.2488063686242219,25.518168783027853,0.0
Dakhla-Oued Ed-Dahab,2018.0,11.0,2018-11,0.5827579777025977,0.15498167701863355,33.66486928420844,0.0
Tanger-Tétouan-Al Hoceima,2018.0,11.0,2018-11,103.05724875773498,0.47408558697565817,17.304484871186613,0.0
Drâa-Tafilalet,2018.0,11.0,2018-11,44.04915588113566,0.17616628678490598,23.90534720869362,0.0
Marrakech-Safi,2018.0,11.0,2018-11,57.540540069576174,0.26804113230930693,21.242533722002158,0.0
l'Oriental,2018.0,11.0,2018-11,32.97342907985689,0.1997069608166321,19.15312334255934,0.0
Béni Mellal-Khénifra,2018.0,11.0,2018-11,86.2690359450378,0.36751571775210207,17.67726495282614,0.0
Casablanca-Settat,2018.0,11.0,2018-11,54.26356791114003,0.38835227824299373,21.441141538965205,0.0
Rabat-Salé-Kénitra,2018.0,11.0,2018-11,85.14066708957948,0.43558360520985645,19.25754481642128,0.0
Fès-Meknès,2018.0,12.0,2018-12,17.869517228977323,0.3776871296337852,17.14700840929286,0.0
Guelmim-Oued Noun,2018.0,12.0,2018-12,13.54174338985669,0.20685470040710738,26.704011936538336,0.0
Laâyoune-Sakia El Hamra,2018.0,12.0,2018-12,12.12109445157942,0.1543159827713968,28.17826514958398,0.0
Souss-Massa,2018.0,12.0,2018-12,21.114732946286942,0.2979467364834086,23.707817550957152,0.0
Dakhla-Oued Ed-Dahab,2018.0,12.0,2018-12,2.98759057039005,0.12630341614906834,30.5633235643515,0.0
Tanger-Tétouan-Al Hoceima,2018.0,12.0,2018-12,16.73597764700522,0.5344233498345747,17.066775785574592,0.0
Drâa-Tafilalet,2018.0,12.0,2018-12,20.88056871315966,0.1829747500054945,21.754242210902113,0.0
Marrakech-Safi,2018.0,12.0,2018-12,16.091358891137112,0.33872727508323897,21.832773539911518,0.0
l'Oriental,2018.0,12.0,2018-12,10.17037571575016,0.20941293464062294,17.914318952051833,0.0
Béni Mellal-Khénifra,2018.0,12.0,2018-12,27.117542121518017,0.4260116331407663,18.30169422762617,0.0
Casablanca-Settat,2018.0,12.0,2018-12,12.726198096363945,0.5310456894688111,21.371597458927567,0.0
Rabat-Salé-Kénitra,2018.0,12.0,2018-12,17.428904823842363,0.5476154203167077,19.157293132198614,0.0
Fès-Meknès,2019.0,1.0,2019-01,37.85053752562081,0.3836687694102866,14.37345372368026,0.0
Guelmim-Oued Noun,2019.0,1.0,2019-01,6.5490718892215805,0.19080803286004416,24.63869819419032,0.0
Laâyoune-Sakia El Hamra,2019.0,1.0,2019-01,3.782154515763907,0.1468078779177473,25.601205911826575,0.0
Souss-Massa,2019.0,1.0,2019-01,13.242908794946363,0.2778888229934999,22.24533701276915,0.0
Dakhla-Oued Ed-Dahab,2019.0,1.0,2019-01,2.3487782604020353,0.16636801242236027,27.550508834453613,0.0
Tanger-Tétouan-Al Hoceima,2019.0,1.0,2019-01,53.467632290654414,0.539031393490876,14.870048170807856,0.0
Drâa-Tafilalet,2019.0,1.0,2019-01,14.06122676063854,0.17604465220544593,20.000019905525917,0.0
Marrakech-Safi,2019.0,1.0,2019-01,14.638147165121785,0.3226333081292302,20.021515901271368,0.0
l'Oriental,2019.0,1.0,2019-01,19.397458160767396,0.20155463266651658,16.069422336930455,0.0
Béni Mellal-Khénifra,2019.0,1.0,2019-01,38.087726011229925,0.4169020943233417,15.689697374249656,0.0
Casablanca-Settat,2019.0,1.0,2019-01,31.646541956653575,0.5497926265213571,19.34659637457295,0.0
Rabat-Salé-Kénitra,2019.0,1.0,2019-01,54.96522578086674,0.583240030059893,16.983024630048167,0.0
Fès-Meknès,2019.0,2.0,2019-02,33.21660364933417,0.4031546750740506,19.977320244274875,0.0
Guelmim-Oued Noun,2019.0,2.0,2019-02,3.3401518722540247,0.16761071731072222,30.427016190304844,0.0
Laâyoune-Sakia El Hamra,2019.0,2.0,2019-02,1.8066526788786519,0.13443641163393846,31.378863654885468,0.0
Souss-Massa,2019.0,2.0,2019-02,13.068730265573098,0.24296794999824753,27.85587788660689,0.0
Dakhla-Oued Ed-Dahab,2019.0,2.0,2019-02,1.3598427339500123,0.15539161490683231,32.18130503486492,0.0
Tanger-Tétouan-Al Hoceima,2019.0,2.0,2019-02,51.50187891062808,0.5401760940521348,18.72106480209767,0.0
Drâa-Tafilalet,2019.0,2.0,2019-02,18.964676707944136,0.16805789587042042,26.102344353060804,0.0
Marrakech-Safi,2019.0,2.0,2019-02,20.520399123704014,0.28432423750250685,25.642006474254245,0.0
l'Oriental,2019.0,2.0,2019-02,11.29094693362608,0.1893970886873635,22.35792381871733,0.0
Béni Mellal-Khénifra,2019.0,2.0,2019-02,41.02117223435825,0.40704114383804757,21.934112178654924,0.0
Casablanca-Settat,2019.0,2.0,2019-02,38.4589377531063,0.5326832396583654,24.24009026740598,0.0
Rabat-Salé-Kénitra,2019.0,2.0,2019-02,43.92171858657642,0.6134362806137974,20.54091993639747,0.0
Fès-Meknès,2019.0,3.0,2019-03,37.37340262653519,0.3803447936675348,23.0155225714832,0.0
Guelmim-Oued Noun,2019.0,3.0,2019-03,2.4586670452723207,0.15109630278964287,35.047926184739744,0.0
Laâyoune-Sakia El Hamra,2019.0,3.0,2019-03,2.6553261311050598,0.12571570952204517,36.15640525850163,0.0
Souss-Massa,2019.0,3.0,2019-03,21.770518799988793,0.21362818546291265,32.11890310550185,0.0
Dakhla-Oued Ed-Dahab,2019.0,3.0,2019-03,0.14703753611524495,0.09931459627329192,36.73875391298837,0.0
Tanger-Tétouan-Al Hoceima,2019.0,3.0,2019-03,37.605266105024334,0.5035654400779631,23.344639580471977,0.0
Drâa-Tafilalet,2019.0,3.0,2019-03,35.81238924758427,0.16444356080086145,29.106126557289162,0.0
Marrakech-Safi,2019.0,3.0,2019-03,43.940530463431266,0.2550970414358925,29.662800529614692,0.0
l'Oriental,2019.0,3.0,2019-03,21.339496902121528,0.1824148925280765,25.52098577883534,0.0
Béni Mellal-Khénifra,2019.0,3.0,2019-03,72.0917748231063,0.36588683876357064,25.85016422014148,0.0
Casablanca-Settat,2019.0,3.0,2019-03,31.783464322492346,0.4072158820314321,29.440018154414854,0.0
Rabat-Salé-Kénitra,2019.0,3.0,2019-03,33.10120792576238,0.5501197087964989,25.87758913926964,0.0
Fès-Meknès,2019.0,4.0,2019-04,53.27274918277696,0.35837104882865134,28.23721130650403,0.0
Guelmim-Oued Noun,2019.0,4.0,2019-04,3.2675961919034404,0.14420286432481164,36.52698525205469,0.0
Laâyoune-Sakia El Hamra,2019.0,4.0,2019-04,2.981206462732363,0.11999430807706556,37.15739927279647,0.0
Souss-Massa,2019.0,4.0,2019-04,12.737290476405567,0.19920955373932733,36.73784895762763,0.0
Dakhla-Oued Ed-Dahab,2019.0,4.0,2019-04,0.5738650587449858,0.11108509316770188,39.69328192349873,0.0
Tanger-Tétouan-Al Hoceima,2019.0,4.0,2019-04,73.76473633902029,0.49360914134618245,25.757213484829553,0.0
Drâa-Tafilalet,2019.0,4.0,2019-04,31.56026332827866,0.1670652846091294,35.15980547749154,0.0
Marrakech-Safi,2019.0,4.0,2019-04,30.165476212087587,0.24540529929787744,31.89522770938109,0.0
l'Oriental,2019.0,4.0,2019-04,25.936180442781236,0.1818959703005965,31.497160727311574,0.0
Béni Mellal-Khénifra,2019.0,4.0,2019-04,68.00583059058532,0.35051372027342936,29.495662965056216,0.0
Casablanca-Settat,2019.0,4.0,2019-04,33.77145558330127,0.31036686893203935,34.194533366068605,0.0
Rabat-Salé-Kénitra,2019.0,4.0,2019-04,52.36643576707139,0.46057317307430345,29.913910251737427,0.0
Fès-Meknès,2019.0,5.0,2019-05,15.602211865035645,0.28419191342787875,37.00097146974602,0.0
Guelmim-Oued Noun,2019.0,5.0,2019-05,0.30403610740890563,0.13731742593284077,43.7396702845063,0.0
Laâyoune-Sakia El Hamra,2019.0,5.0,2019-05,0.3126717282406527,0.11669930529825866,42.44872529780213,0.0
Souss-Massa,2019.0,5.0,2019-05,7.418040897201653,0.18128760818529047,44.06661271720133,0.0
Dakhla-Oued Ed-Dahab,2019.0,5.0,2019-05,0.0018693789017057752,0.1452832298136646,44.299353778448975,0.0
Tanger-Tétouan-Al Hoceima,2019.0,5.0,2019-05,9.92069536871444,0.4377918721903794,33.24726962167564,0.0
Drâa-Tafilalet,2019.0,5.0,2019-05,16.184345877342537,0.16155348278059817,43.247211032329105,0.0
Marrakech-Safi,2019.0,5.0,2019-05,16.586322253011367,0.20939247632189023,41.42504827394755,0.0
l'Oriental,2019.0,5.0,2019-05,18.931115454420695,0.16655402757745924,40.82386004016542,0.0
Béni Mellal-Khénifra,2019.0,5.0,2019-05,25.497228958998694,0.2961910746851403,38.76630232025299,0.0
Casablanca-Settat,2019.0,5.0,2019-05,10.730959910394837,0.24786012435964389,43.371044826810135,0.0
Rabat-Salé-Kénitra,2019.0,5.0,2019-05,11.675714998016291,0.3363848903631256,39.405281701049766,0.0
Fès-Meknès,2019.0,6.0,2019-06,5.33385117327336,0.24489320561439681,40.1929221504934,0.0
Guelmim-Oued Noun,2019.0,6.0,2019-06,0.5727061761143702,0.1316887539959379,40.08956879171711,0.0
Laâyoune-Sakia El Hamra,2019.0,6.0,2019-06,0.42893513846694425,0.1154182613931086,41.1565327114442,0.0
Souss-Massa,2019.0,6.0,2019-06,3.3113682883530053,0.1704038275779498,45.303217304478615,0.0
Dakhla-Oued Ed-Dahab,2019.0,6.0,2019-06,0.5866925008769918,0.11824906832298138,42.530430480404306,0.0
Tanger-Tétouan-Al Hoceima,2019.0,6.0,2019-06,3.7079987745427423,0.37916795585711704,35.48593871894123,0.0
Drâa-Tafilalet,2019.0,6.0,2019-06,5.44525072509232,0.1504019283092679,47.67967723440489,0.0
Marrakech-Safi,2019.0,6.0,2019-06,2.8164929421057168,0.19232341621358706,41.324733206624515,0.0
l'Oriental,2019.0,6.0,2019-06,4.604596146430278,0.15348561432447866,44.377271914154434,0.0
Béni Mellal-Khénifra,2019.0,6.0,2019-06,5.064944049124185,0.2628836356988116,40.74144599569253,0.0
Casablanca-Settat,2019.0,6.0,2019-06,1.347750203330017,0.23399321772930481,42.79895439572811,0.0
Rabat-Salé-Kénitra,2019.0,6.0,2019-06,2.5135107453093926,0.28807718104501295,40.37333446475436,0.0
Fès-Meknès,2019.0,7.0,2019-07,2.2292614147067358,0.22238090734673707,40.308817835767734,0.0
Guelmim-Oued Noun,2019.0,7.0,2019-07,0.014316785370984275,0.1250487413364421,40.71064071974682,0.0
Laâyoune-Sakia El Hamra,2019.0,7.0,2019-07,0.0021015178758643084,0.1100692663949611,39.36951635816692,0.0
Souss-Massa,2019.0,7.0,2019-07,0.2354154635972761,0.1605474375259151,45.00443433312028,0.0
Dakhla-Oued Ed-Dahab,2019.0,7.0,2019-07,0.0,0.0965,40.43993726609814,0.0
Tanger-Tétouan-Al Hoceima,2019.0,7.0,2019-07,0.7285932271441461,0.348418836390432,36.56303296291673,0.0
Drâa-Tafilalet,2019.0,7.0,2019-07,0.9776613259482477,0.14105352409837135,45.637686209251044,0.0
Marrakech-Safi,2019.0,7.0,2019-07,0.4122913759167866,0.1810223930783537,41.013407760563005,0.0
l'Oriental,2019.0,7.0,2019-07,1.6173581852823087,0.14424579717159572,42.83050202741606,0.0
Béni Mellal-Khénifra,2019.0,7.0,2019-07,1.8626392586215763,0.2479680307026671,40.797297508668514,0.0
Casablanca-Settat,2019.0,7.0,2019-07,0.026866709983133768,0.22231569623970615,41.738099596947436,0.0
Rabat-Salé-Kénitra,2019.0,7.0,2019-07,0.22043421692986506,0.2731152763775739,39.89366707974926,0.0
Fès-Meknès,2019.0,8.0,2019-08,4.0318592647004685,0.23254681334709632,40.65145156411167,0.0
Guelmim-Oued Noun,2019.0,8.0,2019-08,1.39779146082586,0.12812240275412354,44.0031992972038,0.0
Laâyoune-Sakia El Hamra,2019.0,8.0,2019-08,2.889780639915771,0.11512266117080401,42.51208363622623,0.0
Souss-Massa,2019.0,8.0,2019-08,3.925527134134921,0.16226672010325238,43.977694214849436,0.0
Dakhla-Oued Ed-Dahab,2019.0,8.0,2019-08,5.783069597900161,0.11717577639751553,42.75650887430788,0.0
Tanger-Tétouan-Al Hoceima,2019.0,8.0,2019-08,0.752293710468091,0.3519579840018201,37.93217872393558,0.0
Drâa-Tafilalet,2019.0,8.0,2019-08,9.586127043902392,0.14688914694182556,43.51282287650281,0.0
Marrakech-Safi,2019.0,8.0,2019-08,1.5632013013278023,0.18411229411175062,41.57449399378568,0.0
l'Oriental,2019.0,8.0,2019-08,6.603015070510899,0.1493397138239831,43.13257878658253,0.0
Béni Mellal-Khénifra,2019.0,8.0,2019-08,4.721487245495101,0.25937573191926866,40.874942887256225,0.0
Casablanca-Settat,2019.0,8.0,2019-08,0.005362741829183639,0.22695847363246607,42.74121447715694,0.0
Rabat-Salé-Kénitra,2019.0,8.0,2019-08,0.18619557125345362,0.28147929885981293,41.63440880594841,0.0
Fès-Meknès,2019.0,9.0,2019-09,14.01571507987266,0.2346746950453281,35.984726598196346,0.0
Guelmim-Oued Noun,2019.0,9.0,2019-09,0.9440316093666382,0.12801201194910689,43.20829838513493,0.0
Laâyoune-Sakia El Hamra,2019.0,9.0,2019-09,3.370086621405243,0.11626006854390512,41.820103900650714,0.0
Souss-Massa,2019.0,9.0,2019-09,2.795532638432095,0.16855399839982232,41.990791748127215,0.0
Dakhla-Oued Ed-Dahab,2019.0,9.0,2019-09,9.311487449599667,0.08108354037267082,43.17295167739096,0.0
Tanger-Tétouan-Al Hoceima,2019.0,9.0,2019-09,14.901754588457479,0.34902470092528926,33.72992321138716,0.0
Drâa-Tafilalet,2019.0,9.0,2019-09,14.630081000729357,0.1545995564932639,40.2421309617725,0.0
Marrakech-Safi,2019.0,9.0,2019-09,4.209357468301608,0.18526629622441113,39.066277716677604,0.0
l'Oriental,2019.0,9.0,2019-09,18.617991879702483,0.15003019918412558,36.93568710233003,0.0
Béni Mellal-Khénifra,2019.0,9.0,2019-09,11.59068507831192,0.2619585168231278,36.57652851054735,0.0
Casablanca-Settat,2019.0,9.0,2019-09,3.4790085002548157,0.2266154376075767,40.387856537839944,0.0
Rabat-Salé-Kénitra,2019.0,9.0,2019-09,7.014924949030486,0.27935992080790467,38.36697031272786,0.0
Fès-Meknès,2019.0,10.0,2019-10,23.207832883213843,0.24909628377165408,30.034274517300737,0.0
Guelmim-Oued Noun,2019.0,10.0,2019-10,4.355494052409419,0.12937110993724887,38.56417506700834,0.0
Laâyoune-Sakia El Hamra,2019.0,10.0,2019-10,3.300732678442807,0.11825727121155985,38.94247704480066,0.0
Souss-Massa,2019.0,10.0,2019-10,13.958750198418247,0.17276282017589964,36.09590849749107,0.0
Dakhla-Oued Ed-Dahab,2019.0,10.0,2019-10,1.3544930334256682,0.08692049689440995,41.369622367515035,0.0
Tanger-Tétouan-Al Hoceima,2019.0,10.0,2019-10,31.530998810736925,0.3699679718066029,28.156448378907086,0.0
Drâa-Tafilalet,2019.0,10.0,2019-10,30.505707156383206,0.15919526515900767,33.911484099689645,0.0
Marrakech-Safi,2019.0,10.0,2019-10,13.805526572795236,0.1927763159185573,33.91123220825825,0.0
l'Oriental,2019.0,10.0,2019-10,18.884866692414,0.15982775249809775,30.71749681623679,0.0
Béni Mellal-Khénifra,2019.0,10.0,2019-10,34.534871767670225,0.2736933515293196,30.960205752516572,0.0
Casablanca-Settat,2019.0,10.0,2019-10,23.132760598269055,0.23513181488129248,35.19767643949781,0.0
Rabat-Salé-Kénitra,2019.0,10.0,2019-10,32.417782052042476,0.2980589373055701,32.115541806385835,0.0
Fès-Meknès,2019.0,11.0,2019-11,48.89644292440432,0.2903079542904585,17.60829161948738,0.0
Guelmim-Oued Noun,2019.0,11.0,2019-11,7.555022220578099,0.13191203608411722,30.897233960484822,0.0
Laâyoune-Sakia El Hamra,2019.0,11.0,2019-11,3.625285818876625,0.11594373842163763,31.694054172553393,0.0
Souss-Massa,2019.0,11.0,2019-11,11.91749864892608,0.17316017803123218,28.84873519192421,0.0
Dakhla-Oued Ed-Dahab,2019.0,11.0,2019-11,1.4357990483916758,0.07843726708074535,34.29823226299365,0.0
Tanger-Tétouan-Al Hoceima,2019.0,11.0,2019-11,79.36955862156135,0.4424692266417422,17.043416306655036,0.0
Drâa-Tafilalet,2019.0,11.0,2019-11,19.825677174961967,0.15955906540515602,26.35645674405779,0.0
Marrakech-Safi,2019.0,11.0,2019-11,18.58551840788643,0.19364480631530856,24.658764100811904,0.0
l'Oriental,2019.0,11.0,2019-11,28.082348985805687,0.17504536834828183,19.960818332673792,0.0
Béni Mellal-Khénifra,2019.0,11.0,2019-11,40.99408262555038,0.29557323354099607,20.739564223196442,0.0
Casablanca-Settat,2019.0,11.0,2019-11,35.87477549150852,0.2608661373870197,24.09654092927143,0.0
Rabat-Salé-Kénitra,2019.0,11.0,2019-11,52.42785433479538,0.37605195183535217,20.01066108397731,0.0
Fès-Meknès,2019.0,12.0,2019-12,50.634661958911096,0.3434319916300156,16.279674678217997,0.0
Guelmim-Oued Noun,2019.0,12.0,2019-12,30.31373661628864,0.1630196691226695,25.438023581494694,0.0
Laâyoune-Sakia El Hamra,2019.0,12.0,2019-12,20.569240018249552,0.11987655613190072,27.233156479797827,0.0
Souss-Massa,2019.0,12.0,2019-12,38.74893218028654,0.18848132643049878,22.56365662685585,0.0
Dakhla-Oued Ed-Dahab,2019.0,12.0,2019-12,2.151497285099683,0.11353167701863354,29.36975316963691,0.0
Tanger-Tétouan-Al Hoceima,2019.0,12.0,2019-12,91.82299983533086,0.5065447152319847,16.257528230740455,0.0
Drâa-Tafilalet,2019.0,12.0,2019-12,39.644211511769825,0.15673296257225133,20.555689185435824,0.0
Marrakech-Safi,2019.0,12.0,2019-12,48.56207099537495,0.2359355347595292,19.89595291127885,0.0
l'Oriental,2019.0,12.0,2019-12,27.045475121441847,0.19311202041179684,17.221674544555693,0.0
Béni Mellal-Khénifra,2019.0,12.0,2019-12,76.77526298456858,0.345243191498476,16.64877506224513,0.0
Casablanca-Settat,2019.0,12.0,2019-12,59.9454667055444,0.4335256480276707,20.57509527998859,0.0
Rabat-Salé-Kénitra,2019.0,12.0,2019-12,82.31846185414473,0.5304293015293523,18.35353884950433,0.0
Fès-Meknès,2020.0,1.0,2020-01,35.938681368696635,0.374535858091733,15.219534463815693,0.0
Guelmim-Oued Noun,2020.0,1.0,2020-01,7.823949082240981,0.17456346004972725,24.628497602361993,0.0
Laâyoune-Sakia El Hamra,2020.0,1.0,2020-01,4.763398383941746,0.11993850500185255,26.121185588148833,0.0
Souss-Massa,2020.0,1.0,2020-01,20.124820949297252,0.1947473515309726,22.153569456004895,0.0
Dakhla-Oued Ed-Dahab,2020.0,1.0,2020-01,2.7360256047082663,0.0874552795031056,27.267861865234863,0.0
Tanger-Tétouan-Al Hoceima,2020.0,1.0,2020-01,55.296222666366425,0.5364609789870879,14.711848894993166,0.0
Drâa-Tafilalet,2020.0,1.0,2020-01,18.24714468651525,0.15756684468473212,19.63120595275526,0.0
Marrakech-Safi,2020.0,1.0,2020-01,27.494609492230765,0.27052824999626796,19.814408033149302,0.0
l'Oriental,2020.0,1.0,2020-01,16.5682271315277,0.2019572310765009,16.105043359210804,0.0
Béni Mellal-Khénifra,2020.0,1.0,2020-01,47.38126640122424,0.3853106957516862,15.99979727190802,0.0
Casablanca-Settat,2020.0,1.0,2020-01,38.147204105598504,0.5470805238877992,19.67954896986317,0.0
Rabat-Salé-Kénitra,2020.0,1.0,2020-01,44.63011705734081,0.5910074014786162,17.27094658933523,0.0
Fès-Meknès,2020.0,2.0,2020-02,13.949477260023787,0.37965563672471014,23.015037445826938,0.0
Guelmim-Oued Noun,2020.0,2.0,2020-02,3.7306573372554297,0.1633616740589621,31.949340649544933,0.0
Laâyoune-Sakia El Hamra,2020.0,2.0,2020-02,2.901809330761797,0.11662074842534272,32.09482601294416,0.0
Souss-Massa,2020.0,2.0,2020-02,11.046198899575513,0.188390081673295,29.88267510791509,0.0
Dakhla-Oued Ed-Dahab,2020.0,2.0,2020-02,2.538687833465463,0.1675409937888199,33.66619229172811,0.0
Tanger-Tétouan-Al Hoceima,2020.0,2.0,2020-02,20.08896645570118,0.5562970757688903,21.476473442377376,0.0
Drâa-Tafilalet,2020.0,2.0,2020-02,14.328171715777533,0.15571346201182387,28.2993003892379,0.0
Marrakech-Safi,2020.0,2.0,2020-02,10.011618770997954,0.2655541798901171,27.940292473279,0.0
l'Oriental,2020.0,2.0,2020-02,6.383848505395182,0.1991160098124724,25.255567564402078,0.0
Béni Mellal-Khénifra,2020.0,2.0,2020-02,17.337972813579654,0.3897939765063708,24.425382116180703,0.0
Casablanca-Settat,2020.0,2.0,2020-02,12.8843336031791,0.5208542067243964,26.778434703439267,0.0
Rabat-Salé-Kénitra,2020.0,2.0,2020-02,15.570443476376862,0.5836034968464359,24.580084970476783,0.0
Fès-Meknès,2020.0,3.0,2020-03,66.7235378476069,0.35410924771115715,23.52528075792178,0.0
Guelmim-Oued Noun,2020.0,3.0,2020-03,4.351043135883302,0.1507106248690788,33.11610286350296,0.0
Laâyoune-Sakia El Hamra,2020.0,3.0,2020-03,3.459465595274689,0.11645010652093372,34.35526799085401,0.0
Souss-Massa,2020.0,3.0,2020-03,22.953897661050867,0.17980792628800354,32.53363420504181,0.0
Dakhla-Oued Ed-Dahab,2020.0,3.0,2020-03,1.2693911040918844,0.12086304347826088,36.98316240341483,0.0
Tanger-Tétouan-Al Hoceima,2020.0,3.0,2020-03,135.5941931823255,0.5343942190298098,21.311803912265397,0.0
Drâa-Tafilalet,2020.0,3.0,2020-03,44.058204685170644,0.1539306794356169,30.220343021525096,0.0
Marrakech-Safi,2020.0,3.0,2020-03,36.9617048383202,0.22300922362295064,29.594594310913763,0.0
l'Oriental,2020.0,3.0,2020-03,22.640354037451164,0.18751306035496043,25.778967920512674,0.0
Béni Mellal-Khénifra,2020.0,3.0,2020-03,92.35350663513626,0.354200301855501,25.281527746803768,0.0
Casablanca-Settat,2020.0,3.0,2020-03,31.7451114044571,0.3602527883050289,30.12326957464659,0.0
Rabat-Salé-Kénitra,2020.0,3.0,2020-03,66.57088894418608,0.47662311480770025,25.70420551465231,0.0
Fès-Meknès,2020.0,4.0,2020-04,47.79667551571178,0.34499719740149015,28.23280727460903,0.0
Guelmim-Oued Noun,2020.0,4.0,2020-04,1.2511280029176421,0.1446851865681836,38.836075621403076,0.0
Laâyoune-Sakia El Hamra,2020.0,4.0,2020-04,2.307754479989739,0.11673537884401632,39.64889417018032,0.0
Souss-Massa,2020.0,4.0,2020-04,10.601296957604442,0.17088344122662558,38.405611042824,0.0
Dakhla-Oued Ed-Dahab,2020.0,4.0,2020-04,0.2665327612971895,0.07277018633540373,41.50569199150224,0.0
Tanger-Tétouan-Al Hoceima,2020.0,4.0,2020-04,72.51928729848098,0.5152859962206098,24.612153968452205,0.0
Drâa-Tafilalet,2020.0,4.0,2020-04,25.750136233239424,0.15816509406386692,37.44971889713356,0.0
Marrakech-Safi,2020.0,4.0,2020-04,29.376772442680863,0.20802379847424665,34.628583996241424,0.0
l'Oriental,2020.0,4.0,2020-04,49.85328094372469,0.19189026947211463,31.553323897948292,0.0
Béni Mellal-Khénifra,2020.0,4.0,2020-04,57.98254644427658,0.35314989015091247,29.804012861441677,0.0
Casablanca-Settat,2020.0,4.0,2020-04,36.07464207407167,0.2801768051980897,36.035735792567806,0.0
Rabat-Salé-Kénitra,2020.0,4.0,2020-04,57.483625364989216,0.4044186680017984,31.753764943869406,0.0
Fès-Meknès,2020.0,5.0,2020-05,35.52386345527149,0.304113682905484,34.610800959061386,0.0
Guelmim-Oued Noun,2020.0,5.0,2020-05,1.9422876036911634,0.13647960955928562,41.420861405748,0.0
Laâyoune-Sakia El Hamra,2020.0,5.0,2020-05,0.5501477571624639,0.11352418488329014,42.576017933861536,0.0
Souss-Massa,2020.0,5.0,2020-05,10.363465007992732,0.16232030269051745,40.627750011291525,0.0
Dakhla-Oued Ed-Dahab,2020.0,5.0,2020-05,0.015736260000702367,0.11423913043478261,43.647220579291364,0.0
Tanger-Tétouan-Al Hoceima,2020.0,5.0,2020-05,40.05527089624332,0.5034906418606494,29.612313830274278,0.0
Drâa-Tafilalet,2020.0,5.0,2020-05,13.453618290219953,0.1548153412012923,40.53764584366065,0.0
Marrakech-Safi,2020.0,5.0,2020-05,23.054302660958193,0.19692277966998115,39.577997608192,0.0
l'Oriental,2020.0,5.0,2020-05,25.4437586135193,0.1798213388562637,37.225245806986315,0.0
Béni Mellal-Khénifra,2020.0,5.0,2020-05,35.279275615574534,0.31969633443692397,34.69043113833438,0.0
Casablanca-Settat,2020.0,5.0,2020-05,23.257004728682134,0.255689373569853,41.37691755495092,0.0
Rabat-Salé-Kénitra,2020.0,5.0,2020-05,33.870328111169556,0.33634187895052337,38.135072167954625,0.0
Fès-Meknès,2020.0,6.0,2020-06,9.54661419559624,0.2511656996678935,38.97361680472072,0.0
Guelmim-Oued Noun,2020.0,6.0,2020-06,1.4348100258228915,0.12711814907239585,41.40217720749858,0.0
Laâyoune-Sakia El Hamra,2020.0,6.0,2020-06,1.2222262001299278,0.10684276583919967,38.91058687856445,0.0
Souss-Massa,2020.0,6.0,2020-06,4.7193962256053075,0.1539264128327317,44.12544444390678,0.0
Dakhla-Oued Ed-Dahab,2020.0,6.0,2020-06,1.1178329117424421,0.059748447204968955,37.35443906690201,0.0
Tanger-Tétouan-Al Hoceima,2020.0,6.0,2020-06,14.004099788997467,0.44455375916416834,33.67671704332622,0.0
Drâa-Tafilalet,2020.0,6.0,2020-06,6.0353230419413215,0.14263415243621028,43.927570455338866,0.0
Marrakech-Safi,2020.0,6.0,2020-06,5.163457664388787,0.17883786417809833,41.419154325008336,0.0
l'Oriental,2020.0,6.0,2020-06,6.575493743590987,0.1601231608285017,41.16681484864958,0.0
Béni Mellal-Khénifra,2020.0,6.0,2020-06,8.102026830294973,0.2677320246808562,39.829994164999206,0.0
Casablanca-Settat,2020.0,6.0,2020-06,3.4522911228065025,0.24291349143873334,42.93892822800089,0.0
Rabat-Salé-Kénitra,2020.0,6.0,2020-06,6.999856318434398,0.29385479868499353,41.31326760460714,0.0
Fès-Meknès,2020.0,7.0,2020-07,2.41770927431192,0.227720818373575,43.203794475453755,0.0
Guelmim-Oued Noun,2020.0,7.0,2020-07,0.6003834158620991,0.12309451862038807,44.255842327947,0.0
Laâyoune-Sakia El Hamra,2020.0,7.0,2020-07,0.28094792683497455,0.10745001852537978,40.80410783918072,0.0
Souss-Massa,2020.0,7.0,2020-07,0.408008786873277,0.14391169852421568,45.6947164527722,0.0
Dakhla-Oued Ed-Dahab,2020.0,7.0,2020-07,0.8124721603928999,0.07139130434782609,42.1542411205067,0.0
Tanger-Tétouan-Al Hoceima,2020.0,7.0,2020-07,0.39870413663611876,0.38948219374205606,38.33844015482583,0.0
Drâa-Tafilalet,2020.0,7.0,2020-07,1.264327353996538,0.13858521395134168,46.98058836549007,0.0
Marrakech-Safi,2020.0,7.0,2020-07,0.5406249178557025,0.16963183917949712,42.614740243238366,0.0
l'Oriental,2020.0,7.0,2020-07,1.0408482927099512,0.15315467792456347,45.62474121829953,0.0
Béni Mellal-Khénifra,2020.0,7.0,2020-07,2.497532322295536,0.25030311310478176,43.424855881589224,0.0
Casablanca-Settat,2020.0,7.0,2020-07,0.42678399106171006,0.2240443536052665,43.646796755120064,0.0
Rabat-Salé-Kénitra,2020.0,7.0,2020-07,0.5718298762419913,0.2708644750345105,43.5272570254411,0.0
Fès-Meknès,2020.0,8.0,2020-08,6.6025918713178,0.22787647361098656,41.697643024152306,0.0
Guelmim-Oued Noun,2020.0,8.0,2020-08,3.562418973319192E-4,0.12813308409001903,44.84020715936815,0.0
Laâyoune-Sakia El Hamra,2020.0,8.0,2020-08,0.003837233040535096,0.11308134494257134,42.34461402927717,0.0
Souss-Massa,2020.0,8.0,2020-08,0.6169512689022196,0.14945633880547346,44.705781109863686,0.0
Dakhla-Oued Ed-Dahab,2020.0,8.0,2020-08,2.1404293064578863,0.11042670807453416,43.17896781506729,0.0
Tanger-Tétouan-Al Hoceima,2020.0,8.0,2020-08,1.1217859934034267,0.37955996998125696,38.1020151579473,0.0
Drâa-Tafilalet,2020.0,8.0,2020-08,4.185467582368514,0.13992572877519183,44.65738566860005,0.0
Marrakech-Safi,2020.0,8.0,2020-08,0.6378976385479239,0.17050253437351393,41.68926093131026,0.0
l'Oriental,2020.0,8.0,2020-08,3.3575522824925828,0.1514768100549878,43.53482377423574,0.0
Béni Mellal-Khénifra,2020.0,8.0,2020-08,4.751102236824323,0.24476075847888082,41.54050737012545,0.0
Casablanca-Settat,2020.0,8.0,2020-08,0.03717719814188821,0.22062214266194066,42.43040869938829,0.0
Rabat-Salé-Kénitra,2020.0,8.0,2020-08,0.20646101571019265,0.27607038918933663,42.0232513622613,0.0
Fès-Meknès,2020.0,9.0,2020-09,16.654385502767052,0.2368402798222777,35.951589352150414,0.0
Guelmim-Oued Noun,2020.0,9.0,2020-09,3.01400250770364,0.12644148261823876,42.54250499021952,0.0
Laâyoune-Sakia El Hamra,2020.0,9.0,2020-09,4.7661057084248695,0.11135632641719156,41.24111439340051,0.0
Souss-Massa,2020.0,9.0,2020-09,6.610146726963239,0.15269017484845274,42.41572452301215,0.0
Dakhla-Oued Ed-Dahab,2020.0,9.0,2020-09,8.89817924807154,0.11732608695652175,42.721816478545385,0.0
Tanger-Tétouan-Al Hoceima,2020.0,9.0,2020-09,14.220717434172817,0.38790665450103573,32.0996430265951,0.0
Drâa-Tafilalet,2020.0,9.0,2020-09,13.496924934761502,0.14491563130480642,41.07354283159961,0.0
Marrakech-Safi,2020.0,9.0,2020-09,5.99810572550518,0.17266165735039754,39.41630120764951,0.0
l'Oriental,2020.0,9.0,2020-09,11.713779269409036,0.1542244177005674,37.52065501133602,0.0
Béni Mellal-Khénifra,2020.0,9.0,2020-09,13.480930719354237,0.25176358701638857,38.01910837521199,0.0
Casablanca-Settat,2020.0,9.0,2020-09,5.905538308196103,0.22709783739247097,40.69191372220064,0.0
Rabat-Salé-Kénitra,2020.0,9.0,2020-09,12.189127149028987,0.28151514513682674,37.85500822368425,0.0
Fès-Meknès,2020.0,10.0,2020-10,27.01031596999894,0.24554528206624213,29.034646223590926,0.0
Guelmim-Oued Noun,2020.0,10.0,2020-10,5.0385141209428195,0.13075290576416893,37.63184317381293,0.0
Laâyoune-Sakia El Hamra,2020.0,10.0,2020-10,3.0415529118119724,0.11486729807336052,38.02629023204143,0.0
Souss-Massa,2020.0,10.0,2020-10,15.152010372839865,0.1589182218484647,34.975773544517864,0.0
Dakhla-Oued Ed-Dahab,2020.0,10.0,2020-10,8.423978628315556,0.07545776397515529,39.9810042570041,0.0
Tanger-Tétouan-Al Hoceima,2020.0,10.0,2020-10,42.95576219770168,0.4078399951534814,26.53270897740045,0.0
Drâa-Tafilalet,2020.0,10.0,2020-10,30.028819362434653,0.14977574361003046,33.181884814128246,0.0
Marrakech-Safi,2020.0,10.0,2020-10,15.778670307266829,0.17951311845868717,32.855694563975476,0.0
l'Oriental,2020.0,10.0,2020-10,9.501504528606555,0.15581259792575475,30.586949654248272,0.0
Béni Mellal-Khénifra,2020.0,10.0,2020-10,38.84393456714885,0.2675249643525942,30.124020101730675,0.0
Casablanca-Settat,2020.0,10.0,2020-10,22.647022368454962,0.23658152504211397,34.53088309429796,0.0
Rabat-Salé-Kénitra,2020.0,10.0,2020-10,40.446183187040056,0.29633740139780107,31.32524122047679,0.0
Fès-Meknès,2020.0,11.0,2020-11,33.02817674261892,0.26254880553810256,22.420040187302693,0.0
Guelmim-Oued Noun,2020.0,11.0,2020-11,19.024584699390488,0.13412121604021884,31.581346065196662,0.0
Laâyoune-Sakia El Hamra,2020.0,11.0,2020-11,5.586627602742263,0.11712739903668028,32.711547438282125,0.0
Souss-Massa,2020.0,11.0,2020-11,33.15160313537381,0.16937065280235467,27.81812258978941,0.0
Dakhla-Oued Ed-Dahab,2020.0,11.0,2020-11,1.4360469778197278,0.005238509316770191,34.96913863480065,0.0
Tanger-Tétouan-Al Hoceima,2020.0,11.0,2020-11,62.8197575121877,0.447260494889832,21.522060432013994,0.0
Drâa-Tafilalet,2020.0,11.0,2020-11,25.05735938200867,0.15448597525329097,25.19052646772718,0.0
Marrakech-Safi,2020.0,11.0,2020-11,47.01036321857422,0.20007651858219408,27.084831957687804,0.0
l'Oriental,2020.0,11.0,2020-11,16.86819703437662,0.16245824181633547,22.317277332797453,0.0
Béni Mellal-Khénifra,2020.0,11.0,2020-11,47.90887918661246,0.28416247934592354,23.011549034882744,0.0
Casablanca-Settat,2020.0,11.0,2020-11,57.03678860836054,0.269259364444807,28.434134459971027,0.0
Rabat-Salé-Kénitra,2020.0,11.0,2020-11,59.422083651705215,0.3162743018941617,26.363725761772884,0.0
Fès-Meknès,2020.0,12.0,2020-12,49.36376596540707,0.2999221737276725,15.305950637331826,0.0
Guelmim-Oued Noun,2020.0,12.0,2020-12,14.318235643536209,0.15718450122496566,25.378750295747537,0.0
Laâyoune-Sakia El Hamra,2020.0,12.0,2020-12,14.142717197060547,0.11579859207113746,27.246681718401405,0.0
Souss-Massa,2020.0,12.0,2020-12,16.24556716369875,0.18317349387388007,22.623263641966116,0.0
Dakhla-Oued Ed-Dahab,2020.0,12.0,2020-12,2.8993761184679436,0.11908385093167702,28.450469525661383,0.0
Tanger-Tétouan-Al Hoceima,2020.0,12.0,2020-12,57.61327080933291,0.5100448596975355,15.190835085528796,0.0
Drâa-Tafilalet,2020.0,12.0,2020-12,23.778815464742284,0.1513689898024222,20.48604910511933,0.0
Marrakech-Safi,2020.0,12.0,2020-12,23.816505417309106,0.23398142412021514,18.71027947494123,0.0
l'Oriental,2020.0,12.0,2020-12,23.786899714745083,0.1674863036126881,16.01381867417222,0.0
Béni Mellal-Khénifra,2020.0,12.0,2020-12,57.91444030263018,0.32198379481169614,15.515908778468582,0.0
Casablanca-Settat,2020.0,12.0,2020-12,41.74169768195236,0.38572244102999226,19.722655072938224,0.0
Rabat-Salé-Kénitra,2020.0,12.0,2020-12,72.80273841475166,0.44212133464109277,18.02964770283574,0.0
Fès-Meknès,2021.0,1.0,2021-01,71.81837140997223,0.35846404182748437,13.523886855831998,0.3412353405848615
Guelmim-Oued Noun,2021.0,1.0,2021-01,16.08292474497016,0.19712704122988361,25.80650387221037,0.15168870889331296
Laâyoune-Sakia El Hamra,2021.0,1.0,2021-01,7.553602733382015,0.11820600685439052,27.16224532610612,0.3226099428195163
Souss-Massa,2021.0,1.0,2021-01,41.76061672184746,0.2201700439165126,22.410066698175484,0.1356620999252392
Dakhla-Oued Ed-Dahab,2021.0,1.0,2021-01,2.358706623880533,0.06642919254658385,28.974129114904088,0.20552505945610194
Tanger-Tétouan-Al Hoceima,2021.0,1.0,2021-01,162.7585404282758,0.5351491226638166,13.515844574853315,0.5302785165677765
Drâa-Tafilalet,2021.0,1.0,2021-01,29.337361500765198,0.14945135700314266,20.399539761866688,0.14597822458143303
Marrakech-Safi,2021.0,1.0,2021-01,48.93261806679714,0.29892758678422715,18.354540324388964,0.2367600270987632
l'Oriental,2021.0,1.0,2021-01,23.924229973580974,0.17418503167035548,16.21298365213321,0.2665768899886095
Béni Mellal-Khénifra,2021.0,1.0,2021-01,79.74374806976805,0.37322655104463737,14.039630302289734,0.2528867591709956
Casablanca-Settat,2021.0,1.0,2021-01,103.02562417829058,0.549105160913961,17.32509943327132,0.4768538720986477
Rabat-Salé-Kénitra,2021.0,1.0,2021-01,142.25330428562634,0.5690645254605978,15.785306394882697,0.4748453968192039
Fès-Meknès,2021.0,2.0,2021-02,42.20801771463077,0.3936104942330133,18.482736318355705,0.2876575101607754
Guelmim-Oued Noun,2021.0,2.0,2021-02,13.616410654305586,0.22493192925254316,28.275993761809072,0.1559299732978823
Laâyoune-Sakia El Hamra,2021.0,2.0,2021-02,4.445276178186894,0.11671386624675806,29.46781348997048,0.2678161505891955
Souss-Massa,2021.0,2.0,2021-02,32.31526079600947,0.27182759922094957,25.061620072846708,0.14093661527663542
Dakhla-Oued Ed-Dahab,2021.0,2.0,2021-02,1.2946485250646842,0.12939534161490684,31.524030768203115,0.16438614091301912
Tanger-Tétouan-Al Hoceima,2021.0,2.0,2021-02,94.69567711308301,0.5546044078592735,17.614323161443405,0.4797360940727919
Drâa-Tafilalet,2021.0,2.0,2021-02,31.781123461191118,0.14784348926397223,23.421354978985395,0.12532039230292644
Marrakech-Safi,2021.0,2.0,2021-02,39.01613013920486,0.3592016915168189,21.546907178627542,0.2423686787970016
l'Oriental,2021.0,2.0,2021-02,11.213819068359319,0.16956198942939615,21.41670755526847,0.1638042914004817
Béni Mellal-Khénifra,2021.0,2.0,2021-02,64.12923297649442,0.43109282278496514,18.64759820978511,0.26438840160878513
Casablanca-Settat,2021.0,2.0,2021-02,47.38165140649496,0.643547895797306,20.218133198300535,0.551432039227618
Rabat-Salé-Kénitra,2021.0,2.0,2021-02,59.51823047677167,0.6199115688705421,19.164031169509673,0.5022751719693146
Fès-Meknès,2021.0,3.0,2021-03,69.00432793190959,0.4200162727762319,22.341710932921004,0.27428954775232317
Guelmim-Oued Noun,2021.0,3.0,2021-03,4.156170320779957,0.21490331879161023,33.54506555598879,0.12130386041664803
Laâyoune-Sakia El Hamra,2021.0,3.0,2021-03,2.3692603503800918,0.1171295062986291,33.59190566130823,0.20911633249838746
Souss-Massa,2021.0,3.0,2021-03,19.757415609825212,0.26774336010955757,31.254062058419308,0.08856111764800037
Dakhla-Oued Ed-Dahab,2021.0,3.0,2021-03,1.9828418971050903,0.14083975155279504,35.118900708978096,0.24926781409620696
Tanger-Tétouan-Al Hoceima,2021.0,3.0,2021-03,98.5061935842903,0.5625273036225761,21.518217055812222,0.38508642677332244
Drâa-Tafilalet,2021.0,3.0,2021-03,38.80625240140655,0.14987780839981538,28.80864889796295,0.09667676652888972
Marrakech-Safi,2021.0,3.0,2021-03,44.00025838232203,0.3782087409142108,26.6225867724472,0.17895766725893236
l'Oriental,2021.0,3.0,2021-03,40.52436290932541,0.18434125689787337,25.3816347482713,0.1484558849881206
Béni Mellal-Khénifra,2021.0,3.0,2021-03,100.36945188363288,0.4517474020231814,22.690035239128154,0.23956115076308576
Casablanca-Settat,2021.0,3.0,2021-03,50.643881347045465,0.6288509409912423,24.6595705955767,0.4384826361820685
Rabat-Salé-Kénitra,2021.0,3.0,2021-03,63.659394712326545,0.624220837761006,23.00652324956266,0.44681228143526974
Fès-Meknès,2021.0,4.0,2021-04,51.75808412564657,0.38475671842742976,25.980232839867707,0.2872081276669178
Guelmim-Oued Noun,2021.0,4.0,2021-04,1.393355093812341,0.16942372016138585,36.65737242866243,0.17324523557868546
Laâyoune-Sakia El Hamra,2021.0,4.0,2021-04,2.1825230441468735,0.11413166913671728,38.39306249555843,0.3109121944155228
Souss-Massa,2021.0,4.0,2021-04,8.22428589203365,0.21789112442622413,37.34286806725037,0.10192801301527069
Dakhla-Oued Ed-Dahab,2021.0,4.0,2021-04,0.2843177891061088,0.06692111801242236,40.92817979788195,0.3623557381011999
Tanger-Tétouan-Al Hoceima,2021.0,4.0,2021-04,64.52746653607562,0.5174539726237476,24.106699046905586,0.45723536779169255
Drâa-Tafilalet,2021.0,4.0,2021-04,16.057528379044264,0.15934395353948277,37.00854922406393,0.07977452301693545
Marrakech-Safi,2021.0,4.0,2021-04,14.033210852334237,0.2597538140057671,32.832884477806374,0.15190715355881093
l'Oriental,2021.0,4.0,2021-04,32.43025082456249,0.1924455056023479,30.69095500227059,0.1711917604447053
Béni Mellal-Khénifra,2021.0,4.0,2021-04,36.33919272678082,0.3747554436495599,29.09728438246245,0.2223379348200132
Casablanca-Settat,2021.0,4.0,2021-04,16.79371071183044,0.3731217043892522,31.474837408187934,0.24461345612507793
Rabat-Salé-Kénitra,2021.0,4.0,2021-04,42.92236583180354,0.4821507887316276,28.649810650240592,0.35777517555440025
Fès-Meknès,2021.0,5.0,2021-05,31.34710458985332,0.3224435879858178,33.178326786003154,0.1576023707378597
Guelmim-Oued Noun,2021.0,5.0,2021-05,5.224757952674255,0.14612465277461545,40.54010099848824,0.14262453950486112
Laâyoune-Sakia El Hamra,2021.0,5.0,2021-05,1.5684810248203165,0.11055676176361617,39.051876385836444,0.42077834643460477
Souss-Massa,2021.0,5.0,2021-05,8.316472637116032,0.18877529068918594,41.21272696844165,0.05136485556365254
Dakhla-Oued Ed-Dahab,2021.0,5.0,2021-05,0.07549434202641638,0.10228695652173914,40.97430820542069,0.39711708901507126
Tanger-Tétouan-Al Hoceima,2021.0,5.0,2021-05,23.56671298027251,0.485694725454608,30.197125675281974,0.3059097250874666
Drâa-Tafilalet,2021.0,5.0,2021-05,14.582709811260907,0.15432972242368295,41.27832662904166,0.03801486880656374
Marrakech-Safi,2021.0,5.0,2021-05,12.232154561404455,0.2107713041697857,37.51826590712524,0.09460003909058134
l'Oriental,2021.0,5.0,2021-05,20.59058619781593,0.17933527632193888,36.775182878392435,0.09723785976527931
Béni Mellal-Khénifra,2021.0,5.0,2021-05,24.019658995723525,0.30071428084036084,35.17026595078439,0.11267695508123196
Casablanca-Settat,2021.0,5.0,2021-05,9.851708094610961,0.2601281993343561,36.49166178366109,0.15019826086393695
Rabat-Salé-Kénitra,2021.0,5.0,2021-05,18.267797865738224,0.37093237046320365,34.682584036484975,0.19779961432988755
Fès-Meknès,2021.0,6.0,2021-06,12.01843822958628,0.25527194607755144,38.526330487520504,0.10750064585956293
Guelmim-Oued Noun,2021.0,6.0,2021-06,1.093135049586053,0.13891007978214734,39.730488416692424,0.2033121354308893
Laâyoune-Sakia El Hamra,2021.0,6.0,2021-06,0.754632477240431,0.10955917006298631,37.72364644570648,0.493986985998024
Souss-Massa,2021.0,6.0,2021-06,6.333390114994238,0.176263361774445,44.46687331029854,0.0521409365044119
Dakhla-Oued Ed-Dahab,2021.0,6.0,2021-06,0.34066888944781987,0.06408819875776398,37.74301449875932,0.3218632644926589
Tanger-Tétouan-Al Hoceima,2021.0,6.0,2021-06,7.358566669355912,0.41437020668229946,34.504052815582504,0.236011175216559
Drâa-Tafilalet,2021.0,6.0,2021-06,10.228140711226096,0.14545520669875386,45.82700324429214,0.029811377976558834
Marrakech-Safi,2021.0,6.0,2021-06,7.208337791014316,0.19351809337732961,41.007915649614375,0.08276912739983218
l'Oriental,2021.0,6.0,2021-06,11.590810832752386,0.15815465033146112,40.89358686204819,0.08929046694265452
Béni Mellal-Khénifra,2021.0,6.0,2021-06,12.845130613848067,0.26166788826603665,39.929002871675834,0.07899004985772275
Casablanca-Settat,2021.0,6.0,2021-06,4.181135877287048,0.2334119877149476,40.95708486609242,0.1381182697512987
Rabat-Salé-Kénitra,2021.0,6.0,2021-06,5.856129530309314,0.3029723212217815,39.06099096533758,0.14705216539238053
Fès-Meknès,2021.0,7.0,2021-07,0.6054003463835859,0.23025436394847823,41.30058218019789,0.037683594361574924
Guelmim-Oued Noun,2021.0,7.0,2021-07,0.22691724355253395,0.12816094499949904,42.444209670862136,0.09263964876990644
Laâyoune-Sakia El Hamra,2021.0,7.0,2021-07,0.16433953133788912,0.10991998425342722,38.85329984072468,0.5990058488563731
Souss-Massa,2021.0,7.0,2021-07,0.3061160654746149,0.16185689171743844,45.299351985379,0.01150663095212356
Dakhla-Oued Ed-Dahab,2021.0,7.0,2021-07,0.004402911339095875,0.11564285714285714,40.01765477758868,0.45089870452312447
Tanger-Tétouan-Al Hoceima,2021.0,7.0,2021-07,0.0,0.37427342512091655,37.44833342489699,0.14013998876059033
Drâa-Tafilalet,2021.0,7.0,2021-07,0.391339482414211,0.13703582086108004,46.26407319717085,0.0072429532245974594
Marrakech-Safi,2021.0,7.0,2021-07,0.0209633903628531,0.1806420655064959,42.1045609644111,0.0407480328943515
l'Oriental,2021.0,7.0,2021-07,0.14689052113215878,0.15051377662925766,43.750284620553174,0.027724410895093764
Béni Mellal-Khénifra,2021.0,7.0,2021-07,0.21259023595453885,0.2434668075223675,42.671361922800834,0.027066176896656743
Casablanca-Settat,2021.0,7.0,2021-07,0.0,0.22186268359934286,41.95023295210433,0.09995421148833154
Rabat-Salé-Kénitra,2021.0,7.0,2021-07,0.0,0.2809322794207797,41.11792246045344,0.0940448313335554
Fès-Meknès,2021.0,8.0,2021-08,2.010398484458753,0.23019000897585493,40.73615089460349,0.038931143982440186
Guelmim-Oued Noun,2021.0,8.0,2021-08,0.0,0.13141433391925245,43.357730441505346,0.1246627999953107
Laâyoune-Sakia El Hamra,2021.0,8.0,2021-08,0.005085063010750808,0.11188875972582436,41.63321561316481,0.443919404781122
Souss-Massa,2021.0,8.0,2021-08,0.0257863827419221,0.16345037054556916,45.88305337520896,0.0271673844591716
Dakhla-Oued Ed-Dahab,2021.0,8.0,2021-08,1.408857798927451,0.10463229813664597,40.971076253263675,0.23031124960491658
Tanger-Tétouan-Al Hoceima,2021.0,8.0,2021-08,0.4954555058580675,0.3628369871617346,37.42049551754272,0.1452642421294208
Drâa-Tafilalet,2021.0,8.0,2021-08,0.4317399144058046,0.13705081470736918,45.68568308068871,0.007390029915013855
Marrakech-Safi,2021.0,8.0,2021-08,0.0831874831339327,0.18012699916610328,42.412193223922415,0.05588235883132038
l'Oriental,2021.0,8.0,2021-08,1.0325915514686574,0.15003563014083493,42.83236363793277,0.029373644243386475
Béni Mellal-Khénifra,2021.0,8.0,2021-08,0.4266112523315855,0.2406783084770448,41.65448268593338,0.0344674147627443
Casablanca-Settat,2021.0,8.0,2021-08,7.208816462493294E-4,0.21978746573889807,42.338805818687725,0.10878186513902886
Rabat-Salé-Kénitra,2021.0,8.0,2021-08,0.015333036672251492,0.2838243768250206,40.878476682096576,0.11514324360839887
Fès-Meknès,2021.0,9.0,2021-09,13.92164821664358,0.23958287070280965,36.52905212165002,0.07084337360981846
Guelmim-Oued Noun,2021.0,9.0,2021-09,1.694300859643055,0.1330206659441344,42.59627217273657,0.09915874109134688
Laâyoune-Sakia El Hamra,2021.0,9.0,2021-09,4.577193481592602,0.11435828084475733,41.4004216658918,0.4085687179994737
Souss-Massa,2021.0,9.0,2021-09,5.851789853919019,0.17093730728126413,42.616210132724326,0.03328623609221402
Dakhla-Oued Ed-Dahab,2021.0,9.0,2021-09,15.270781176312964,0.07981739130434784,42.13991841082745,0.24429085425792166
Tanger-Tétouan-Al Hoceima,2021.0,9.0,2021-09,14.500278828331384,0.3765466259368273,33.60698801348483,0.1914905209698222
Drâa-Tafilalet,2021.0,9.0,2021-09,10.984527576184663,0.14215495011098658,42.296409400924695,0.017621960248779593
Marrakech-Safi,2021.0,9.0,2021-09,5.9070264283793605,0.18571479207147923,39.193133076356425,0.06204074141496806
l'Oriental,2021.0,9.0,2021-09,13.768036866897555,0.15321424479905646,38.98587085324859,0.058424430236054134
Béni Mellal-Khénifra,2021.0,9.0,2021-09,10.642651498894399,0.2528570881730168,38.081235034444845,0.054759314480718066
Casablanca-Settat,2021.0,9.0,2021-09,5.667504765660456,0.23165613733065218,39.79228412136594,0.10774883498228724
Rabat-Salé-Kénitra,2021.0,9.0,2021-09,8.318965070897743,0.29215791519643264,37.82303474449633,0.12390779373323384
Fès-Meknès,2021.0,10.0,2021-10,11.793516914310493,0.23985763912575173,30.61936058143094,0.07569246935653966
Guelmim-Oued Noun,2021.0,10.0,2021-10,0.4052589922394729,0.1313563465969636,38.78368818598163,0.08134777076118119
Laâyoune-Sakia El Hamra,2021.0,10.0,2021-10,1.2837951955686375,0.1139500648388292,38.25136624373596,0.2937790609213562
Souss-Massa,2021.0,10.0,2021-10,7.561909712171325,0.16955951289180698,36.541047491230195,0.034947624545495555
Dakhla-Oued Ed-Dahab,2021.0,10.0,2021-10,1.6426977277690107,0.11800000000000001,39.96548024724431,0.18530834910300226
Tanger-Tétouan-Al Hoceima,2021.0,10.0,2021-10,13.599818661079135,0.3653817446968495,29.087680442835172,0.22198390936932394
Drâa-Tafilalet,2021.0,10.0,2021-10,15.774434764302082,0.1443106083382782,34.63705553165948,0.02614097172979035
Marrakech-Safi,2021.0,10.0,2021-10,10.913078209814438,0.1858384036102819,34.841568577621715,0.06257995917458262
l'Oriental,2021.0,10.0,2021-10,7.4882860302952245,0.15393837087013976,30.87792758895737,0.07092210693829495
Béni Mellal-Khénifra,2021.0,10.0,2021-10,20.359080817187138,0.2539355586698162,32.80797247468195,0.054271507769398895
Casablanca-Settat,2021.0,10.0,2021-10,12.679757659894062,0.232153838811912,35.95709211558267,0.10739725973334298
Rabat-Salé-Kénitra,2021.0,10.0,2021-10,13.968536855342057,0.2849866621862173,33.81353969237502,0.11463196322811775
Fès-Meknès,2021.0,11.0,2021-11,37.23684100474219,0.24844091980073577,19.704082403927618,0.23066483298456633
Guelmim-Oued Noun,2021.0,11.0,2021-11,13.452098645331038,0.13825394448036865,28.246747301615876,0.14925526322366459
Laâyoune-Sakia El Hamra,2021.0,11.0,2021-11,4.138791478310119,0.1147006947017414,30.313875954234664,0.2922241564820144
Souss-Massa,2021.0,11.0,2021-11,25.264841483353695,0.17490459765583907,26.017609270048965,0.09444098522275413
Dakhla-Oued Ed-Dahab,2021.0,11.0,2021-11,2.9631253702300215,0.11630000000000001,34.42837252058124,0.19634767623342392
Tanger-Tétouan-Al Hoceima,2021.0,11.0,2021-11,48.40006196255789,0.3849146296351248,18.313821750530693,0.3197378996717729
Drâa-Tafilalet,2021.0,11.0,2021-11,30.746802138748006,0.1453125935693722,23.626131659044546,0.11965998639045705
Marrakech-Safi,2021.0,11.0,2021-11,22.356726654097372,0.1920812251409171,24.57243971896254,0.1501542152577775
l'Oriental,2021.0,11.0,2021-11,18.149595971493525,0.15817381680430037,20.839249110193066,0.2276715525552883
Béni Mellal-Khénifra,2021.0,11.0,2021-11,31.900562946171167,0.26714274996022164,21.44693870194146,0.17744139175204143
Casablanca-Settat,2021.0,11.0,2021-11,19.459801286021474,0.24421194784112524,26.029800621969457,0.19819988269328337
Rabat-Salé-Kénitra,2021.0,11.0,2021-11,36.83416494634384,0.3047539426718621,22.79964870516844,0.23142063425342477
Fès-Meknès,2021.0,12.0,2021-12,44.87197813824354,0.28142326362086023,16.143184933017682,0.2532775950997282
Guelmim-Oued Noun,2021.0,12.0,2021-12,14.450111138490998,0.1414469762930445,26.018731034666587,0.06730142145042754
Laâyoune-Sakia El Hamra,2021.0,12.0,2021-12,13.710123775118303,0.11636635791033721,27.984713516114343,0.17322766445801394
Souss-Massa,2021.0,12.0,2021-12,20.37235086379186,0.17997294944345185,22.486110073362877,0.10299799484413144
Dakhla-Oued Ed-Dahab,2021.0,12.0,2021-12,3.3475007860994164,0.08442639751552795,29.88976743802996,0.1286270336669328
Tanger-Tétouan-Al Hoceima,2021.0,12.0,2021-12,57.63574469058885,0.4621351936382026,16.560707137803327,0.39415427022859045
Drâa-Tafilalet,2021.0,12.0,2021-12,33.191376066889816,0.14566077800487912,19.938284908448136,0.1519686622419401
Marrakech-Safi,2021.0,12.0,2021-12,20.282370018737677,0.19938603166376637,21.46666958880123,0.15363174498646615
l'Oriental,2021.0,12.0,2021-12,17.16470070863566,0.157259567258539,17.348361440732845,0.23724650598298042
Béni Mellal-Khénifra,2021.0,12.0,2021-12,51.46341209398256,0.28309604038407393,17.04253484961893,0.18124830788019214
Casablanca-Settat,2021.0,12.0,2021-12,23.58983455865421,0.31836283415044025,21.678233108960605,0.2735245364676905
Rabat-Salé-Kénitra,2021.0,12.0,2021-12,50.639528780906325,0.41444946572754593,18.646005020775668,0.33689603347942404
Fès-Meknès,2022.0,1.0,2022-01,29.434405021084135,0.3268434238398707,16.173806890872466,0.1965677931960928
Guelmim-Oued Noun,2022.0,1.0,2022-01,9.667637025411238,0.13825833978451516,23.663949787894808,0.05191842171743485
Laâyoune-Sakia El Hamra,2022.0,1.0,2022-01,6.53553475344639,0.11621691830307525,25.362982561198578,0.1359442828132632
Souss-Massa,2022.0,1.0,2022-01,26.662288810246597,0.1720599911524578,20.879545856104645,0.09193246173956246
Dakhla-Oued Ed-Dahab,2022.0,1.0,2022-01,7.157178565223424,0.11101055900621119,28.008272670702883,0.15213866526323266
Tanger-Tétouan-Al Hoceima,2022.0,1.0,2022-01,26.66249708454178,0.5048012451519717,15.568749456861052,0.3350180768931381
Drâa-Tafilalet,2022.0,1.0,2022-01,36.673063549313746,0.144975517351267,18.176134312793245,0.15853646514975314
Marrakech-Safi,2022.0,1.0,2022-01,23.599650965927065,0.19500837185046496,21.391240216241627,0.12473979243524158
l'Oriental,2022.0,1.0,2022-01,17.022100742927115,0.15626498210313555,16.27493720865145,0.21340256418104678
Béni Mellal-Khénifra,2022.0,1.0,2022-01,62.067916561802754,0.3063775618704333,17.80965675836684,0.15518324350341922
Casablanca-Settat,2022.0,1.0,2022-01,24.281317631721528,0.39629743575099957,22.171904977301516,0.29692440337280296
Rabat-Salé-Kénitra,2022.0,1.0,2022-01,24.765401193999377,0.5242112012552054,18.552385984655242,0.32883427950527466
Fès-Meknès,2022.0,2.0,2022-02,32.2793426860442,0.3079186513777937,21.093300946806956,0.2086690380743702
Guelmim-Oued Noun,2022.0,2.0,2022-02,5.643063660237444,0.1335039909288789,28.730983264853187,0.0708184359625948
Laâyoune-Sakia El Hamra,2022.0,2.0,2022-02,3.8704162352723093,0.11494114023712486,29.295946798876713,0.21020350965031387
Souss-Massa,2022.0,2.0,2022-02,14.885415888364816,0.17513221804664958,25.53607733590142,0.07926619075832
Dakhla-Oued Ed-Dahab,2022.0,2.0,2022-02,1.8680417332366743,0.16263664596273292,30.149438625463286,0.16417931441955508
Tanger-Tétouan-Al Hoceima,2022.0,2.0,2022-02,32.686706615370596,0.5013327032921381,20.02925959961712,0.3429347168367404
Drâa-Tafilalet,2022.0,2.0,2022-02,28.542593925848738,0.14313562811806338,21.99642072315698,0.1321958626702687
Marrakech-Safi,2022.0,2.0,2022-02,15.21393541495706,0.18859903238121223,25.572707558754132,0.13641957576655775
l'Oriental,2022.0,2.0,2022-02,13.341064109998397,0.1547315842115806,21.455619240181743,0.17422573520308893
Béni Mellal-Khénifra,2022.0,2.0,2022-02,42.778091357062664,0.29550934222121583,22.458984343256947,0.16310998808373603
Casablanca-Settat,2022.0,2.0,2022-02,18.840671427260908,0.3438108984896011,26.89691145119382,0.3072301730188633
Rabat-Salé-Kénitra,2022.0,2.0,2022-02,24.231745109235874,0.4789376126126126,24.17784209159503,0.34378181766699595
Fès-Meknès,2022.0,3.0,2022-03,84.56406411318906,0.32720463973162256,19.45836974251182,0.33636840062904505
Guelmim-Oued Noun,2022.0,3.0,2022-03,8.79963990290773,0.14209342389274948,30.693710765544676,0.22040822504851182
Laâyoune-Sakia El Hamra,2022.0,3.0,2022-03,2.5749737054618125,0.11366055020377919,32.50626913223043,0.3010373678492091
Souss-Massa,2022.0,3.0,2022-03,49.90825514674764,0.18564078627701744,29.502653557164354,0.1456279895502495
Dakhla-Oued Ed-Dahab,2022.0,3.0,2022-03,6.828813636120684E-4,0.13835900621118014,34.26484057703326,0.2819858294822006
Tanger-Tétouan-Al Hoceima,2022.0,3.0,2022-03,160.85178885373386,0.486136812939536,17.88842924945368,0.5257101057777341
Drâa-Tafilalet,2022.0,3.0,2022-03,41.2140954523113,0.1489214099690116,27.785816521972247,0.10787593941566681
Marrakech-Safi,2022.0,3.0,2022-03,72.39935078095793,0.20763280130119424,24.44574769628309,0.23869489240444208
l'Oriental,2022.0,3.0,2022-03,34.17515113052582,0.15458726322174215,22.01336767497095,0.19887786317125863
Béni Mellal-Khénifra,2022.0,3.0,2022-03,102.8833203879065,0.335119371534705,20.569826309438376,0.2789477970714068
Casablanca-Settat,2022.0,3.0,2022-03,70.59659819396931,0.39335952452817946,25.04362749350411,0.3922239750642725
Rabat-Salé-Kénitra,2022.0,3.0,2022-03,108.7534066845602,0.4809758598063793,21.3699667915118,0.45737928840499187
Fès-Meknès,2022.0,4.0,2022-04,45.32321712884793,0.3471103548828645,26.614780419351295,0.2022012441120793
Guelmim-Oued Noun,2022.0,4.0,2022-04,1.749743693822566,0.1591936925655061,35.839879868171586,0.10628249997318547
Laâyoune-Sakia El Hamra,2022.0,4.0,2022-04,2.2546984146886295,0.11356730733605037,36.5339414464486,0.26472525783630774
Souss-Massa,2022.0,4.0,2022-04,13.049000640482015,0.20432288870785,35.533736001152924,0.0622344000955291
Dakhla-Oued Ed-Dahab,2022.0,4.0,2022-04,0.11542127197246269,0.15150186335403726,38.56993762391553,0.3180199900209292
Tanger-Tétouan-Al Hoceima,2022.0,4.0,2022-04,73.3165530288503,0.5391772782346801,24.58201448370583,0.3623541348821572
Drâa-Tafilalet,2022.0,4.0,2022-04,19.775826236218446,0.15425995967121592,35.47312012689132,0.050041174182967836
Marrakech-Safi,2022.0,4.0,2022-04,29.571975188240536,0.23962809482572875,31.365606234361618,0.11670324181423197
l'Oriental,2022.0,4.0,2022-04,28.73553927101661,0.16987821059571706,29.38450814562221,0.1289511816694272
Béni Mellal-Khénifra,2022.0,4.0,2022-04,47.317788273452706,0.3457307964517828,29.235576264886685,0.15758736881721605
Casablanca-Settat,2022.0,4.0,2022-04,35.06565561569193,0.39652355934139,31.919176422448206,0.22787595621107554
Rabat-Salé-Kénitra,2022.0,4.0,2022-04,46.02797184451022,0.4679510430289158,29.88087020702731,0.2765471137428373
Fès-Meknès,2022.0,5.0,2022-05,22.233732444748416,0.27042066511085167,36.788130408112316,0.11241369845295504
Guelmim-Oued Noun,2022.0,5.0,2022-05,1.9986920963747794,0.14158956547873827,42.39662221289152,0.0842590712321921
Laâyoune-Sakia El Hamra,2022.0,5.0,2022-05,0.8202040932262196,0.11178601333827343,41.5781214496346,0.3234250409570963
Souss-Massa,2022.0,5.0,2022-05,7.853718299994854,0.17675658660079208,42.07279052379931,0.035873438665792005
Dakhla-Oued Ed-Dahab,2022.0,5.0,2022-05,0.08844133961219511,0.10743664596273293,41.83357152723483,0.3548733298463348
Tanger-Tétouan-Al Hoceima,2022.0,5.0,2022-05,20.571024716443226,0.45259817093374594,32.15184145336497,0.27209822109397996
Drâa-Tafilalet,2022.0,5.0,2022-05,13.311225060589116,0.14907174468692996,41.76062066374894,0.026739717970925166
Marrakech-Safi,2022.0,5.0,2022-05,12.949015434910965,0.19391736871737073,40.284555743008795,0.06991954477001093
l'Oriental,2022.0,5.0,2022-05,20.364171110190203,0.16310003664985553,38.78029390443717,0.058434461637263915
Béni Mellal-Khénifra,2022.0,5.0,2022-05,24.99543959272859,0.2652493768588669,38.5401815112958,0.08219578092752834
Casablanca-Settat,2022.0,5.0,2022-05,10.262027481706205,0.2608002751589966,41.403459070728566,0.12871580958612652
Rabat-Salé-Kénitra,2022.0,5.0,2022-05,15.873650432627652,0.3206079779046166,38.9350367218254,0.15195083276103458
Fès-Meknès,2022.0,6.0,2022-06,12.761847771530121,0.22213836426263353,40.030779871056104,0.06693944538038368
Guelmim-Oued Noun,2022.0,6.0,2022-06,1.3618466625248413,0.12491166586216627,39.368550350953775,0.20010515735777043
Laâyoune-Sakia El Hamra,2022.0,6.0,2022-06,1.0515600836976926,0.10505070396443125,37.332452571062774,0.501237243710265
Souss-Massa,2022.0,6.0,2022-06,5.128353899102456,0.15970596595886344,43.21049909775044,0.042780328959790614
Dakhla-Oued Ed-Dahab,2022.0,6.0,2022-06,1.5753047976799335,0.09754782608695652,37.87535166630442,0.46822099170302484
Tanger-Tétouan-Al Hoceima,2022.0,6.0,2022-06,5.460452027002956,0.3634375128618634,35.95055298622382,0.17069776428361497
Drâa-Tafilalet,2022.0,6.0,2022-06,10.969433356639728,0.14248149480231206,45.09539857343738,0.020919427227477427
Marrakech-Safi,2022.0,6.0,2022-06,5.767868046491978,0.17351109330210893,39.34884232574859,0.08260963285954133
l'Oriental,2022.0,6.0,2022-06,9.597116968550186,0.1455919199035271,42.49149320653353,0.03382178533994717
Béni Mellal-Khénifra,2022.0,6.0,2022-06,11.969888447605618,0.23719477788453322,40.035993981700734,0.06165044140773733
Casablanca-Settat,2022.0,6.0,2022-06,3.1760980842951736,0.22471667577610382,40.98270888147803,0.1392162619127985
Rabat-Salé-Kénitra,2022.0,6.0,2022-06,5.786838972647186,0.260547311183461,41.02683383601842,0.1117637988715141
Fès-Meknès,2022.0,7.0,2022-07,2.003442957039746,0.21122734247374558,44.816261173351606,0.019320782877757247
Guelmim-Oued Noun,2022.0,7.0,2022-07,0.0,0.12640213708685868,46.91656211643069,0.041538868548693764
Laâyoune-Sakia El Hamra,2022.0,7.0,2022-07,0.011618354701962333,0.10815155150055576,43.0467704543099,0.5639007534673897
Souss-Massa,2022.0,7.0,2022-07,9.315325403288946E-5,0.1545550268930233,46.50901711800635,0.0062368833445537245
Dakhla-Oued Ed-Dahab,2022.0,7.0,2022-07,0.5191604609345646,0.10297950310559006,40.5139660181128,0.4785627428726491
Tanger-Tétouan-Al Hoceima,2022.0,7.0,2022-07,0.03925486300659824,0.33775114709184173,40.81785431389688,0.0950709936195883
Drâa-Tafilalet,2022.0,7.0,2022-07,0.21839769290022956,0.13642199995604498,47.218656483087145,0.008384393644547553
Marrakech-Safi,2022.0,7.0,2022-07,0.12041215319343117,0.1694111023422186,44.279578433152274,0.025320078879417982
l'Oriental,2022.0,7.0,2022-07,0.9594151696200852,0.14227580025091738,46.2613901241082,0.01948191456627698
Béni Mellal-Khénifra,2022.0,7.0,2022-07,1.034394194679094,0.22666849993268282,44.85892652786904,0.01606811562937762
Casablanca-Settat,2022.0,7.0,2022-07,0.1774818365781884,0.21941238049401257,44.9649826912454,0.07365970283037082
Rabat-Salé-Kénitra,2022.0,7.0,2022-07,0.3735168933516885,0.260487617322127,45.09175219146385,0.052443848857746715
Fès-Meknès,2022.0,8.0,2022-08,2.8105267903673616,0.21199965611255703,40.502488713733186,0.04096988723642021
Guelmim-Oued Noun,2022.0,8.0,2022-08,0.6171503582601365,0.12224045847412089,42.155249958067664,0.09852453824844812
Laâyoune-Sakia El Hamra,2022.0,8.0,2022-08,2.144181816983348,0.10831096239347904,39.021973182224876,0.6041883038846662
Souss-Massa,2022.0,8.0,2022-08,0.11498863563284756,0.1536529585245921,43.5071464531594,0.01817298282913931
Dakhla-Oued Ed-Dahab,2022.0,8.0,2022-08,7.965949937761997,0.11530900621118012,39.916513882669555,0.3526381299753209
Tanger-Tétouan-Al Hoceima,2022.0,8.0,2022-08,0.4693680149784782,0.3412839831112163,37.99882741915344,0.13240338781637945
Drâa-Tafilalet,2022.0,8.0,2022-08,1.1228702899813245,0.13215317608404206,43.66438333857332,0.011424983853227707
Marrakech-Safi,2022.0,8.0,2022-08,0.2692422627334883,0.16822500378551203,40.542050252883875,0.053161509414340044
l'Oriental,2022.0,8.0,2022-08,0.9577702882224057,0.13948888686408076,41.67897031428958,0.023982664930316998
Béni Mellal-Khénifra,2022.0,8.0,2022-08,1.70227456262197,0.22237158458073766,40.81637962637667,0.033701740046404915
Casablanca-Settat,2022.0,8.0,2022-08,0.03349242260188926,0.22101133088022334,41.970883728543114,0.11971649395332679
Rabat-Salé-Kénitra,2022.0,8.0,2022-08,0.007706568929831511,0.2696427784816737,41.402642149001366,0.11708150177735821
Fès-Meknès,2022.0,9.0,2022-09,17.951657816643273,0.21702089085360393,33.90589396266132,0.09755824266659442
Guelmim-Oued Noun,2022.0,9.0,2022-09,6.143390976733286,0.12439463018788872,38.46443360592103,0.14034382366396897
Laâyoune-Sakia El Hamra,2022.0,9.0,2022-09,12.082939116938826,0.11022407373101151,37.539121833642845,0.4338358094602792
Souss-Massa,2022.0,9.0,2022-09,10.128660111722287,0.15973144819369983,39.09933883877585,0.06085914993705312
Dakhla-Oued Ed-Dahab,2022.0,9.0,2022-09,33.97048257777999,0.11295776397515529,38.909577455189186,0.364349109138843
Tanger-Tétouan-Al Hoceima,2022.0,9.0,2022-09,13.92134345508909,0.3379338239950136,33.11017752528406,0.1904358756411015
Drâa-Tafilalet,2022.0,9.0,2022-09,14.058449781075392,0.13663546306674576,38.747621713997006,0.04306754417848736
Marrakech-Safi,2022.0,9.0,2022-09,8.260856802420673,0.1656719790706999,35.816477368584025,0.0944688001012294
l'Oriental,2022.0,9.0,2022-09,17.551209461026012,0.1436548615534829,35.198940232835405,0.07330443180492222
Béni Mellal-Khénifra,2022.0,9.0,2022-09,13.673510390856075,0.226098601948521,34.13537521193887,0.0818163409237654
Casablanca-Settat,2022.0,9.0,2022-09,7.131132293436146,0.2122462454769084,37.55394036049683,0.12911309496139464
Rabat-Salé-Kénitra,2022.0,9.0,2022-09,11.963962077188585,0.26413940207149916,36.121086050262484,0.1275061747782235
Fès-Meknès,2022.0,10.0,2022-10,30.763087507510043,0.22414809958711068,28.537986454379112,0.09394542657464938
Guelmim-Oued Noun,2022.0,10.0,2022-10,7.58574225676091,0.12486845963988732,37.04096048812507,0.050439973020708254
Laâyoune-Sakia El Hamra,2022.0,10.0,2022-10,3.467633790290574,0.11489615598369762,37.787698773194606,0.24324261713612064
Souss-Massa,2022.0,10.0,2022-10,15.26824275536442,0.16304574325192442,34.513555422207546,0.03590885379544356
Dakhla-Oued Ed-Dahab,2022.0,10.0,2022-10,1.6337927448898688,0.10494409937888198,40.3552137988286,0.24171378709167496
Tanger-Tétouan-Al Hoceima,2022.0,10.0,2022-10,21.216822444096078,0.3269956087132941,29.021264277687628,0.16753426406516395
Drâa-Tafilalet,2022.0,10.0,2022-10,26.699333545826697,0.1431776532383904,32.17710088166819,0.058197668993938086
Marrakech-Safi,2022.0,10.0,2022-10,15.91791699578603,0.17558861371882742,31.321173307364283,0.06435742520519264
l'Oriental,2022.0,10.0,2022-10,21.331212015598943,0.14791969022084714,28.114807526578115,0.0888859341118136
Béni Mellal-Khénifra,2022.0,10.0,2022-10,42.166940138154885,0.24229122920822962,28.18712166435002,0.07357253503165524
Casablanca-Settat,2022.0,10.0,2022-10,18.13866869349981,0.21803063748383741,33.99697272745877,0.09903930077506405
Rabat-Salé-Kénitra,2022.0,10.0,2022-10,25.76929268981565,0.25233386193648594,32.59959054709147,0.09148937054648888
Fès-Meknès,2022.0,11.0,2022-11,15.564925152712933,0.24243169194865868,23.740351276519366,0.1387857415293733
Guelmim-Oued Noun,2022.0,11.0,2022-11,4.073273584939967,0.12998793795936198,33.20845770559872,0.04322302624467984
Laâyoune-Sakia El Hamra,2022.0,11.0,2022-11,2.4070631145129853,0.11749829566506112,33.55471590883166,0.24594279780427736
Souss-Massa,2022.0,11.0,2022-11,9.784819221825572,0.17085220783619792,30.443521644309413,0.03037568865139515
Dakhla-Oued Ed-Dahab,2022.0,11.0,2022-11,0.4042795857428786,0.13348385093167703,34.960480197705884,0.09143114018426905
Tanger-Tétouan-Al Hoceima,2022.0,11.0,2022-11,36.25554627841022,0.3740496468964979,22.508535222874304,0.28916938506738094
Drâa-Tafilalet,2022.0,11.0,2022-11,12.823565926365458,0.14663210039339802,27.872524327368797,0.04256444144130644
Marrakech-Safi,2022.0,11.0,2022-11,13.534736729095728,0.18961982546247208,27.91957145704538,0.0798301918581763
l'Oriental,2022.0,11.0,2022-11,9.191829049588852,0.1540884943000051,24.14085808580858,0.12216802271344399
Béni Mellal-Khénifra,2022.0,11.0,2022-11,14.420113506331086,0.25611217565450467,25.284513388424735,0.07935127273596862
Casablanca-Settat,2022.0,11.0,2022-11,14.166184434239952,0.24016552411213613,28.69877607054446,0.15735543204759087
Rabat-Salé-Kénitra,2022.0,11.0,2022-11,15.152123614238414,0.2877719463404226,26.09511116780876,0.20251366684706817
Fès-Meknès,2022.0,12.0,2022-12,92.52899233523047,0.28110996678933636,15.866363644321032,0.26800685528890106
Guelmim-Oued Noun,2022.0,12.0,2022-12,23.967345161216,0.1371567555260066,26.61433891949115,0.11294266633590655
Laâyoune-Sakia El Hamra,2022.0,12.0,2022-12,21.435740938455147,0.11803493886624673,28.130210009294775,0.19804800761753125
Souss-Massa,2022.0,12.0,2022-12,44.682759730885245,0.19339499091885934,22.374378007050282,0.14187773486375257
Dakhla-Oued Ed-Dahab,2022.0,12.0,2022-12,4.072782282067608,0.17054347826086957,30.445474700949703,0.19646544720277317
Tanger-Tétouan-Al Hoceima,2022.0,12.0,2022-12,233.9645228308422,0.46739990405871173,15.862367594789205,0.4888418515313485
Drâa-Tafilalet,2022.0,12.0,2022-12,39.11950070803044,0.14800236082723459,20.152711444777307,0.15554577596417946
Marrakech-Safi,2022.0,12.0,2022-12,44.0941722647645,0.2250383568319427,19.176823593478073,0.17395260495756765
l'Oriental,2022.0,12.0,2022-12,33.3951475625323,0.16617500406899327,16.995042151021234,0.2220110168607343
Béni Mellal-Khénifra,2022.0,12.0,2022-12,79.02528487253949,0.3106119088344368,15.369633942800732,0.21542347964512598
Casablanca-Settat,2022.0,12.0,2022-12,69.35947316106467,0.3794913438594918,19.194605683654945,0.32003021616592847
Rabat-Salé-Kénitra,2022.0,12.0,2022-12,161.184128851906,0.41632475706553357,18.33028484472959,0.35022113301095154
Fès-Meknès,2023.0,1.0,2023-01,30.450028288149444,0.3317889251413699,13.69383873820696,0.29340553396697344
Guelmim-Oued Noun,2023.0,1.0,2023-01,9.216712753629153,0.13879068843978537,24.48581130638789,0.07805786664922806
Laâyoune-Sakia El Hamra,2023.0,1.0,2023-01,3.602082727606235,0.11982976565394589,25.401046888783032,0.21568546896183394
Souss-Massa,2023.0,1.0,2023-01,17.36555734398991,0.20521357469894996,21.11092595639526,0.08157706891803145
Dakhla-Oued Ed-Dahab,2023.0,1.0,2023-01,0.8926568920552068,0.13431490683229816,26.5454017730667,0.13772389845899066
Tanger-Tétouan-Al Hoceima,2023.0,1.0,2023-01,60.56273375384186,0.5245149901585509,14.209020027469109,0.4369306772221397
Drâa-Tafilalet,2023.0,1.0,2023-01,12.263081890194268,0.1466750720863278,18.501648363677056,0.13167307295794847
Marrakech-Safi,2023.0,1.0,2023-01,15.951729287342287,0.24788150935025935,19.07524094108101,0.17986954766955285
l'Oriental,2023.0,1.0,2023-01,18.80939029841407,0.16847989576856265,14.959073091463019,0.2494288656121343
Béni Mellal-Khénifra,2023.0,1.0,2023-01,24.865437464973567,0.3390058249085101,14.976151419799319,0.21777246320003174
Casablanca-Settat,2023.0,1.0,2023-01,23.486593848057673,0.5221796090148894,18.577607893283204,0.3786394947449117
Rabat-Salé-Kénitra,2023.0,1.0,2023-01,38.80669068193111,0.5266877263604336,16.796569903593863,0.3926450233368206
Fès-Meknès,2023.0,2.0,2023-02,73.81788984797299,0.3404636546315413,15.721458034414503,0.31905986503198547
Guelmim-Oued Noun,2023.0,2.0,2023-02,27.048277237644225,0.1391041243545023,23.573425856501675,0.1899951172068333
Laâyoune-Sakia El Hamra,2023.0,2.0,2023-02,13.483499261076616,0.11889490552056317,26.99959147449413,0.2831266399122966
Souss-Massa,2023.0,2.0,2023-02,59.73181940593885,0.20549065341556116,20.71535645576178,0.18536290314993573
Dakhla-Oued Ed-Dahab,2023.0,2.0,2023-02,4.889922019854739,0.15415683229813668,28.31720188077891,0.27694777816454497
Tanger-Tétouan-Al Hoceima,2023.0,2.0,2023-02,96.3728042471137,0.5351827178510478,16.170844982727786,0.4010073124755193
Drâa-Tafilalet,2023.0,2.0,2023-02,67.36485786612901,0.12862200171424798,18.733640296988344,0.26720136849802884
Marrakech-Safi,2023.0,2.0,2023-02,66.6333020520043,0.24523306334664075,20.767555581436955,0.21889927767302875
l'Oriental,2023.0,2.0,2023-02,28.94326568781383,0.16704707211091754,17.581934853052104,0.24072453216081127
Béni Mellal-Khénifra,2023.0,2.0,2023-02,114.86231596802888,0.33731294031430936,17.50781402844185,0.27373964617435337
Casablanca-Settat,2023.0,2.0,2023-02,55.84612627050826,0.5449655953274385,20.070426540090466,0.42198785787016796
Rabat-Salé-Kénitra,2023.0,2.0,2023-02,70.44348694201328,0.5627197455772307,18.347350090513736,0.4178845108702133
Fès-Meknès,2023.0,3.0,2023-03,17.932698101137028,0.3768558539403997,27.757676331506435,0.19190487435026618
Guelmim-Oued Noun,2023.0,3.0,2023-03,2.6295379082412844,0.1580492891556389,37.148186934122414,0.0757528928287875
Laâyoune-Sakia El Hamra,2023.0,3.0,2023-03,1.665770409547596,0.11897707021118933,35.96181546282132,0.2711131674096269
Souss-Massa,2023.0,3.0,2023-03,14.590402170093963,0.22301486354690409,35.27861419478268,0.04946706028618479
Dakhla-Oued Ed-Dahab,2023.0,3.0,2023-03,0.5418460170344919,0.13012080745341617,37.56732974652668,0.1242247400736023
Tanger-Tétouan-Al Hoceima,2023.0,3.0,2023-03,23.1523003022443,0.5393766771376989,24.924345586215505,0.3330662422164161
Drâa-Tafilalet,2023.0,3.0,2023-03,17.160017505157025,0.14542877266433693,33.806517748129544,0.04022905201853734
Marrakech-Safi,2023.0,3.0,2023-03,18.121227704983706,0.2585446980361039,32.42137215038495,0.09477733246018015
l'Oriental,2023.0,3.0,2023-03,12.863939674348952,0.1657074768220671,31.231016776244036,0.08071384115864169
Béni Mellal-Khénifra,2023.0,3.0,2023-03,21.834024653951968,0.3729903465907007,28.97404646615857,0.13822868260599133
Casablanca-Settat,2023.0,3.0,2023-03,15.386570045678585,0.49283373914426876,30.51346338768749,0.27365022078033935
Rabat-Salé-Kénitra,2023.0,3.0,2023-03,17.399735184913883,0.5618936322393429,27.926097918792877,0.3562558500419834
Fès-Meknès,2023.0,4.0,2023-04,20.87225940093309,0.29333159882416315,34.526942459821505,0.10702135745956931
Guelmim-Oued Noun,2023.0,4.0,2023-04,1.6637475904061314,0.1489956087942514,40.805657259394856,0.08145368265441523
Laâyoune-Sakia El Hamra,2023.0,4.0,2023-04,3.0968015614744595,0.11612481474620234,38.860230007282574,0.24289720973605877
Souss-Massa,2023.0,4.0,2023-04,7.747767262835953,0.1924197326465538,39.91876931663479,0.04101773958548425
Dakhla-Oued Ed-Dahab,2023.0,4.0,2023-04,0.08866964788365342,0.1082745341614907,41.33604013415763,0.24925073836650768
Tanger-Tétouan-Al Hoceima,2023.0,4.0,2023-04,19.500851077379863,0.46057863485483397,31.446406242976703,0.22965466123038872
Drâa-Tafilalet,2023.0,4.0,2023-04,14.31435045011196,0.15475504670227042,38.079845172813556,0.034929083472567846
Marrakech-Safi,2023.0,4.0,2023-04,22.047523188928675,0.20344954538086454,36.170526126587916,0.06645298103901522
l'Oriental,2023.0,4.0,2023-04,12.720963351672301,0.15350502884496314,37.587287729520106,0.04264099076178486
Béni Mellal-Khénifra,2023.0,4.0,2023-04,26.30546470926123,0.28575499706253144,34.69793116124667,0.08772158917980115
Casablanca-Settat,2023.0,4.0,2023-04,22.23219324456402,0.27926814828108,37.103545757718386,0.1305142344968613
Rabat-Salé-Kénitra,2023.0,4.0,2023-04,19.952226294575947,0.3671413536600318,35.45948206735682,0.17121572598923002
Fès-Meknès,2023.0,5.0,2023-05,45.13431659158037,0.2414737762543757,33.09986738330175,0.14467132947518002
Guelmim-Oued Noun,2023.0,5.0,2023-05,1.3837633031023513,0.13621416224191482,38.3491528623366,0.1425792084407893
Laâyoune-Sakia El Hamra,2023.0,5.0,2023-05,0.7396375584172018,0.11569550759540567,38.788254786575465,0.24527386763694303
Souss-Massa,2023.0,5.0,2023-05,4.0356527301982865,0.17527574548417044,39.28525120497089,0.06910714251480192
Dakhla-Oued Ed-Dahab,2023.0,5.0,2023-05,0.040445733313742675,0.09609192546583853,40.610984634981975,0.24202086918496665
Tanger-Tétouan-Al Hoceima,2023.0,5.0,2023-05,45.25975120148575,0.4033307243279614,31.080802913389096,0.24150036004596853
Drâa-Tafilalet,2023.0,5.0,2023-05,16.683660611161265,0.15467048702226327,38.796326268350406,0.06177187964485723
Marrakech-Safi,2023.0,5.0,2023-05,11.123654691443697,0.18361071737048734,37.093026331244005,0.10373560573646888
l'Oriental,2023.0,5.0,2023-05,23.650082669852196,0.14665365592235502,35.392516418433004,0.10239702964512624
Béni Mellal-Khénifra,2023.0,5.0,2023-05,34.617596180785306,0.25706778377170986,34.41380790831007,0.12136533609882269
Casablanca-Settat,2023.0,5.0,2023-05,13.419149825020659,0.2355341720133622,37.8748269738323,0.13978107998987804
Rabat-Salé-Kénitra,2023.0,5.0,2023-05,33.61610262387951,0.2902437831492719,35.70609688608645,0.15441044897912726
Fès-Meknès,2023.0,6.0,2023-06,13.791641880301471,0.23858415593304008,37.64512942706304,0.0920794768020727
Guelmim-Oued Noun,2023.0,6.0,2023-06,0.16433210063307324,0.12743687328664197,40.686935294320165,0.15819773897187128
Laâyoune-Sakia El Hamra,2023.0,6.0,2023-06,0.07609126733797561,0.11162111430159322,41.22179198550542,0.34712579838933627
Souss-Massa,2023.0,6.0,2023-06,0.43701735734897107,0.16078479466334958,43.47053505868391,0.05986256078454886
Dakhla-Oued Ed-Dahab,2023.0,6.0,2023-06,0.0,0.13690000000000002,42.995058381025274,0.3856599133093965
Tanger-Tétouan-Al Hoceima,2023.0,6.0,2023-06,14.109864676446445,0.39802691721849404,35.03337620177302,0.20510932578210275
Drâa-Tafilalet,2023.0,6.0,2023-06,3.0427738504456108,0.15092046328652095,43.51879988195556,0.03934638622436945
Marrakech-Safi,2023.0,6.0,2023-06,1.3678319192973216,0.1722227624426043,41.001345370676866,0.07400898119311815
l'Oriental,2023.0,6.0,2023-06,8.091121472992912,0.14305385624387984,39.55552803431261,0.05827814171057502
Béni Mellal-Khénifra,2023.0,6.0,2023-06,5.655861121824068,0.23967173558498475,39.519327798738345,0.0783600909320416
Casablanca-Settat,2023.0,6.0,2023-06,0.5795925640434012,0.21501616102493407,43.21134412914055,0.1082711608158906
Rabat-Salé-Kénitra,2023.0,6.0,2023-06,5.728452049813963,0.26396343949796564,41.79840032256893,0.1095416279870855
Fès-Meknès,2023.0,7.0,2023-07,0.21303196890520676,0.21440719863567007,42.535221523840434,0.02669200315672137
Guelmim-Oued Noun,2023.0,7.0,2023-07,0.07806712693174854,0.12449464157232752,42.59537881514354,0.12614813471171876
Laâyoune-Sakia El Hamra,2023.0,7.0,2023-07,0.028166120077873634,0.10732142923304928,39.4378548018316,0.5365364658431273
Souss-Massa,2023.0,7.0,2023-07,0.1176194733671875,0.1538693561150242,45.95323567746137,0.017371554597274918
Dakhla-Oued Ed-Dahab,2023.0,7.0,2023-07,0.03146266431317835,0.1436248447204969,40.28137156276658,0.33886694006377854
Tanger-Tétouan-Al Hoceima,2023.0,7.0,2023-07,0.0,0.3546789545674911,38.832394880759104,0.09809423047070474
Drâa-Tafilalet,2023.0,7.0,2023-07,0.0011514775776180527,0.14103354431770737,47.15238408695935,0.00625907965569389
Marrakech-Safi,2023.0,7.0,2023-07,0.19948834625499778,0.1648909823214979,41.47421404546572,0.04636966652520923
l'Oriental,2023.0,7.0,2023-07,0.12201351825386417,0.1369371860931822,44.496650121866814,0.009290405603655412
Béni Mellal-Khénifra,2023.0,7.0,2023-07,0.042942151709646076,0.22271266890444671,42.96079575969575,0.02362876995317082
Casablanca-Settat,2023.0,7.0,2023-07,0.003003178361758757,0.21356544668352825,42.00810591893941,0.09146069098773066
Rabat-Salé-Kénitra,2023.0,7.0,2023-07,0.0,0.2528374313701449,41.77752503553725,0.0873554535740783
Fès-Meknès,2023.0,8.0,2023-08,2.7816935983700573,0.21512534960955043,41.94260279483471,0.02322234811457995
Guelmim-Oued Noun,2023.0,8.0,2023-08,0.7038670778909015,0.12268754087013542,43.14770765644628,0.06571494275729027
Laâyoune-Sakia El Hamra,2023.0,8.0,2023-08,0.7675060282927217,0.10934703593923678,41.29508908145085,0.401149788389564
Souss-Massa,2023.0,8.0,2023-08,1.516217129181047,0.15331258329391284,44.2516210353179,0.017603214980783436
Dakhla-Oued Ed-Dahab,2023.0,8.0,2023-08,5.229811466862704,0.11719068322981367,41.525412815586336,0.21101254532145267
Tanger-Tétouan-Al Hoceima,2023.0,8.0,2023-08,0.9784458683934069,0.34735361438335194,38.82225646148086,0.08977747807633935
Drâa-Tafilalet,2023.0,8.0,2023-08,2.090238622384393,0.14141045680314707,44.31166759893444,0.010280483401605764
Marrakech-Safi,2023.0,8.0,2023-08,2.361372981612053,0.16573411791176268,41.674130268117516,0.0340334883955458
l'Oriental,2023.0,8.0,2023-08,0.7939366749451858,0.13941067376271232,42.55997964610615,0.017665061772931975
Béni Mellal-Khénifra,2023.0,8.0,2023-08,3.4642666358274754,0.2265750630331812,42.221091985275066,0.02086361548952225
Casablanca-Settat,2023.0,8.0,2023-08,0.47701923712781424,0.21586493492191072,42.80735223111078,0.06529059914755368
Rabat-Salé-Kénitra,2023.0,8.0,2023-08,0.5973498575499383,0.2621215809142386,42.370736190589064,0.05746612241207469
Fès-Meknès,2023.0,9.0,2023-09,15.629189391601518,0.22259081713939455,35.67200476449576,0.07093642324519565
Guelmim-Oued Noun,2023.0,9.0,2023-09,2.4238887552291706,0.12322500204919898,40.3622685004683,0.11703806067958995
Laâyoune-Sakia El Hamra,2023.0,9.0,2023-09,6.540056233227979,0.11268008521674695,39.10507064057681,0.24653095724448826
Souss-Massa,2023.0,9.0,2023-09,5.684514891304803,0.15742253612016283,40.56282259989797,0.04033572659096375
Dakhla-Oued Ed-Dahab,2023.0,9.0,2023-09,13.89902830008162,0.15547329192546586,39.84420041679469,0.20558563342703406
Tanger-Tétouan-Al Hoceima,2023.0,9.0,2023-09,15.244624535249011,0.3496373320409287,33.39711884130345,0.16766555817139614
Drâa-Tafilalet,2023.0,9.0,2023-09,16.456449809607317,0.1472264338146414,39.97779266138037,0.019751483014061714
Marrakech-Safi,2023.0,9.0,2023-09,4.814492783161638,0.1682859426187549,38.45031079267783,0.0640698587291742
l'Oriental,2023.0,9.0,2023-09,31.874207797499746,0.14907890672593643,35.857066018859754,0.06597530860796194
Béni Mellal-Khénifra,2023.0,9.0,2023-09,8.03785592298644,0.22709919357306343,37.45106242839907,0.05076207371039546
Casablanca-Settat,2023.0,9.0,2023-09,5.607003716330772,0.22097048210956607,40.229576037809245,0.10779721422562745
Rabat-Salé-Kénitra,2023.0,9.0,2023-09,7.520700315582145,0.26267004095829716,38.22169817939938,0.10380893430147752
Fès-Meknès,2023.0,10.0,2023-10,40.701382029834065,0.23399903374921457,28.214307737123697,0.12482742202446391
Guelmim-Oued Noun,2023.0,10.0,2023-10,6.308512862330903,0.12560370768404086,37.52257509766622,0.0776082438175611
Laâyoune-Sakia El Hamra,2023.0,10.0,2023-10,1.1455406241686334,0.11461432011856244,38.75527638709686,0.1892104930503388
Souss-Massa,2023.0,10.0,2023-10,22.356756033782897,0.16126369611810948,34.97120439015889,0.05799067560224291
Dakhla-Oued Ed-Dahab,2023.0,10.0,2023-10,0.14828850547924313,0.13677577639751554,41.17823838223834,0.15981429902897715
Tanger-Tétouan-Al Hoceima,2023.0,10.0,2023-10,76.5638687877485,0.3635460372689253,26.212553910184397,0.2707075613596331
Drâa-Tafilalet,2023.0,10.0,2023-10,28.638213263241937,0.14898049405507574,32.60136818343436,0.05321814981305979
Marrakech-Safi,2023.0,10.0,2023-10,25.75372311185125,0.18293058394985623,31.955152082688272,0.0875110742727289
l'Oriental,2023.0,10.0,2023-10,16.371589595154393,0.15055721537547648,28.823376400770467,0.09277605386542713
Béni Mellal-Khénifra,2023.0,10.0,2023-10,34.83645002959107,0.24290260486151055,29.29726980005198,0.09943392279236402
Casablanca-Settat,2023.0,10.0,2023-10,32.2736456711947,0.2388476141328515,33.49818323546864,0.14262621985560567
Rabat-Salé-Kénitra,2023.0,10.0,2023-10,55.82246646449176,0.2701190664977318,30.821686196967544,0.15134475938647995
Fès-Meknès,2023.0,11.0,2023-11,11.250679752434568,0.2566006050848218,21.857876669306588,0.12398634161138991
Guelmim-Oued Noun,2023.0,11.0,2023-11,7.87611775897853,0.12790157287406992,31.248261845731466,0.08335687283377043
Laâyoune-Sakia El Hamra,2023.0,11.0,2023-11,4.212131949227444,0.11357262412004442,31.887897727309873,0.2676840267394639
Souss-Massa,2023.0,11.0,2023-11,13.946654001721505,0.16693019420792599,29.124849257660458,0.04259424913838801
Dakhla-Oued Ed-Dahab,2023.0,11.0,2023-11,1.6162388859874344,0.1420916149068323,33.663705556528754,0.1428545507569485
Tanger-Tétouan-Al Hoceima,2023.0,11.0,2023-11,8.767275324062998,0.4417581784147617,20.067688025970796,0.28007511045650413
Drâa-Tafilalet,2023.0,11.0,2023-11,18.144970464735604,0.15201582888288173,27.235180205767612,0.04063200258566817
Marrakech-Safi,2023.0,11.0,2023-11,10.520183680487998,0.18413798009657348,25.88647227531424,0.08433241869332152
l'Oriental,2023.0,11.0,2023-11,8.094514476303463,0.15172932214047138,22.975214324196774,0.10207986014597623
Béni Mellal-Khénifra,2023.0,11.0,2023-11,19.805878962439024,0.2508938750719068,23.781456535353723,0.08313403701655878
Casablanca-Settat,2023.0,11.0,2023-11,10.026357885758774,0.2664582053112508,26.884084988849587,0.1569207642857176
Rabat-Salé-Kénitra,2023.0,11.0,2023-11,11.137407219541592,0.32236962683449627,24.109780808062453,0.19199186508821853
Fès-Meknès,2023.0,12.0,2023-12,30.743963599637258,0.2754807107755142,15.440531646713092,0.1572092607622739
Guelmim-Oued Noun,2023.0,12.0,2023-12,15.659115104722543,0.13393364147214462,24.991821294046918,0.04700028591501961
Laâyoune-Sakia El Hamra,2023.0,12.0,2023-12,19.16584333109384,0.11437392089662834,25.86947077701158,0.1636357685972051
Souss-Massa,2023.0,12.0,2023-12,17.82020983522628,0.17239108661247157,22.514007794403266,0.04278348241053605
Dakhla-Oued Ed-Dahab,2023.0,12.0,2023-12,3.575850466340135,0.16779503105590063,28.166800933369363,0.06475775701821485
Tanger-Tétouan-Al Hoceima,2023.0,12.0,2023-12,46.35050963229092,0.5146714661213513,14.908356074416295,0.4006689389437292
Drâa-Tafilalet,2023.0,12.0,2023-12,21.479796595787324,0.15077185918990788,19.604255211216515,0.05026324465157712
Marrakech-Safi,2023.0,12.0,2023-12,18.758968876026056,0.1871097846976191,19.881226399581394,0.09336532796783303
l'Oriental,2023.0,12.0,2023-12,13.896879568933368,0.15099099577067018,16.536516813275586,0.15856320775306362
Béni Mellal-Khénifra,2023.0,12.0,2023-12,35.00917132857674,0.2552740847949281,17.17991421901882,0.09106215348326133
Casablanca-Settat,2023.0,12.0,2023-12,29.529091757812076,0.30335177348501263,20.17130544018662,0.23918100222501126
Rabat-Salé-Kénitra,2023.0,12.0,2023-12,40.564326777976135,0.36764426810883455,18.211571574148362,0.2772670461751218
Fès-Meknès,2024.0,1.0,2024-01,43.71344397781612,0.3005552153083204,15.81427329886707,0.13740229944046142
Guelmim-Oued Noun,2024.0,1.0,2024-01,9.342559561266576,0.13232714596672104,25.111965280068766,0.0321041104414529
Laâyoune-Sakia El Hamra,2024.0,1.0,2024-01,5.541647103508085,0.11303629585031497,26.358659348124785,0.10846715614511925
Souss-Massa,2024.0,1.0,2024-01,18.264448276299607,0.16814650282367097,22.926783977920152,0.036465107656674545
Dakhla-Oued Ed-Dahab,2024.0,1.0,2024-01,2.6591919686347887,0.11294347826086958,28.593456511313107,0.05051394791861842
Tanger-Tétouan-Al Hoceima,2024.0,1.0,2024-01,74.00148234563996,0.5485739237514038,15.737929629167208,0.35826150815858526
Drâa-Tafilalet,2024.0,1.0,2024-01,18.23032563416945,0.14714156205358112,19.963887074717096,0.04072189505151591
Marrakech-Safi,2024.0,1.0,2024-01,21.203641383042733,0.1891796639323982,21.483954964613986,0.07996777704148914
l'Oriental,2024.0,1.0,2024-01,18.9771591428538,0.15003753076080945,17.117827202568645,0.09736358657790288
Béni Mellal-Khénifra,2024.0,1.0,2024-01,42.345896812522994,0.26819752977246875,17.482216887897756,0.09307777812751832
Casablanca-Settat,2024.0,1.0,2024-01,32.72395037509005,0.3199320692650933,21.674913477841603,0.25947572959885773
Rabat-Salé-Kénitra,2024.0,1.0,2024-01,49.09556737087578,0.42287357211300525,18.441972362953823,0.27977097177028093
Fès-Meknès,2024.0,2.0,2024-02,49.29242652916993,0.3415757267076562,18.033585456035134,0.20597324498119635
Guelmim-Oued Noun,2024.0,2.0,2024-02,6.5415378864034555,0.13085346086940666,27.543520018083612,0.07151855687999935
Laâyoune-Sakia El Hamra,2024.0,2.0,2024-02,2.2064754626888767,0.11293078918117821,27.769705111178723,0.21147375190459797
Souss-Massa,2024.0,2.0,2024-02,23.503752737766963,0.1716979652113483,25.67388067562247,0.047614458258524464
Dakhla-Oued Ed-Dahab,2024.0,2.0,2024-02,0.4459232612149624,0.12367608695652177,29.66499187452897,0.12866581227788998
Tanger-Tétouan-Al Hoceima,2024.0,2.0,2024-02,101.23655894671751,0.5700455743371898,17.40993896866028,0.41244673845825597
Drâa-Tafilalet,2024.0,2.0,2024-02,23.004546550166662,0.14722314344739676,23.152318366898193,0.059720671178278936
Marrakech-Safi,2024.0,2.0,2024-02,36.31501249133862,0.19803797877264379,22.934103968906477,0.11421911619012502
l'Oriental,2024.0,2.0,2024-02,18.54035910856349,0.1497124326181644,19.31855440431132,0.13324513223102055
Béni Mellal-Khénifra,2024.0,2.0,2024-02,51.44529280874091,0.2894685646487889,20.01594421617,0.13957985416368088
Casablanca-Settat,2024.0,2.0,2024-02,48.28660454791787,0.336852030174242,24.430873826135034,0.2851174779431078
Rabat-Salé-Kénitra,2024.0,2.0,2024-02,70.70221442022822,0.4755111758936358,20.731566646012578,0.3562335258192433
Fès-Meknès,2024.0,3.0,2024-03,78.51167966101895,0.3709125144735669,22.204302667319304,0.21011156542582798
Guelmim-Oued Noun,2024.0,3.0,2024-03,5.077435082868295,0.13031612309766027,32.26628216983749,0.13161765002969555
Laâyoune-Sakia El Hamra,2024.0,3.0,2024-03,1.7361723279638033,0.11264991663579102,32.22800789661895,0.22197133076883208
Souss-Massa,2024.0,3.0,2024-03,22.192490561061337,0.17529582596025262,30.233422076937426,0.10992319643499852
Dakhla-Oued Ed-Dahab,2024.0,3.0,2024-03,0.1143751103598978,0.16923726708074535,33.70869900449527,0.289215654944507
Tanger-Tétouan-Al Hoceima,2024.0,3.0,2024-03,197.41663540171393,0.5617388873777855,19.940797802472257,0.42803591215475206
Drâa-Tafilalet,2024.0,3.0,2024-03,27.05512198042772,0.14223873222566544,29.501101376413086,0.050916351080222494
Marrakech-Safi,2024.0,3.0,2024-03,47.69889070721093,0.21297463806135664,25.90212614296036,0.1541929131184028
l'Oriental,2024.0,3.0,2024-03,21.707497085484597,0.14811472518332228,25.61146966601783,0.07400652889315533
Béni Mellal-Khénifra,2024.0,3.0,2024-03,51.23866458268039,0.3155568290026071,22.713776645740136,0.16210211787005402
Casablanca-Settat,2024.0,3.0,2024-03,50.05009510092285,0.3575208258033464,25.137211790139908,0.26142231217675105
Rabat-Salé-Kénitra,2024.0,3.0,2024-03,112.29775695218439,0.5203532214487785,21.866992774092473,0.3696806491034089
Fès-Meknès,2024.0,4.0,2024-04,33.59679177786687,0.3598816322592228,28.4809936851526,0.1722916853753839
Guelmim-Oued Noun,2024.0,4.0,2024-04,2.178292328831225,0.12866239173398664,37.20486608050328,0.0734471920383956
Laâyoune-Sakia El Hamra,2024.0,4.0,2024-04,2.6208211520223643,0.10804450259355315,36.792799704137465,0.2105258896237052
Souss-Massa,2024.0,4.0,2024-04,11.346686883875313,0.16835195083920246,36.4543496867398,0.03657566245203296
Dakhla-Oued Ed-Dahab,2024.0,4.0,2024-04,0.8015306457380238,0.0713832298136646,38.988275781535606,0.16747580908888507
Tanger-Tétouan-Al Hoceima,2024.0,4.0,2024-04,41.983101315603584,0.5340438986395266,26.22854663503562,0.3328599571120051
Drâa-Tafilalet,2024.0,4.0,2024-04,18.415418587214678,0.1422784582756425,35.0278286533488,0.036565684975611176
Marrakech-Safi,2024.0,4.0,2024-04,17.09331940829243,0.21452063050266182,34.67334124551979,0.0798751372704734
l'Oriental,2024.0,4.0,2024-04,20.438955160589195,0.1454625726255938,30.940389930849708,0.07010766755583644
Béni Mellal-Khénifra,2024.0,4.0,2024-04,33.615785902108506,0.31779581930896067,32.05543081247042,0.1119299629036528
Casablanca-Settat,2024.0,4.0,2024-04,21.058707058700318,0.34955716919487584,35.6033297460974,0.14979463374498053
Rabat-Salé-Kénitra,2024.0,4.0,2024-04,32.96540060384616,0.48781626898885094,30.50394046599365,0.2530089598152079
Fès-Meknès,2024.0,5.0,2024-05,15.50045234987579,0.2767730939772015,32.866286032198836,0.10863348267093857
Guelmim-Oued Noun,2024.0,5.0,2024-05,3.370660943401427,0.12298406497326934,36.10638357654064,0.29378847596445595
Laâyoune-Sakia El Hamra,2024.0,5.0,2024-05,1.1656789498596762,0.10918518432752872,36.04473062588999,0.39382408224811166
Souss-Massa,2024.0,5.0,2024-05,7.005927541508318,0.1590475003503974,40.18659749241316,0.07073892438614747
Dakhla-Oued Ed-Dahab,2024.0,5.0,2024-05,0.014110927013463729,0.0559472049689441,38.42101662158162,0.3111637013804318
Tanger-Tétouan-Al Hoceima,2024.0,5.0,2024-05,12.747599913049093,0.442021681247435,29.15637980605154,0.24522447263778396
Drâa-Tafilalet,2024.0,5.0,2024-05,10.338933099240673,0.1405920498450582,40.77240521247029,0.026067001714787742
Marrakech-Safi,2024.0,5.0,2024-05,9.30075041595804,0.17771346339236962,35.08034055502763,0.10175312766479162
l'Oriental,2024.0,5.0,2024-05,9.31000210141061,0.13701059691920753,35.75769567867076,0.05546175969440578
Béni Mellal-Khénifra,2024.0,5.0,2024-05,20.09591694557425,0.26216132730744285,35.630772704823336,0.08199892788340853
Casablanca-Settat,2024.0,5.0,2024-05,5.962510610131617,0.23879793168988803,36.00279553436859,0.1620565336923711
Rabat-Salé-Kénitra,2024.0,5.0,2024-05,11.076681522012084,0.31663524815738225,34.012839517422414,0.1642715353208027
Fès-Meknès,2024.0,6.0,2024-06,6.6516766040186015,0.23355260569069192,36.615708466643326,0.08673348033216041
Guelmim-Oued Noun,2024.0,6.0,2024-06,0.7030435825378963,0.12386026603156673,36.44027469811532,0.26736109987669193
Laâyoune-Sakia El Hamra,2024.0,6.0,2024-06,0.477076928495419,0.1102674462763987,35.48211817741443,0.5236190479979155
Souss-Massa,2024.0,6.0,2024-06,1.9594703817218746,0.15531212230047764,41.79241975732829,0.0706565164848319
Dakhla-Oued Ed-Dahab,2024.0,6.0,2024-06,0.5991222462877623,0.1282503105590062,35.45572395419066,0.3762011178261225
Tanger-Tétouan-Al Hoceima,2024.0,6.0,2024-06,3.739427109161707,0.38885014272004087,33.9425563990511,0.2007627304966634
Drâa-Tafilalet,2024.0,6.0,2024-06,4.237743379243923,0.13583664864508457,42.23060582140195,0.02570925693954475
Marrakech-Safi,2024.0,6.0,2024-06,2.527656616677362,0.1717177182509214,37.91667959381981,0.0992909282106252
l'Oriental,2024.0,6.0,2024-06,6.272369524865262,0.1346702768210855,37.77599889536957,0.05009236570005171
Béni Mellal-Khénifra,2024.0,6.0,2024-06,5.944533014176234,0.23318623948937006,37.8911443475339,0.0673564096827898
Casablanca-Settat,2024.0,6.0,2024-06,1.5765565263962338,0.23412547610404344,39.18299056816089,0.15455698557809722
Rabat-Salé-Kénitra,2024.0,6.0,2024-06,3.200803807930584,0.27709461094158694,38.038172413374184,0.1362339516630521
Fès-Meknès,2024.0,7.0,2024-07,0.5239495896219234,0.2116958216273226,39.60477161721852,0.02139176603955836
Guelmim-Oued Noun,2024.0,7.0,2024-07,0.04583348556488577,0.11547075838577756,40.19581404725966,0.1109795698388817
Laâyoune-Sakia El Hamra,2024.0,7.0,2024-07,0.013177377516424511,0.10349914320118561,36.72906224063958,0.6586907842832869
Souss-Massa,2024.0,7.0,2024-07,0.017817957083617057,0.1400071853428638,43.10854074317831,0.015577475358890256
Dakhla-Oued Ed-Dahab,2024.0,7.0,2024-07,0.5282581603554342,0.10053664596273292,36.56491999431134,0.3700274582469135
Tanger-Tétouan-Al Hoceima,2024.0,7.0,2024-07,0.08127251399756492,0.36382927618727373,36.9698502434761,0.10477109173525184
Drâa-Tafilalet,2024.0,7.0,2024-07,0.062364659750672825,0.12862643568273227,44.107571545127854,0.00513899323507173
Marrakech-Safi,2024.0,7.0,2024-07,0.0017163904923357366,0.16001821793477142,39.466727526080334,0.03834087601269529
l'Oriental,2024.0,7.0,2024-07,0.09898689771007774,0.13144728369045913,41.621943772213925,0.008944644028449978
Béni Mellal-Khénifra,2024.0,7.0,2024-07,0.2336656901894255,0.21402199184852458,40.80324178593799,0.016454251392663658
Casablanca-Settat,2024.0,7.0,2024-07,0.0,0.2180543733455159,40.44099515109359,0.09388866072686525
Rabat-Salé-Kénitra,2024.0,7.0,2024-07,0.009885564933991722,0.2658931283602149,39.70922004847652,0.08488348205149714
Fès-Meknès,2024.0,8.0,2024-08,5.3650864819125506,0.21663498518983898,38.33598163736473,0.03432255647073111
Guelmim-Oued Noun,2024.0,8.0,2024-08,0.7131990622756957,0.11632005163981458,40.69338902829291,0.11619855061489598
Laâyoune-Sakia El Hamra,2024.0,8.0,2024-08,1.4438619185742212,0.1077215820674324,38.173578446680985,0.6525125083519366
Souss-Massa,2024.0,8.0,2024-08,1.2575181604575707,0.14203091164721968,43.2059306746545,0.01599001944214998
Dakhla-Oued Ed-Dahab,2024.0,8.0,2024-08,3.9688268298382745,0.16009223602484474,39.85618899640073,0.32822278946056704
Tanger-Tétouan-Al Hoceima,2024.0,8.0,2024-08,1.8789411928659108,0.36314140225381625,36.29975713156036,0.1423188816792489
Drâa-Tafilalet,2024.0,8.0,2024-08,4.800697953382051,0.1330433286081625,41.7533681905066,0.008305989052222103
Marrakech-Safi,2024.0,8.0,2024-08,1.4109291941493143,0.15906235050499876,38.68907098544628,0.051179540898434274
l'Oriental,2024.0,8.0,2024-08,8.445322892716751,0.1363957809727254,39.0654245531328,0.027030015950533986
Béni Mellal-Khénifra,2024.0,8.0,2024-08,3.5456821072905362,0.21700217066692773,39.89078324957617,0.02382979059710915
Casablanca-Settat,2024.0,8.0,2024-08,0.9153042446943301,0.20937364082878168,39.732055915870475,0.1178395142965656
Rabat-Salé-Kénitra,2024.0,8.0,2024-08,1.2469720186810345,0.2654360260462075,39.01401115322942,0.10467829869869967
Fès-Meknès,2024.0,9.0,2024-09,21.664273606607882,0.22959246016964385,32.4566005911504,0.1235251720542554
Guelmim-Oued Noun,2024.0,9.0,2024-09,11.979720255756952,0.11960023406406248,37.21017881481041,0.13298090895682443
Laâyoune-Sakia El Hamra,2024.0,9.0,2024-09,12.811678971581228,0.11331973416080028,36.95695111098362,0.578182652754974
Souss-Massa,2024.0,9.0,2024-09,16.54447420011828,0.15297842294754532,35.87729153089905,0.06100558908251121
Dakhla-Oued Ed-Dahab,2024.0,9.0,2024-09,16.194634198367233,0.15690124223602486,39.10969734444986,0.3336773558032545
Tanger-Tétouan-Al Hoceima,2024.0,9.0,2024-09,14.451103069200924,0.3643254321067025,31.281275115495145,0.19277829646442812
Drâa-Tafilalet,2024.0,9.0,2024-09,46.27675322600798,0.14990626282938838,34.16871883733993,0.08848065906763639
Marrakech-Safi,2024.0,9.0,2024-09,8.397010182084847,0.1666848082337886,34.515527742482,0.08973966398831396
l'Oriental,2024.0,9.0,2024-09,42.11208553001603,0.14072665033647938,31.945821975735168,0.11083123807317503
Béni Mellal-Khénifra,2024.0,9.0,2024-09,19.33621076453346,0.22962012915682417,34.23752458490541,0.10107295316158725
Casablanca-Settat,2024.0,9.0,2024-09,5.683435408732172,0.22017575884262733,36.174722855330785,0.1372125046588125
Rabat-Salé-Kénitra,2024.0,9.0,2024-09,9.486665887023586,0.2715580201337713,35.357559843818365,0.14179729036428274
Fès-Meknès,2024.0,10.0,2024-10,51.60836705710073,0.254127941724262,24.46910765491435,0.21079644308138185
Guelmim-Oued Noun,2024.0,10.0,2024-10,5.180470567440225,0.12429422080346815,32.919856691559424,0.14411930400075887
Laâyoune-Sakia El Hamra,2024.0,10.0,2024-10,3.207395596176787,0.1198263477213783,34.222682493589666,0.3471799786944252
Souss-Massa,2024.0,10.0,2024-10,17.702670417253554,0.16646318940747737,30.8004919410516,0.10856623710460823
Dakhla-Oued Ed-Dahab,2024.0,10.0,2024-10,2.2485615423029683,0.1364413043478261,36.65414505847419,0.25212883322867996
Tanger-Tétouan-Al Hoceima,2024.0,10.0,2024-10,86.43491231977629,0.41579125286213753,21.973989353643866,0.3641723111778742
Drâa-Tafilalet,2024.0,10.0,2024-10,40.76330826548215,0.17156372475330223,28.29034330281279,0.13994369514737276
Marrakech-Safi,2024.0,10.0,2024-10,26.27893899510946,0.1777858387913407,27.301498457070267,0.14321102039189537
l'Oriental,2024.0,10.0,2024-10,14.615373216451761,0.15049311516026675,25.415164501625462,0.16569196072917033
Béni Mellal-Khénifra,2024.0,10.0,2024-10,53.853407754682415,0.24631413381393574,24.834420349183592,0.1737914907143088
Casablanca-Settat,2024.0,10.0,2024-10,37.939133424941026,0.24973018779036366,28.35067064263357,0.1975134038056403
Rabat-Salé-Kénitra,2024.0,10.0,2024-10,54.20221621774399,0.3054901250544901,26.38782147543377,0.22520807947125676
Fès-Meknès,2024.0,11.0,2024-11,20.477430229553306,0.2812265382371421,19.514430966981163,0.1699667834595139
Guelmim-Oued Noun,2024.0,11.0,2024-11,9.022942401993353,0.12123105401688532,29.508821730587023,0.04863952606653017
Laâyoune-Sakia El Hamra,2024.0,11.0,2024-11,4.4430108696920385,0.11955277880696559,30.659408681543177,0.12277547301920012
Souss-Massa,2024.0,11.0,2024-11,19.28649170378375,0.16836734440609466,25.28222030803379,0.05999434579944272
Dakhla-Oued Ed-Dahab,2024.0,11.0,2024-11,1.8824829106675953,0.0940496894409938,32.410884020149496,0.10056383969941127
Tanger-Tétouan-Al Hoceima,2024.0,11.0,2024-11,22.42477073571752,0.4812707656004196,19.905268423024122,0.35476704359671435
Drâa-Tafilalet,2024.0,11.0,2024-11,24.344273103787906,0.17991662227203792,22.407375910327435,0.17059676957405906
Marrakech-Safi,2024.0,11.0,2024-11,18.002372920505078,0.18077821892852444,23.949118234333117,0.06715850839693889
l'Oriental,2024.0,11.0,2024-11,10.230912574122971,0.15449140273507583,20.186043129959113,0.18000816261684577
Béni Mellal-Khénifra,2024.0,11.0,2024-11,32.26143027233266,0.2733708018677403,20.52974747582755,0.130319132738839
Casablanca-Settat,2024.0,11.0,2024-11,10.694663599811479,0.27806830821576933,25.335311237050906,0.12617422251744753
Rabat-Salé-Kénitra,2024.0,11.0,2024-11,17.960026171841204,0.34334542948866426,23.893806009136448,0.17384759136817438
Fès-Meknès,2024.0,12.0,2024-12,21.250307332591373,0.27800417253837184,14.415112127406157,0.2391288979727491
Guelmim-Oued Noun,2024.0,12.0,2024-12,13.613093429636615,0.1228916998333317,22.6822345353181,0.06588405115482866
Laâyoune-Sakia El Hamra,2024.0,12.0,2024-12,14.755052898841463,0.12214265931826605,23.839205581326603,0.16073000646572982
Souss-Massa,2024.0,12.0,2024-12,26.187195238560236,0.17305056793627446,19.931745348054335,0.08561180578106753
Dakhla-Oued Ed-Dahab,2024.0,12.0,2024-12,4.20290428780238,0.09217422360248448,25.40723181362057,0.13091513211282874
Tanger-Tétouan-Al Hoceima,2024.0,12.0,2024-12,29.332314671692195,0.4939461587169669,14.796174154076674,0.3893491826785318
Drâa-Tafilalet,2024.0,12.0,2024-12,31.333942677921055,0.17980636238763997,16.778479802256356,0.15805262959965755
Marrakech-Safi,2024.0,12.0,2024-12,18.498034912887938,0.18217069656484486,18.481000587274337,0.12526807451249358
l'Oriental,2024.0,12.0,2024-12,10.08578486482692,0.1564523147349502,14.52823698021655,0.23456557267031428
Béni Mellal-Khénifra,2024.0,12.0,2024-12,37.81278758919696,0.2627041145979952,15.627381540827214,0.17023794484616256
Casablanca-Settat,2024.0,12.0,2024-12,14.179101128717338,0.2707898227381372,20.363789185097325,0.24792135439012397
Rabat-Salé-Kénitra,2024.0,12.0,2024-12,22.787607438080816,0.3457299994551001,18.45396146182635,0.2877830775388641
Fès-Meknès,2025.0,1.0,2025-01,38.721137736109945,0.28218239307512766,12.094560313515611,0.23110907438420628
Guelmim-Oued Noun,2025.0,1.0,2025-01,7.116424557579461,0.12144028952904856,22.750365194093746,0.07594801607477143
Laâyoune-Sakia El Hamra,2025.0,1.0,2025-01,3.7588923837236954,0.12058211837717674,24.10142099371442,0.23632905902109722
Souss-Massa,2025.0,1.0,2025-01,15.909549584016643,0.17016893699154947,19.165774385781834,0.07206859255667775
Dakhla-Oued Ed-Dahab,2025.0,1.0,2025-01,1.951795809371292,0.14297981366459628,24.973381370597195,0.13802487612070286
Tanger-Tétouan-Al Hoceima,2025.0,1.0,2025-01,72.23767069605768,0.49295034791080433,13.417596229242132,0.38830090158645303
Drâa-Tafilalet,2025.0,1.0,2025-01,15.87653665914362,0.17647543504538354,15.665680992730264,0.12673042139019502
Marrakech-Safi,2025.0,1.0,2025-01,18.040080372577417,0.18081789227605854,17.692586572528736,0.13763284564283043
l'Oriental,2025.0,1.0,2025-01,24.911480560355013,0.15687312608245058,13.043256058645543,0.2521026182359664
Béni Mellal-Khénifra,2025.0,1.0,2025-01,38.69824357002591,0.26641761547923587,13.298774772022579,0.15674044851228922
Casablanca-Settat,2025.0,1.0,2025-01,26.898515818623768,0.2752727316295237,18.732870225259354,0.3009051395860019
Rabat-Salé-Kénitra,2025.0,1.0,2025-01,49.706244556620796,0.36360173164596044,16.356893748177615,0.3177010818671149
Fès-Meknès,2025.0,2.0,2025-02,38.17953706242368,0.32048239745085777,15.006697488136005,0.25936819504831715
Guelmim-Oued Noun,2025.0,2.0,2025-02,5.543262678025442,0.12350966265630826,25.7403695095089,0.07984115165219477
Laâyoune-Sakia El Hamra,2025.0,2.0,2025-02,2.8823198186373515,0.1171517645424231,26.62855476942875,0.17865199499774415
Souss-Massa,2025.0,2.0,2025-02,12.858931176350946,0.16740200354485696,22.378901792918697,0.07767773100266913
Dakhla-Oued Ed-Dahab,2025.0,2.0,2025-02,2.101997280305455,0.10491801242236026,27.336440627195927,0.16768782501890583
Tanger-Tétouan-Al Hoceima,2025.0,2.0,2025-02,63.93085889512605,0.5078751015048936,15.74449439380698,0.3944499801921182
Drâa-Tafilalet,2025.0,2.0,2025-02,19.389297141509157,0.17155155282301485,18.87678121184537,0.13803289048423448
Marrakech-Safi,2025.0,2.0,2025-02,20.491736075658206,0.1887902630063349,19.375559007537888,0.1439674943663231
l'Oriental,2025.0,2.0,2025-02,19.68851695817971,0.15778422432667782,15.896089635059901,0.2188768557074474
Béni Mellal-Khénifra,2025.0,2.0,2025-02,36.37454644039544,0.2858225037636318,15.820910382330068,0.18479957457591473
Casablanca-Settat,2025.0,2.0,2025-02,30.35802156630496,0.3382327314782709,20.190479934335812,0.3259104117333439
Rabat-Salé-Kénitra,2025.0,2.0,2025-02,40.345948583341496,0.42150129857449736,18.84035095312731,0.3628941519590875
Fès-Meknès,2025.0,3.0,2025-03,72.81898988217299,0.37094991102683805,18.759903530166422,0.28541541221247374
Guelmim-Oued Noun,2025.0,3.0,2025-03,11.989826632030715,0.1291680388710281,27.79094224341605,0.16957054699273336
Laâyoune-Sakia El Hamra,2025.0,3.0,2025-03,4.988480634209,0.11665351055946648,30.30268662705762,0.2134763001669305
Souss-Massa,2025.0,3.0,2025-03,51.6802248957012,0.18095739032551958,25.751859865275506,0.1577211051695549
Dakhla-Oued Ed-Dahab,2025.0,3.0,2025-03,1.4339055557022518,0.1349686335403727,31.035651324140087,0.3651492999235713
Tanger-Tétouan-Al Hoceima,2025.0,3.0,2025-03,153.48206749665212,0.47210825644957816,16.714808398884614,0.4443518040738203
Drâa-Tafilalet,2025.0,3.0,2025-03,43.42187517221745,0.17231546592382602,26.405363369074575,0.10551430002128347
Marrakech-Safi,2025.0,3.0,2025-03,66.83381914037949,0.239714202238373,22.06266604735924,0.18524112125428335
l'Oriental,2025.0,3.0,2025-03,29.912898233461032,0.16724244278238837,22.596625058097906,0.14052221441897536
Béni Mellal-Khénifra,2025.0,3.0,2025-03,54.133596479161284,0.3442506323207226,18.801338633713716,0.24665995236690497
Casablanca-Settat,2025.0,3.0,2025-03,63.50704400623587,0.48331395130666127,20.83424512551919,0.3264812712486599
Rabat-Salé-Kénitra,2025.0,3.0,2025-03,110.83473545289026,0.48278978646975773,19.622389394105102,0.36246156841588284
Fès-Meknès,2025.0,4.0,2025-04,50.88414512347726,0.393189146508392,24.966212295956165,0.24115916382646707
Guelmim-Oued Noun,2025.0,4.0,2025-04,4.605437987293599,0.12948190511753285,34.1391801710837,0.1072239323777992
Laâyoune-Sakia El Hamra,2025.0,4.0,2025-04,3.767656960846104,0.11339457206372729,33.00597301119228,0.34836846279986927
Souss-Massa,2025.0,4.0,2025-04,24.29005840358295,0.18813857761893105,32.61576677226966,0.0635443413101094
Dakhla-Oued Ed-Dahab,2025.0,4.0,2025-04,0.7224342266417036,0.08712360248447207,34.39219281834448,0.3031443875860592
Tanger-Tétouan-Al Hoceima,2025.0,4.0,2025-04,61.041874733740244,0.520375227310954,23.618677437882397,0.39628822398140245
Drâa-Tafilalet,2025.0,4.0,2025-04,53.959309993777715,0.17558712160172313,30.601056330195117,0.08261387768152684
Marrakech-Safi,2025.0,4.0,2025-04,31.891933800061423,0.25063103727386365,28.870251581191596,0.11483949024394313
l'Oriental,2025.0,4.0,2025-04,41.03386420335747,0.16473954171587382,28.08817394066642,0.1063569790013389
Béni Mellal-Khénifra,2025.0,4.0,2025-04,65.7208051160091,0.36484514751600305,26.790662094388566,0.18215146320075276
Casablanca-Settat,2025.0,4.0,2025-04,32.45626312098437,0.43228350491705686,29.505926018372676,0.24980762524421807
Rabat-Salé-Kénitra,2025.0,4.0,2025-04,46.59027001136839,0.4947999341579487,27.550454223769307,0.3211344667334363
Fès-Meknès,2025.0,5.0,2025-05,20.605986495092065,0.31377695628758623,29.806932519783746,0.15402164926256706
Guelmim-Oued Noun,2025.0,5.0,2025-05,3.85092841292084,0.11899221896374287,36.245587990593904,0.13632830034375534
Laâyoune-Sakia El Hamra,2025.0,5.0,2025-05,1.4038967227976529,0.10778382271211559,35.17776011564165,0.3384761802365749
Souss-Massa,2025.0,5.0,2025-05,9.2815947577142,0.1710895009168738,36.08935976311374,0.06294042007663658
Dakhla-Oued Ed-Dahab,2025.0,5.0,2025-05,0.05276081197354062,0.1387726708074534,35.94684475974787,0.3403461052826963
Tanger-Tétouan-Al Hoceima,2025.0,5.0,2025-05,21.71768359921693,0.4627028080135706,28.637244724684702,0.26591182256493445
Drâa-Tafilalet,2025.0,5.0,2025-05,18.032118167761382,0.17231579712533768,36.32309077652773,0.0537344591749601
Marrakech-Safi,2025.0,5.0,2025-05,12.956569860249404,0.20224427291261488,33.63933211963318,0.0870613105823905
l'Oriental,2025.0,5.0,2025-05,19.737861447181658,0.15554738224775044,33.360382117038505,0.08011851939143201
Béni Mellal-Khénifra,2025.0,5.0,2025-05,23.619915289865443,0.2991934635203113,31.37840402034618,0.11740078793338353
Casablanca-Settat,2025.0,5.0,2025-05,7.684502277853309,0.27131111201748986,34.504797532581826,0.13667795689136336
Rabat-Salé-Kénitra,2025.0,5.0,2025-05,14.220140477948267,0.36890855142754647,32.36016417754046,0.19266358034697678
Fès-Meknès,2025.0,6.0,2025-06,10.203053979697506,0.24327227751099634,37.238413599400005,0.06552191124242994
Guelmim-Oued Noun,2025.0,6.0,2025-06,0.6307433471423405,0.11168301851565132,38.38439831680691,0.12957742309316217
Laâyoune-Sakia El Hamra,2025.0,6.0,2025-06,0.4776913733704272,0.1024182799184883,35.696867712508016,0.6063987063494264
Souss-Massa,2025.0,6.0,2025-06,3.4171212898967176,0.15757257247392475,40.46109863662471,0.026448612370490527
Dakhla-Oued Ed-Dahab,2025.0,6.0,2025-06,0.596078862063439,0.09507701863354039,36.86540099949117,0.43018600455216127
Tanger-Tétouan-Al Hoceima,2025.0,6.0,2025-06,6.509236319473736,0.38420160306023043,34.35178224497439,0.17342616528337465
Drâa-Tafilalet,2025.0,6.0,2025-06,5.581052717698171,0.15454230654271334,41.26232464041788,0.021878883970680024
Marrakech-Safi,2025.0,6.0,2025-06,4.8151716943944605,0.17867709421068786,37.24078552386652,0.050510260065363015
l'Oriental,2025.0,6.0,2025-06,5.859932890691374,0.14380276131090813,40.51658572413085,0.02991420848299931
Béni Mellal-Khénifra,2025.0,6.0,2025-06,9.447562128908979,0.24303431407047488,37.29336410710742,0.05513564275873378
Casablanca-Settat,2025.0,6.0,2025-06,2.354827517277897,0.23868493408816532,38.89305859606768,0.10429898713406022
Rabat-Salé-Kénitra,2025.0,6.0,2025-06,4.66732208915964,0.2859379783021352,38.10995539619487,0.12505622595601842
Fès-Meknès,2025.0,7.0,2025-07,2.2330065205821175,0.2313347373440443,38.73169486220152,0.03936866344690465
Guelmim-Oued Noun,2025.0,7.0,2025-07,0.6604668938631676,0.11170128097705802,38.58901547995516,0.1407076547751474
Laâyoune-Sakia El Hamra,2025.0,7.0,2025-07,0.3041309930354761,0.10854736939607264,36.17017997754194,0.5999987786284404
Souss-Massa,2025.0,7.0,2025-07,0.7598420568865575,0.14778996385000379,42.1431644626615,0.021831818470248825
Dakhla-Oued Ed-Dahab,2025.0,7.0,2025-07,0.4250749503772107,0.05843354037267081,36.562818564791215,0.40037342804337583
Tanger-Tétouan-Al Hoceima,2025.0,7.0,2025-07,1.1762723630781478,0.36884975421226757,36.026881183668344,0.1469372458553568
Drâa-Tafilalet,2025.0,7.0,2025-07,1.4789855542413606,0.1465030080657568,42.143479416490415,0.009569635258686718
Marrakech-Safi,2025.0,7.0,2025-07,0.9555404931780612,0.16778884633923674,38.514983139888734,0.04411215103300068
l'Oriental,2025.0,7.0,2025-07,1.6531320623572556,0.13898264897889356,40.73411197970277,0.021399850398886443
Béni Mellal-Khénifra,2025.0,7.0,2025-07,2.087851970318608,0.22531465735652298,39.47049259932489,0.028564549654048654
Casablanca-Settat,2025.0,7.0,2025-07,0.8086012915510541,0.2246890771452116,39.77930470364391,0.09735524466272127
Rabat-Salé-Kénitra,2025.0,7.0,2025-07,1.026653819333618,0.27325595859275303,38.81061488555184,0.10422094457093815
Fès-Meknès,2025.0,8.0,2025-08,7.842804974799864,0.2277022445247285,37.501624875793325,0.02917818723292815
Guelmim-Oued Noun,2025.0,8.0,2025-08,0.0,0.11336496370640899,39.37388072181294,0.07926784275385512
Laâyoune-Sakia El Hamra,2025.0,8.0,2025-08,0.018970091513322865,0.10888542515746573,36.92541050422448,0.49870026244101306
Souss-Massa,2025.0,8.0,2025-08,0.7196654476668989,0.15075581222187193,41.4254893808193,0.013807163714195598
Dakhla-Oued Ed-Dahab,2025.0,8.0,2025-08,4.138111118861145,0.052382608695652165,36.774854499653394,0.3236087951961464
Tanger-Tétouan-Al Hoceima,2025.0,8.0,2025-08,4.002943763403019,0.3560980344399549,35.267466450243546,0.10299472582762552
Drâa-Tafilalet,2025.0,8.0,2025-08,5.408085972128349,0.1476463320586359,41.27833871798383,0.010430608010526676
Marrakech-Safi,2025.0,8.0,2025-08,2.050384279292053,0.1695765114190899,37.821983118533275,0.031265783287451776
l'Oriental,2025.0,8.0,2025-08,6.493308544460789,0.14121337354308072,38.75539950561873,0.013480043285972758
Béni Mellal-Khénifra,2025.0,8.0,2025-08,5.0654774713117945,0.23002306861437166,38.22307405257613,0.02288310455155261
Casablanca-Settat,2025.0,8.0,2025-08,0.8466050997239151,0.22925595837276067,38.7623046831844,0.06946287378798252
Rabat-Salé-Kénitra,2025.0,8.0,2025-08,2.996830931785929,0.2742751941205319,38.404686793811116,0.07783990708624726
Fès-Meknès,2025.0,9.0,2025-09,19.54247944568177,0.232862240373396,32.16179534096192,0.07822511749706132
Guelmim-Oued Noun,2025.0,9.0,2025-09,4.265805724475777,0.11755086567272942,36.206038523828184,0.08748109254801006
Laâyoune-Sakia El Hamra,2025.0,9.0,2025-09,8.806716075756029,0.11220812337902929,34.73015451933453,0.39421351284512113
Souss-Massa,2025.0,9.0,2025-09,7.968825996121898,0.15524768295460503,35.95368560686709,0.03760914649062979
Dakhla-Oued Ed-Dahab,2025.0,9.0,2025-09,14.50553003027752,0.12705,35.64021014215677,0.20458939378281085
Tanger-Tétouan-Al Hoceima,2025.0,9.0,2025-09,9.508099600364744,0.35835056221184486,31.369892745661108,0.16136588683255929
Drâa-Tafilalet,2025.0,9.0,2025-09,20.814843684236976,0.14909024153315312,35.1123375684012,0.03470867229910751
Marrakech-Safi,2025.0,9.0,2025-09,6.918064122845649,0.1728879464590373,33.572677276755684,0.06065918679584323
l'Oriental,2025.0,9.0,2025-09,21.929764315780098,0.143849343175157,32.798648810587906,0.056047376737234075
Béni Mellal-Khénifra,2025.0,9.0,2025-09,16.226539481616403,0.23773711598717318,32.47310503001517,0.06698081350925177
Casablanca-Settat,2025.0,9.0,2025-09,4.686810217580638,0.2280163835263311,35.337327475090554,0.10190799939130345
Rabat-Salé-Kénitra,2025.0,9.0,2025-09,6.222760164795209,0.2795483416884628,34.923171813493255,0.10615251738879529
Fès-Meknès,2025.0,10.0,2025-10,15.102114305320072,0.24548441297908605,27.38059803384026,0.10626853826546705
Guelmim-Oued Noun,2025.0,10.0,2025-10,5.520498539154887,0.11725471452381166,33.609510597482355,0.13405788278014313
Laâyoune-Sakia El Hamra,2025.0,10.0,2025-10,3.6317784048168793,0.11321963690255649,33.06246582010997,0.4932487230050166
Souss-Massa,2025.0,10.0,2025-10,13.432904496092371,0.15623637215739863,32.348368573757476,0.05894994908944259
Dakhla-Oued Ed-Dahab,2025.0,10.0,2025-10,5.1704210197761435,0.13272919254658386,35.42900424541766,0.27543631473633384
Tanger-Tétouan-Al Hoceima,2025.0,10.0,2025-10,32.26054123062228,0.37930130995077765,26.81123371207394,0.2481076795593763
Drâa-Tafilalet,2025.0,10.0,2025-10,14.888524807868686,0.15476340783719042,31.13380627602718,0.04808219661729268
Marrakech-Safi,2025.0,10.0,2025-10,12.161577206389657,0.1743491522495407,29.732961343114184,0.08624742421540177
l'Oriental,2025.0,10.0,2025-10,9.105207446955703,0.14835337689601305,27.9468137822374,0.08728152123253016
Béni Mellal-Khénifra,2025.0,10.0,2025-10,16.055155445531692,0.24214261961005093,28.62138886258219,0.06846074914894129
Casablanca-Settat,2025.0,10.0,2025-10,12.509085032788164,0.23306204505500333,31.394896481644423,0.13975465413062213
Rabat-Salé-Kénitra,2025.0,10.0,2025-10,17.751774762667186,0.2899529575507685,30.006202951110517,0.1476918188497107
Fès-Meknès,2025.0,11.0,2025-11,44.74262746033003,0.2530344944349698,17.194036439568865,0.16411752932028587
Guelmim-Oued Noun,2025.0,11.0,2025-11,8.441382671560381,0.11885682155575185,26.996862751468726,0.08733338893467642
Laâyoune-Sakia El Hamra,2025.0,11.0,2025-11,4.50694366051021,0.11328848184512783,28.094987471376072,0.313842428744871
Souss-Massa,2025.0,11.0,2025-11,21.161831761256494,0.15799703534344836,23.75249473329329,0.06488232852156595
Dakhla-Oued Ed-Dahab,2025.0,11.0,2025-11,2.803973061095742,0.06444347826086957,30.33973809359914,0.24659248621123345
Tanger-Tétouan-Al Hoceima,2025.0,11.0,2025-11,107.36838841108397,0.40641338092269946,16.699905656136888,0.3226855388338407
Drâa-Tafilalet,2025.0,11.0,2025-11,21.492022062632447,0.15424692259510786,21.656001101361973,0.07960030192350949
Marrakech-Safi,2025.0,11.0,2025-11,29.941162288722435,0.18024593900348038,20.96640716261093,0.11182874829935782
l'Oriental,2025.0,11.0,2025-11,15.362665810817575,0.14770717756429522,18.363068413117002,0.14609516105501077
Béni Mellal-Khénifra,2025.0,11.0,2025-11,43.319627632387935,0.2516123156432446,18.485453129057415,0.12417072178686944
Casablanca-Settat,2025.0,11.0,2025-11,40.98580720702107,0.25850020373867605,22.053888822963813,0.16759350843683576
Rabat-Salé-Kénitra,2025.0,11.0,2025-11,91.24830796208578,0.3235267850007266,19.688333614290247,0.21302582956061
Fès-Meknès,2025.0,12.0,2025-12,125.42791132786442,0.2794923045507591,7.167233668962815,0.37236140911149884
Guelmim-Oued Noun,2025.0,12.0,2025-12,31.50660340407437,0.13351537627847246,18.859309558561346,0.21200932740862424
Laâyoune-Sakia El Hamra,2025.0,12.0,2025-12,26.98002327369366,0.11923033994071883,21.222192167214562,0.3055241364067761
Souss-Massa,2025.0,12.0,2025-12,47.59598394882478,0.18253409165235884,14.600654075175804,0.1986539003541862
Dakhla-Oued Ed-Dahab,2025.0,12.0,2025-12,4.284398725358948,0.14963478260869567,23.593485292543978,0.2610561897585821
Tanger-Tétouan-Al Hoceima,2025.0,12.0,2025-12,227.74134922698786,0.4790993044256624,9.8126223875204,0.5443828735907807
Drâa-Tafilalet,2025.0,12.0,2025-12,70.27224836553904,0.13639880672952237,11.033606404230076,0.25099666421400213
Marrakech-Safi,2025.0,12.0,2025-12,75.99393876957465,0.22137067189469398,11.691335693108252,0.272480320698262
l'Oriental,2025.0,12.0,2025-12,51.894225958000646,0.1584796064299933,9.144867452005387,0.3874357465345644
Béni Mellal-Khénifra,2025.0,12.0,2025-12,164.40564804170543,0.253504906643575,6.54075870422498,0.33420335047924943
Casablanca-Settat,2025.0,12.0,2025-12,115.68144737534,0.3953431616156264,13.004191241961143,0.35977370288256477
Rabat-Salé-Kénitra,2025.0,12.0,2025-12,219.75935423041003,0.4294312708885823,11.673137187454467,0.42811697059637105
Fès-Meknès,2026.0,1.0,2026-01,117.20876192020599,0.34719972107530717,7.669648881036791,0.48832162744767843
Guelmim-Oued Noun,2026.0,1.0,2026-01,19.835321255648584,0.15682488046339227,17.339077117635885,0.269532213284365
Laâyoune-Sakia El Hamra,2026.0,1.0,2026-01,7.484375075559954,0.11893134031122637,19.516099562010094,0.38722018501380434
Souss-Massa,2026.0,1.0,2026-01,47.176094025499985,0.20922322289965795,13.648801692487393,0.25009298451001166
Dakhla-Oued Ed-Dahab,2026.0,1.0,2026-01,0.4409732853552195,0.10243757763975156,21.464037049885604,0.31677697680315225
Tanger-Tétouan-Al Hoceima,2026.0,1.0,2026-01,276.34858987066104,0.5369445179668259,9.037966786736702,0.6423004534532764
Drâa-Tafilalet,2026.0,1.0,2026-01,48.221402626689475,0.13335299114305182,11.308520267503045,0.28474673179014165
Marrakech-Safi,2026.0,1.0,2026-01,83.6800722667146,0.31675430455313275,10.34775485035184,0.3618131385106898
l'Oriental,2026.0,1.0,2026-01,68.19101016712708,0.1672074399089627,8.770230244354293,0.3870726750110983
Béni Mellal-Khénifra,2026.0,1.0,2026-01,150.31089949006008,0.3199857549600381,6.209059638049349,0.4396374567814109
Casablanca-Settat,2026.0,1.0,2026-01,135.95291922011378,0.5764247447658133,11.496004357877977,0.5429670609743643
Rabat-Salé-Kénitra,2026.0,1.0,2026-01,195.82195860316466,0.5456444993120738,11.283309634239707,0.5506904639027896
Fès-Meknès,2026.0,2.0,2026-02,80.4622665964669,0.39018840600035903,12.75605539811618,0.2910079316455077
Guelmim-Oued Noun,2026.0,2.0,2026-02,8.722356193788917,0.2529483474348582,21.632747617079957,0.1859537584261456
Laâyoune-Sakia El Hamra,2026.0,2.0,2026-02,3.119655408573947,0.11985496480177844,22.903216124958444,0.3093623689517035
Souss-Massa,2026.0,2.0,2026-02,24.688736699956312,0.2662312053972928,19.09536515564071,0.15277817098520866
Dakhla-Oued Ed-Dahab,2026.0,2.0,2026-02,1.602131980383739,0.13008416149068325,24.70975081668429,0.21043881257766775
Tanger-Tétouan-Al Hoceima,2026.0,2.0,2026-02,190.67645897965002,0.5583519578946334,13.47105160028304,0.486073647308349
Drâa-Tafilalet,2026.0,2.0,2026-02,29.552557053270384,0.14720744730885038,18.04290877694813,0.12387678473016404
Marrakech-Safi,2026.0,2.0,2026-02,36.276774894965065,0.4573919896544371,15.616523090557711,0.31009237668932516
l'Oriental,2026.0,2.0,2026-02,39.96636928062174,0.18511997708859623,15.56129803007795,0.17314023597736888
Béni Mellal-Khénifra,2026.0,2.0,2026-02,70.92216303869544,0.4072545544533249,11.551551290472066,0.28056386815879086
Casablanca-Settat,2026.0,2.0,2026-02,55.049656899113856,0.6861310172249953,14.606815257346701,0.5533029119239773
Rabat-Salé-Kénitra,2026.0,2.0,2026-02,100.96134224080107,0.5818538375953097,14.242091906940326,0.4675393103472868
Fès-Meknès,2026.0,3.0,2026-03,67.8977288142741,0.4315540482227809,16.728108948974945,0.279383507575425
Guelmim-Oued Noun,2026.0,3.0,2026-03,9.277610570227019,0.2883343067787504,26.246327495581834,0.14368068074104567
Laâyoune-Sakia El Hamra,2026.0,3.0,2026-03,5.118430741186089,0.12146747869581331,26.763673706601583,0.2765693802671974
Souss-Massa,2026.0,3.0,2026-03,48.81071756931777,0.3017468402887278,23.18578634430869,0.12286272721996759
Dakhla-Oued Ed-Dahab,2026.0,3.0,2026-03,0.632310108539709,0.14259285714285713,28.141031621512447,0.2921302944132583
Tanger-Tétouan-Al Hoceima,2026.0,3.0,2026-03,95.76956726166388,0.5960796687536483,17.405514496191813,0.410169337750323
Drâa-Tafilalet,2026.0,3.0,2026-03,57.234325832512816,0.15989188182677294,21.526871278563565,0.12339788734403133
Marrakech-Safi,2026.0,3.0,2026-03,81.03676310360534,0.5168142251905061,19.49845448624177,0.2938224515897864
l'Oriental,2026.0,3.0,2026-03,43.13226682307357,0.20913883574963923,18.481733098599396,0.1857641459015641
Béni Mellal-Khénifra,2026.0,3.0,2026-03,97.0320432418693,0.47038476662423684,17.246120335436217,0.27348156039987725
Casablanca-Settat,2026.0,3.0,2026-03,63.25708483911236,0.6933344034882357,19.43037054238193,0.5046361191801958
Rabat-Salé-Kénitra,2026.0,3.0,2026-03,82.45397010537046,0.629472982429849,19.584895301793296,0.4293462558376973
Fès-Meknès,2026.0,4.0,2026-04,44.20470246759434,0.43517017469257724,21.979263372834417,0.25068047061206367
Guelmim-Oued Noun,2026.0,4.0,2026-04,6.154261830648819,0.22266978296705794,29.61682491521896,0.16388136494676944
Laâyoune-Sakia El Hamra,2026.0,4.0,2026-04,3.5722859192369865,0.11938116432011855,30.455698712243997,0.30041661943681613
Souss-Massa,2026.0,4.0,2026-04,23.71364393076299,0.2642126518390035,28.80204151423061,0.10426866115893553
Dakhla-Oued Ed-Dahab,2026.0,4.0,2026-04,0.21567335166721827,0.04598695652173913,31.357328621957947,0.2753388694078969
Tanger-Tétouan-Al Hoceima,2026.0,4.0,2026-04,57.56810581389582,0.5889434394287075,20.56287724643114,0.4360174760309767
Drâa-Tafilalet,2026.0,4.0,2026-04,25.350330323292045,0.17716354530669637,29.06746760047759,0.06774462445924748
Marrakech-Safi,2026.0,4.0,2026-04,35.455595801813494,0.3921851828074411,23.463425859289135,0.20285265209730946
l'Oriental,2026.0,4.0,2026-04,37.10943507848862,0.2189875916734363,24.840233739474133,0.13561679944840427
Béni Mellal-Khénifra,2026.0,4.0,2026-04,62.3783216935105,0.4457756379814696,22.740279255197308,0.21834169935378145
Casablanca-Settat,2026.0,4.0,2026-04,32.79554712542026,0.4828734209742745,24.50052844214397,0.3272854058076828
Rabat-Salé-Kénitra,2026.0,4.0,2026-04,40.33202895788094,0.5595502481767075,23.903923995844906,0.36961958611328294
Fès-Meknès,2026.0,5.0,2026-05,19.666405799261213,0.3494023974508571,28.385619016808104,0.16562978271082068
Guelmim-Oued Noun,2026.0,5.0,2026-05,3.46217583553955,0.1744443874716527,34.92971973127787,0.11796602878147759
Laâyoune-Sakia El Hamra,2026.0,5.0,2026-05,1.2891888840771932,0.11473519822156357,34.36468139480864,0.29461981976909046
Souss-Massa,2026.0,5.0,2026-05,10.542538554662832,0.21679841795437788,34.89719762812701,0.06627942001956753
Dakhla-Oued Ed-Dahab,2026.0,5.0,2026-05,0.086311071502459,0.14255683229813665,34.202444181060535,0.2790284253470878
Tanger-Tétouan-Al Hoceima,2026.0,5.0,2026-05,9.636635254765451,0.5086945022137578,25.867409214633525,0.31342994430615445
Drâa-Tafilalet,2026.0,5.0,2026-05,29.437028257492326,0.17973604162545892,34.45537207131277,0.05725323943132139
Marrakech-Safi,2026.0,5.0,2026-05,11.206537842739003,0.27214085008661076,31.188403638965138,0.10673863890898246
l'Oriental,2026.0,5.0,2026-05,22.670447302863334,0.19342802874014936,30.990348062681633,0.0934685551591122
Béni Mellal-Khénifra,2026.0,5.0,2026-05,25.687134780724556,0.336995448147559,29.300114897582034,0.13763097499769392
Casablanca-Settat,2026.0,5.0,2026-05,7.4618952942457355,0.2974963331117157,31.79446189414247,0.1476081490700936
Rabat-Salé-Kénitra,2026.0,5.0,2026-05,9.50602479523743,0.39133381924860255,29.939413293665297,0.19713614909716948
Fès-Meknès,2026.0,6.0,2026-06,16.049322722638742,0.27213589298536917,34.07324476231087,0.08563970237893688
Guelmim-Oued Noun,2026.0,6.0,2026-06,0.8412728777599019,0.15079571762948665,35.568237757776764,0.17344100234891438
Laâyoune-Sakia El Hamra,2026.0,6.0,2026-06,0.5630721951349245,0.11332292978881069,33.744440524676506,0.6114186732315852
Souss-Massa,2026.0,6.0,2026-06,2.9279592303090927,0.19710519298491527,38.76964253337465,0.05173404769818751
Dakhla-Oued Ed-Dahab,2026.0,6.0,2026-06,0.42597375587279784,0.1111192546583851,34.32310308297701,0.3273352556011053
Tanger-Tétouan-Al Hoceima,2026.0,6.0,2026-06,4.586035507358422,0.42744149881062465,31.653209239605477,0.20864074126295604
Drâa-Tafilalet,2026.0,6.0,2026-06,11.138878119560589,0.16477146392386977,39.98231838136447,0.024333099301689674
Marrakech-Safi,2026.0,6.0,2026-06,2.9159026973124216,0.23024821917194715,34.67364846828188,0.07910461584858233
l'Oriental,2026.0,6.0,2026-06,11.81135818839362,0.1661719422168746,37.40012155249896,0.04584662522172502
Béni Mellal-Khénifra,2026.0,6.0,2026-06,10.03334310847495,0.276118011272536,34.700288618693406,0.06695996376985625
Casablanca-Settat,2026.0,6.0,2026-06,1.8333364543813275,0.2545952311808663,35.0287115412157,0.1277202886412998
Rabat-Salé-Kénitra,2026.0,6.0,2026-06,3.3050389725135028,0.3238670694713135,34.299273103768854,0.1284629273366263
Fès-Meknès,2026.0,7.0,2026-07,,0.24074213872183822,35.84543170014215,0.023128628145960985
Guelmim-Oued Noun,2026.0,7.0,2026-07,,0.14301258390331434,37.70861433517601,0.0746669471979289
Laâyoune-Sakia El Hamra,2026.0,7.0,2026-07,,0.11072373101148575,34.615212440043514,0.5063778088757431
Souss-Massa,2026.0,7.0,2026-07,,0.18579010441157157,38.81658961520507,0.0224673057737353
Dakhla-Oued Ed-Dahab,2026.0,7.0,2026-07,,0.0823913043478261,35.05574096048442,0.25668860777466396
Tanger-Tétouan-Al Hoceima,2026.0,7.0,2026-07,,0.37189513775856003,32.511348516252546,0.11621478989302109
Drâa-Tafilalet,2026.0,7.0,2026-07,,0.15191942133139916,40.211192968514496,0.005807274090331951
Marrakech-Safi,2026.0,7.0,2026-07,,0.21702900490614316,35.191376941119536,0.035233338600164775
l'Oriental,2026.0,7.0,2026-07,,0.15541261342343687,39.72035356804267,0.006396217708982898
Béni Mellal-Khénifra,2026.0,7.0,2026-07,,0.2484031954151012,35.69410784059148,0.021933290057021323
Casablanca-Settat,2026.0,7.0,2026-07,,0.237850402786672,35.015351201314914,0.0680914425090567
Rabat-Salé-Kénitra,2026.0,7.0,2026-07,,0.2921131447126411,34.03740769427035,0.07874168801112633
Fès-Meknès,2026.0,8.0,2026-08,,0.0,0.0,0.0
Guelmim-Oued Noun,2026.0,8.0,2026-08,,0.0,0.0,0.0
Laâyoune-Sakia El Hamra,2026.0,8.0,2026-08,,0.0,0.0,0.0
Souss-Massa,2026.0,8.0,2026-08,,0.0,0.0,0.0
Dakhla-Oued Ed-Dahab,2026.0,8.0,2026-08,,0.0,0.0,0.0
Tanger-Tétouan-Al Hoceima,2026.0,8.0,2026-08,,0.0,0.0,0.0
Drâa-Tafilalet,2026.0,8.0,2026-08,,0.0,0.0,0.0
Marrakech-Safi,2026.0,8.0,2026-08,,0.0,0.0,0.0
l'Oriental,2026.0,8.0,2026-08,,0.0,0.0,0.0
Béni Mellal-Khénifra,2026.0,8.0,2026-08,,0.0,0.0,0.0
Casablanca-Settat,2026.0,8.0,2026-08,,0.0,0.0,0.0
Rabat-Salé-Kénitra,2026.0,8.0,2026-08,,0.0,0.0,0.0
